kernel,source,source_token,standalone_c,fixture_scalar_types,fixture_shape_macros,operation_summary,reviewed_semantic_family,current_match,current_match_scope,linalg_ops,residual_loops,closest_library,closest_api,relationship,whole_kernel_coverage,semantic_constraints,rank_layout_constraints,required_compiler_work,confidence,priority,notes,evidence_url,alternative_libraries,current_backend_support,compiler_gap_class
aten_adaptive_avg_pool2d,aten/src/ATen/native/AdaptiveAveragePooling.cpp,adaptive_avg_pool2d,issues/aten_c_kernels/aten_adaptive_avg_pool2d.c,float,B=2; C=4; H=8; W=8; OH=4; OW=4,adaptive_pooling: adaptive_avg_pool2d,adaptive_pooling,,NONE,2,0,cuDNN,regular Resample/pooling,SUBSET_WITH_CONSTRAINTS,only divisible regular-window cases,adaptive bin boundaries generally vary by output index; max indices/ties must match,only cases reducible to a fixed window and stride,prove regular-window specialization; otherwise no one-call library route,HIGH,LOW,,https://docs.nvidia.com/deeplearning/cudnn/latest/index.html,NPP for compatible 2D image cases; implicit-GEMM via cuBLAS/CUTLASS for convolution,RELATED_CUDNN_WRAPPERS_PRESENT_NEED_GENERALIZATION,LEGALITY_SPECIALIZATION_AND_BACKEND
aten_adaptive_avg_pool2d_backward_cpu,aten/src/ATen/native/cpu/AdaptiveAvgPoolKernel.cpp,adapative_avg_pool2d_backward_kernel_impl,issues/aten_c_kernels/aten_adaptive_avg_pool2d_backward_cpu.c,float,B=1; C=2; I0=6; O0=3; I1=7; O1=3,adaptive_pooling: adapative_avg_pool2d_backward_kernel_impl,adaptive_pooling,memset_zero_1D_f32,PARTIAL_STAGE_ONLY,1,5,cuDNN,regular Resample/pooling,SUBSET_WITH_CONSTRAINTS,only divisible regular-window cases,adaptive bin boundaries generally vary by output index; max indices/ties must match,only cases reducible to a fixed window and stride,finish raising residual loops; then prove regular-window specialization; otherwise no one-call library route,HIGH,LOW,,https://docs.nvidia.com/deeplearning/cudnn/latest/index.html,NPP for compatible 2D image cases; implicit-GEMM via cuBLAS/CUTLASS for convolution,RELATED_CUDNN_WRAPPERS_PRESENT_NEED_GENERALIZATION,RAISING_THEN_LIBRARY_LOWERING
aten_adaptive_avg_pool2d_cpu,aten/src/ATen/native/cpu/AdaptiveAvgPoolKernel.cpp,adaptive_avg_pool2d_kernel_impl,issues/aten_c_kernels/aten_adaptive_avg_pool2d_cpu.c,float,B=1; C=2; I0=6; O0=3; I1=7; O1=3,adaptive_pooling: adaptive_avg_pool2d_kernel_impl,adaptive_pooling,,NONE,1,5,cuDNN,regular Resample/pooling,SUBSET_WITH_CONSTRAINTS,only divisible regular-window cases,adaptive bin boundaries generally vary by output index; max indices/ties must match,only cases reducible to a fixed window and stride,finish raising residual loops; then prove regular-window specialization; otherwise no one-call library route,HIGH,LOW,,https://docs.nvidia.com/deeplearning/cudnn/latest/index.html,NPP for compatible 2D image cases; implicit-GEMM via cuBLAS/CUTLASS for convolution,RELATED_CUDNN_WRAPPERS_PRESENT_NEED_GENERALIZATION,RAISING_THEN_LIBRARY_LOWERING
aten_adaptive_avg_pool3d,aten/src/ATen/native/AdaptiveAveragePooling3d.cpp,adaptive_avg_pool3d,issues/aten_c_kernels/aten_adaptive_avg_pool3d.c,float,B=2; C=3; D=8; H=8; W=8,adaptive_pooling: adaptive_avg_pool3d,adaptive_pooling,,NONE,2,0,cuDNN,regular Resample/pooling,SUBSET_WITH_CONSTRAINTS,only divisible regular-window cases,adaptive bin boundaries generally vary by output index; max indices/ties must match,only cases reducible to a fixed window and stride,prove regular-window specialization; otherwise no one-call library route,HIGH,LOW,,https://docs.nvidia.com/deeplearning/cudnn/latest/index.html,NPP for compatible 2D image cases; implicit-GEMM via cuBLAS/CUTLASS for convolution,RELATED_CUDNN_WRAPPERS_PRESENT_NEED_GENERALIZATION,LEGALITY_SPECIALIZATION_AND_BACKEND
aten_adaptive_avg_pool3d_backward_cpu,aten/src/ATen/native/cpu/AdaptiveAvgPoolKernel.cpp,adapative_avg_pool3d_backward_kernel_impl,issues/aten_c_kernels/aten_adaptive_avg_pool3d_backward_cpu.c,float,B=1; C=2; I0=6; O0=3; I1=7; O1=3; I2=8; O2=3,adaptive_pooling: adapative_avg_pool3d_backward_kernel_impl,adaptive_pooling,memset_zero_1D_f32,PARTIAL_STAGE_ONLY,1,7,cuDNN,regular Resample/pooling,SUBSET_WITH_CONSTRAINTS,only divisible regular-window cases,adaptive bin boundaries generally vary by output index; max indices/ties must match,only cases reducible to a fixed window and stride,finish raising residual loops; then prove regular-window specialization; otherwise no one-call library route,HIGH,LOW,,https://docs.nvidia.com/deeplearning/cudnn/latest/index.html,NPP for compatible 2D image cases; implicit-GEMM via cuBLAS/CUTLASS for convolution,RELATED_CUDNN_WRAPPERS_PRESENT_NEED_GENERALIZATION,RAISING_THEN_LIBRARY_LOWERING
aten_adaptive_avg_pool3d_cpu,aten/src/ATen/native/cpu/AdaptiveAvgPoolKernel.cpp,adaptive_avg_pool3d_kernel_impl,issues/aten_c_kernels/aten_adaptive_avg_pool3d_cpu.c,float,B=1; C=2; I0=6; O0=3; I1=7; O1=3; I2=8; O2=3,adaptive_pooling: adaptive_avg_pool3d_kernel_impl,adaptive_pooling,,NONE,0,7,cuDNN,regular Resample/pooling,SUBSET_WITH_CONSTRAINTS,only divisible regular-window cases,adaptive bin boundaries generally vary by output index; max indices/ties must match,only cases reducible to a fixed window and stride,finish raising residual loops; then prove regular-window specialization; otherwise no one-call library route,HIGH,LOW,,https://docs.nvidia.com/deeplearning/cudnn/latest/index.html,NPP for compatible 2D image cases; implicit-GEMM via cuBLAS/CUTLASS for convolution,RELATED_CUDNN_WRAPPERS_PRESENT_NEED_GENERALIZATION,RAISING_THEN_LIBRARY_LOWERING
aten_adaptive_max_pool1d_cpu,aten/src/ATen/native/Pooling.cpp,adaptive_max_pool1d,issues/aten_c_kernels/aten_adaptive_max_pool1d_cpu.c,float/int,C=4; I=32; O=7,adaptive_pooling: adaptive_max_pool1d,adaptive_pooling,,NONE,0,3,cuDNN,regular Resample/pooling,SUBSET_WITH_CONSTRAINTS,only divisible regular-window cases,adaptive bin boundaries generally vary by output index; max indices/ties must match,only cases reducible to a fixed window and stride,finish raising residual loops; then prove regular-window specialization; otherwise no one-call library route,HIGH,LOW,,https://docs.nvidia.com/deeplearning/cudnn/latest/index.html,NPP for compatible 2D image cases; implicit-GEMM via cuBLAS/CUTLASS for convolution,RELATED_CUDNN_WRAPPERS_PRESENT_NEED_GENERALIZATION,RAISING_THEN_LIBRARY_LOWERING
aten_adaptive_max_pool2d_backward_cpu,aten/src/ATen/native/cpu/AdaptiveMaxPoolKernel.cpp,adaptive_max_pool2d_backward_kernel_impl,issues/aten_c_kernels/aten_adaptive_max_pool2d_backward_cpu.c,float/int,B=1; C=2; I0=6; O0=3; I1=7; O1=3,adaptive_pooling: adaptive_max_pool2d_backward_kernel_impl,adaptive_pooling,memset_zero_1D_f32,PARTIAL_STAGE_ONLY,1,3,cuDNN,regular Resample/pooling,SUBSET_WITH_CONSTRAINTS,only divisible regular-window cases,adaptive bin boundaries generally vary by output index; max indices/ties must match,only cases reducible to a fixed window and stride,finish raising residual loops; then prove regular-window specialization; otherwise no one-call library route,HIGH,LOW,,https://docs.nvidia.com/deeplearning/cudnn/latest/index.html,NPP for compatible 2D image cases; implicit-GEMM via cuBLAS/CUTLASS for convolution,RELATED_CUDNN_WRAPPERS_PRESENT_NEED_GENERALIZATION,RAISING_THEN_LIBRARY_LOWERING
aten_adaptive_max_pool2d_cpu,aten/src/ATen/native/cpu/AdaptiveMaxPoolKernel.cpp,adaptive_max_pool2d_kernel_impl,issues/aten_c_kernels/aten_adaptive_max_pool2d_cpu.c,float/int,B=1; C=2; I0=6; O0=3; I1=7; O1=3,adaptive_pooling: adaptive_max_pool2d_kernel_impl,adaptive_pooling,,NONE,0,5,cuDNN,regular Resample/pooling,SUBSET_WITH_CONSTRAINTS,only divisible regular-window cases,adaptive bin boundaries generally vary by output index; max indices/ties must match,only cases reducible to a fixed window and stride,finish raising residual loops; then prove regular-window specialization; otherwise no one-call library route,HIGH,LOW,,https://docs.nvidia.com/deeplearning/cudnn/latest/index.html,NPP for compatible 2D image cases; implicit-GEMM via cuBLAS/CUTLASS for convolution,RELATED_CUDNN_WRAPPERS_PRESENT_NEED_GENERALIZATION,RAISING_THEN_LIBRARY_LOWERING
aten_adaptive_max_pool3d_backward_cpu,aten/src/ATen/native/cpu/AdaptiveMaxPoolKernel.cpp,adaptive_max_pool3d_backward_kernel_impl,issues/aten_c_kernels/aten_adaptive_max_pool3d_backward_cpu.c,float/int,B=1; C=2; I0=6; O0=3; I1=7; O1=3; I2=8; O2=3,adaptive_pooling: adaptive_max_pool3d_backward_kernel_impl,adaptive_pooling,memset_zero_1D_f32,PARTIAL_STAGE_ONLY,1,4,cuDNN,regular Resample/pooling,SUBSET_WITH_CONSTRAINTS,only divisible regular-window cases,adaptive bin boundaries generally vary by output index; max indices/ties must match,only cases reducible to a fixed window and stride,finish raising residual loops; then prove regular-window specialization; otherwise no one-call library route,HIGH,LOW,,https://docs.nvidia.com/deeplearning/cudnn/latest/index.html,NPP for compatible 2D image cases; implicit-GEMM via cuBLAS/CUTLASS for convolution,RELATED_CUDNN_WRAPPERS_PRESENT_NEED_GENERALIZATION,RAISING_THEN_LIBRARY_LOWERING
aten_adaptive_max_pool3d_cpu,aten/src/ATen/native/cpu/AdaptiveMaxPoolKernel.cpp,adaptive_max_pool3d_kernel_impl,issues/aten_c_kernels/aten_adaptive_max_pool3d_cpu.c,float/int,B=1; C=2; I0=6; O0=3; I1=7; O1=3; I2=8; O2=3,adaptive_pooling: adaptive_max_pool3d_kernel_impl,adaptive_pooling,,NONE,0,7,cuDNN,regular Resample/pooling,SUBSET_WITH_CONSTRAINTS,only divisible regular-window cases,adaptive bin boundaries generally vary by output index; max indices/ties must match,only cases reducible to a fixed window and stride,finish raising residual loops; then prove regular-window specialization; otherwise no one-call library route,HIGH,LOW,,https://docs.nvidia.com/deeplearning/cudnn/latest/index.html,NPP for compatible 2D image cases; implicit-GEMM via cuBLAS/CUTLASS for convolution,RELATED_CUDNN_WRAPPERS_PRESENT_NEED_GENERALIZATION,RAISING_THEN_LIBRARY_LOWERING
aten_adaptive_max_pool3d_legacy_backward_cpu,aten/src/ATen/native/AdaptiveMaxPooling3d.cpp,adaptive_max_pool3d_backward_out_frame,issues/aten_c_kernels/aten_adaptive_max_pool3d_legacy_backward_cpu.c,float/int,C=2; ID=8; IH=9; IW=10; OD=3; OH=4; OW=5,adaptive_pooling: adaptive_max_pool3d_backward_frame,adaptive_pooling,,NONE,0,5,cuDNN,regular Resample/pooling,SUBSET_WITH_CONSTRAINTS,only divisible regular-window cases,adaptive bin boundaries generally vary by output index; max indices/ties must match,only cases reducible to a fixed window and stride,finish raising residual loops; then prove regular-window specialization; otherwise no one-call library route,HIGH,LOW,,https://docs.nvidia.com/deeplearning/cudnn/latest/index.html,NPP for compatible 2D image cases; implicit-GEMM via cuBLAS/CUTLASS for convolution,RELATED_CUDNN_WRAPPERS_PRESENT_NEED_GENERALIZATION,RAISING_THEN_LIBRARY_LOWERING
aten_adaptive_max_pool3d_legacy_cpu,aten/src/ATen/native/AdaptiveMaxPooling3d.cpp,adaptive_max_pool3d_out_frame,issues/aten_c_kernels/aten_adaptive_max_pool3d_legacy_cpu.c,float/int,C=2; ID=8; IH=9; IW=10; OD=3; OH=4; OW=5,adaptive_pooling: adaptive_max_pool3d_frame,adaptive_pooling,,NONE,0,7,cuDNN,regular Resample/pooling,SUBSET_WITH_CONSTRAINTS,only divisible regular-window cases,adaptive bin boundaries generally vary by output index; max indices/ties must match,only cases reducible to a fixed window and stride,finish raising residual loops; then prove regular-window specialization; otherwise no one-call library route,HIGH,LOW,,https://docs.nvidia.com/deeplearning/cudnn/latest/index.html,NPP for compatible 2D image cases; implicit-GEMM via cuBLAS/CUTLASS for convolution,RELATED_CUDNN_WRAPPERS_PRESENT_NEED_GENERALIZATION,RAISING_THEN_LIBRARY_LOWERING
aten_add_clamp,aten/src/ATen/native/cpu/BinaryOpsKernel.cpp,add_clamp_kernel,issues/aten_c_kernels/aten_add_clamp.c,float,N=4096,pointwise: add_clamp_kernel,pointwise,,NONE,1,0,cuDNN,Pointwise operation graph,EXACT_GRAPH_IF_SUPPORTED,whole if every node is supported,"rounding mode, integer division/modulo, NaN/signed-zero and backward formula must agree",broadcastable regular strides and cuDNN-supported data types/alignment,provenance-preserving expression DAG extraction + cuDNN graph backend,HIGH,HIGH,,https://docs.nvidia.com/deeplearning/cudnn/latest/index.html,cuTENSOR for its fixed unary/binary operator subset; NPP for flat supported signals; Thrust transform,GENERAL_CUDNN_GRAPH_BACKEND_ABSENT,SEMANTIC_MATCHER_AND_LIBRARY_BACKEND
aten_addcdiv,aten/src/ATen/native/cpu/PointwiseOpsKernel.cpp,addcdiv_cpu,issues/aten_c_kernels/aten_addcdiv.c,float,N=4096,pointwise_reduction_formula: addcdiv,pointwise_reduction_formula,,NONE,1,0,cuDNN,pointwise operations + reduction operation graph,EXACT_GRAPH_IF_SUPPORTED,whole if graph accepted,"body operations, NaN policy, reduction identity and reassociation must match",cuDNN supported modes/types/layout/alignment; fusion engines do not accept every arbitrary graph,extract expression DAG + graph legality/cost check + cuDNN plan lowering,HIGH,MEDIUM,,https://docs.nvidia.com/deeplearning/cudnn/latest/index.html,cuTENSOR for its fixed unary/binary operator subset; NPP for flat supported signals; Thrust transform,GENERAL_CUDNN_GRAPH_BACKEND_ABSENT,SEMANTIC_MATCHER_AND_LIBRARY_BACKEND
aten_addcmul,aten/src/ATen/native/cpu/PointwiseOpsKernel.cpp,addcmul_cpu,issues/aten_c_kernels/aten_addcmul.c,float,N=4096,pointwise_reduction_formula: addcmul,pointwise_reduction_formula,,NONE,1,0,cuDNN,pointwise operations + reduction operation graph,EXACT_GRAPH_IF_SUPPORTED,whole if graph accepted,"body operations, NaN policy, reduction identity and reassociation must match",cuDNN supported modes/types/layout/alignment; fusion engines do not accept every arbitrary graph,extract expression DAG + graph legality/cost check + cuDNN plan lowering,HIGH,MEDIUM,,https://docs.nvidia.com/deeplearning/cudnn/latest/index.html,cuTENSOR for its fixed unary/binary operator subset; NPP for flat supported signals; Thrust transform,GENERAL_CUDNN_GRAPH_BACKEND_ABSENT,SEMANTIC_MATCHER_AND_LIBRARY_BACKEND
aten_addr_elementwise,aten/src/ATen/native/cpu/LinearAlgebraKernel.cpp,addr_kernel,issues/aten_c_kernels/aten_addr_elementwise.c,float,N=4096,pointwise_reduction_formula: addr_kernel,pointwise_reduction_formula,,NONE,1,0,cuDNN,pointwise operations + reduction operation graph,EXACT_GRAPH_IF_SUPPORTED,whole if graph accepted,"body operations, NaN policy, reduction identity and reassociation must match",cuDNN supported modes/types/layout/alignment; fusion engines do not accept every arbitrary graph,extract expression DAG + graph legality/cost check + cuDNN plan lowering,HIGH,MEDIUM,,https://docs.nvidia.com/deeplearning/cudnn/latest/index.html,cuTENSOR for its fixed unary/binary operator subset; NPP for flat supported signals; Thrust transform,GENERAL_CUDNN_GRAPH_BACKEND_ABSENT,SEMANTIC_MATCHER_AND_LIBRARY_BACKEND
aten_airy_ai,aten/src/ATen/native/cpu/airy_ai.cpp,airy_ai_kernel,issues/aten_c_kernels/aten_airy_ai.c,float,N=4096,special_function: airy_ai_kernel,special_function,,NONE,1,0,none,no public whole-tensor NVIDIA library operation,NO_PUBLIC_LIBRARY_EQUIVALENT,none,scalar CUDA math/libdevice or recurrences are not a host-callable tensor library implementation,not applicable,retain raised code or permit a generated/custom GPU kernel,HIGH,NONE,A scalar device function may exist; that is not a link-only tensor-library lowering.,,scalar CUDA math/libdevice or generated kernel (not a link-only tensor API),NO_PUBLIC_LIBRARY_BACKEND_POSSIBLE,NO_LINK_ONLY_LIBRARY_ROUTE
aten_allany_dims_cpu,aten/src/ATen/native/ReduceOps.cpp,allany_dims_default,issues/aten_c_kernels/aten_allany_dims_cpu.c,int,R=32; C=64,boolean_reduction: allany_dims_default,boolean_reduction,,NONE,2,0,cuDNN,pointwise operations + reduction operation graph,EXACT_GRAPH_IF_SUPPORTED,whole if graph accepted,"body operations, NaN policy, reduction identity and reassociation must match",cuDNN supported modes/types/layout/alignment; fusion engines do not accept every arbitrary graph,extract expression DAG + graph legality/cost check + cuDNN plan lowering,HIGH,MEDIUM,,https://docs.nvidia.com/deeplearning/cudnn/latest/index.html,CUB segmented/device reduction; cuDNN graph; NPP flat-signal statistics,GENERAL_CUDNN_GRAPH_BACKEND_ABSENT,SEMANTIC_MATCHER_AND_LIBRARY_BACKEND
aten_aminmax_allreduce_cpu,aten/src/ATen/native/cpu/ReduceAllOpsKernel.cpp,aminmax_allreduce_kernel,issues/aten_c_kernels/aten_aminmax_allreduce_cpu.c,float,N=4096,reduction: aminmax_allreduce_kernel,reduction,,NONE,1,0,cuTENSOR,two cutensorCreateReduction plans (MIN and MAX),BUILDING_BLOCKS_ONLY,whole through two calls,ATen returns both extrema; NaN behavior and reduction reassociation must agree,regular affine tensor modes and supported floating data/compute type,recognize paired extrema and emit/cache two cuTENSOR plans,HIGH,MEDIUM,,https://docs.nvidia.com/cuda/cutensor/latest/api/cutensor.html,CUB segmented/device reduction; cuDNN graph; NPP flat-signal statistics,GENERAL_CUTENSOR_BACKEND_ABSENT_CUTENSORNET_IS_NOT_EQUIVALENT,MULTI_CALL_COMPOSITION_NOT_MATCHER_ONLY
aten_aminmax_cpu,aten/src/ATen/native/cpu/TensorCompareKernel.cpp,aminmax_kernel,issues/aten_c_kernels/aten_aminmax_cpu.c,float,N=4096,reduction: aminmax_kernel,reduction,,NONE,2,0,cuTENSOR,two cutensorCreateReduction plans (MIN and MAX),BUILDING_BLOCKS_ONLY,whole through two calls,ATen returns both extrema; NaN behavior and reduction reassociation must agree,regular affine tensor modes and supported floating data/compute type,recognize paired extrema and emit/cache two cuTENSOR plans,HIGH,MEDIUM,,https://docs.nvidia.com/cuda/cutensor/latest/api/cutensor.html,CUB segmented/device reduction; cuDNN graph; NPP flat-signal statistics,GENERAL_CUTENSOR_BACKEND_ABSENT_CUTENSORNET_IS_NOT_EQUIVALENT,MULTI_CALL_COMPOSITION_NOT_MATCHER_ONLY
aten_amp_update_scale_cpu,aten/src/ATen/native/cpu/AmpGradScalerKernels.cpp,_amp_update_scale_cpu_kernel,issues/aten_c_kernels/aten_amp_update_scale_cpu.c,float/int,,conditional_scalar_update: _amp_update_scale_kernel,conditional_scalar_update,,NONE,0,0,cuDNN,pointwise/reduction/matmul operation graph,BUILDING_BLOCKS_ONLY,arithmetic stages,"complete formula, index/label rules, state mutation, reductions and backward outputs",only graph nodes/layouts supported by cuDNN,extract and partition expression/stage graph; validate plan or keep raised code,HIGH,LOW,,https://docs.nvidia.com/deeplearning/cudnn/latest/index.html,none identified with stronger whole-kernel semantics,GENERAL_CUDNN_GRAPH_BACKEND_ABSENT,MULTI_CALL_COMPOSITION_NOT_MATCHER_ONLY
aten_and_reduce_cpu,aten/src/ATen/native/cpu/ReduceOpsKernel.cpp,and_kernel_impl,issues/aten_c_kernels/aten_and_reduce_cpu.c,int,R=32; K=64,reduction: and_kernel_impl,reduction,,NONE,2,0,CUB/Thrust,DeviceReduce with logical/bitwise operator,SUBSET_WITH_CONSTRAINTS,whole for a flat/segmented supported type,"logical versus bitwise interpretation, identity, integer type and empty input",flattened contiguous range or explicit tensor-axis segments,CUB reduction backend + boolean/integer semantic matcher,HIGH,MEDIUM,,https://nvidia.github.io/cccl/unstable/cub/api/device.html,CUB segmented/device reduction; cuDNN graph; NPP flat-signal statistics,LIBRARY_BACKEND_ABSENT,LEGALITY_SPECIALIZATION_AND_BACKEND
aten_angle_complex_scalarized,aten/src/ATen/native/cpu/UnaryOpsKernel.cpp,angle_kernel,issues/aten_c_kernels/aten_angle_complex_scalarized.c,float,N=4096,complex_layout: angle_kernel,complex_layout,,NONE,1,0,cuTENSOR,cutensorPermute with CONJ/IDENTITY,SUBSET_WITH_CONSTRAINTS,conjugate/permutation stage,angle/sign/conjugate-symmetry fill may contain formulas or overlapping writes,regular complex FP32/FP64 tensors and affine permutation,split pure conjugate/permutation stages; compose remaining work,HIGH,MEDIUM,,https://docs.nvidia.com/cuda/cutensor/latest/api/cutensor.html,none identified with stronger whole-kernel semantics,GENERAL_CUTENSOR_BACKEND_ABSENT_CUTENSORNET_IS_NOT_EQUIVALENT,LEGALITY_SPECIALIZATION_AND_BACKEND
aten_angle_real,aten/src/ATen/native/cpu/UnaryOpsKernel.cpp,angle_kernel,issues/aten_c_kernels/aten_angle_real.c,float,N=4096,pointwise_reduction_formula: angle_kernel,pointwise_reduction_formula,,NONE,1,0,cuDNN,pointwise operations + reduction operation graph,EXACT_GRAPH_IF_SUPPORTED,whole if graph accepted,"body operations, NaN policy, reduction identity and reassociation must match",cuDNN supported modes/types/layout/alignment; fusion engines do not accept every arbitrary graph,extract expression DAG + graph legality/cost check + cuDNN plan lowering,HIGH,MEDIUM,,https://docs.nvidia.com/deeplearning/cudnn/latest/index.html,cuTENSOR for its fixed unary/binary operator subset; NPP for flat supported signals; Thrust transform,GENERAL_CUDNN_GRAPH_BACKEND_ABSENT,SEMANTIC_MATCHER_AND_LIBRARY_BACKEND
aten_arange_cpu,aten/src/ATen/native/cpu/RangeFactoriesKernel.cpp,arange_kernel,issues/aten_c_kernels/aten_arange_cpu.c,float,N=4096,tensor_initialization: arange_kernel,tensor_initialization,,NONE,1,0,CUB/Thrust,cudaMemcpy*/Memset or Thrust fill/sequence/transform,BUILDING_BLOCKS_ONLY,regular contiguous stages,"concatenation, combinations, diagonal/mask/index formulas need multiple calls or transforms",contiguous/regular pitched copies; arbitrary indexing is not memcpy,shape specialization and multi-call composition,HIGH,LOW,,https://nvidia.github.io/cccl/unstable/cub/api/device.html,cuTENSOR/cuDNN only when the indexing operation specializes to a regular affine tensor op,LIBRARY_BACKEND_ABSENT,MULTI_CALL_COMPOSITION_NOT_MATCHER_ONLY
aten_argmax_cpu,aten/src/ATen/native/cpu/ReduceOpsKernel.cpp,argmax_kernel_impl,issues/aten_c_kernels/aten_argmax_cpu.c,float/int,R=32; K=64,arg_reduction: argmax_kernel_impl,arg_reduction,cudaCopy1D_f32_tensor,PARTIAL_STAGE_ONLY,4,0,CUB/Thrust,DeviceReduce/SegmentedReduce on value-index pairs; sort+RLE for mode,BUILDING_BLOCKS_ONLY,algorithmic stages,"ATen first-index/tie, NaN and stable-order rules need a custom pair comparator/composition",flatten/segment the requested tensor axis; strided axes may require permutation,preserve current partial match and partition residual graph; then CUB template backend + index-aware matcher + composition,HIGH,MEDIUM,,https://nvidia.github.io/cccl/unstable/cub/api/device.html,CUB segmented/device reduction; cuDNN graph; NPP flat-signal statistics,LIBRARY_BACKEND_ABSENT,GRAPH_PARTITION_RESIDUAL_THEN_LIBRARY_LOWERING
aten_argmin_cpu,aten/src/ATen/native/cpu/ReduceOpsKernel.cpp,argmin_kernel_impl,issues/aten_c_kernels/aten_argmin_cpu.c,float/int,R=32; K=64,arg_reduction: argmin_kernel_impl,arg_reduction,cudaCopy1D_f32_tensor,PARTIAL_STAGE_ONLY,4,0,CUB/Thrust,DeviceReduce/SegmentedReduce on value-index pairs; sort+RLE for mode,BUILDING_BLOCKS_ONLY,algorithmic stages,"ATen first-index/tie, NaN and stable-order rules need a custom pair comparator/composition",flatten/segment the requested tensor axis; strided axes may require permutation,preserve current partial match and partition residual graph; then CUB template backend + index-aware matcher + composition,HIGH,MEDIUM,,https://nvidia.github.io/cccl/unstable/cub/api/device.html,CUB segmented/device reduction; cuDNN graph; NPP flat-signal statistics,LIBRARY_BACKEND_ABSENT,GRAPH_PARTITION_RESIDUAL_THEN_LIBRARY_LOWERING
aten_atan2,aten/src/ATen/native/cpu/BinaryOpsKernel.cpp,atan2_kernel,issues/aten_c_kernels/aten_atan2.c,float,N=4096,pointwise_math: atan2_kernel,pointwise_math,,NONE,1,0,cuDNN,Pointwise operation graph,EXACT_GRAPH_IF_SUPPORTED,whole if every node is supported,"rounding mode, integer division/modulo, NaN/signed-zero and backward formula must agree",broadcastable regular strides and cuDNN-supported data types/alignment,provenance-preserving expression DAG extraction + cuDNN graph backend,HIGH,HIGH,,https://docs.nvidia.com/deeplearning/cudnn/latest/index.html,cuTENSOR for its fixed unary/binary operator subset; NPP for flat supported signals; Thrust transform,GENERAL_CUDNN_GRAPH_BACKEND_ABSENT,SEMANTIC_MATCHER_AND_LIBRARY_BACKEND
aten_avg_pool2d,aten/src/ATen/native/AveragePool2d.cpp,avg_pool2d,issues/aten_c_kernels/aten_avg_pool2d.c,float,B=2; C=4; H=16; W=16; OH=(H; OW=(W,pooling: avg_pool2d,pooling,,NONE,2,0,cuDNN,Resample forward/backward (MAXPOOL/AVGPOOL),EXACT_FIXED_CALL,whole,"padding inclusion, NaN propagation, max-index and tie behavior must match",regular fixed windows/strides/dilations in supported layouts,pool descriptor matcher + generic forward/backward lowering,HIGH,HIGH,,https://docs.nvidia.com/deeplearning/cudnn/latest/index.html,NPP for compatible 2D image cases; implicit-GEMM via cuBLAS/CUTLASS for convolution,RELATED_CUDNN_WRAPPERS_PRESENT_NEED_GENERALIZATION,SEMANTIC_MATCHER_AND_LIBRARY_BACKEND
aten_avg_pool2d_backward_cpu,aten/src/ATen/native/cpu/AvgPoolKernel.cpp,avg_pool2d_backward_kernel_impl,issues/aten_c_kernels/aten_avg_pool2d_backward_cpu.c,float,B=1; C=2; I0=6; O0=(I0; I1=7; O1=(I1,pooling: avg_pool2d_backward_kernel_impl,pooling,memset_zero_1D_f32,PARTIAL_STAGE_ONLY,2,0,cuDNN,Resample forward/backward (MAXPOOL/AVGPOOL),EXACT_FIXED_CALL,whole,"padding inclusion, NaN propagation, max-index and tie behavior must match",regular fixed windows/strides/dilations in supported layouts,preserve current partial match and partition residual graph; then pool descriptor matcher + generic forward/backward lowering,HIGH,HIGH,,https://docs.nvidia.com/deeplearning/cudnn/latest/index.html,NPP for compatible 2D image cases; implicit-GEMM via cuBLAS/CUTLASS for convolution,RELATED_CUDNN_WRAPPERS_PRESENT_NEED_GENERALIZATION,GRAPH_PARTITION_RESIDUAL_THEN_LIBRARY_LOWERING
aten_avg_pool2d_cpu,aten/src/ATen/native/cpu/AvgPoolKernel.cpp,avg_pool2d_kernel_impl,issues/aten_c_kernels/aten_avg_pool2d_cpu.c,float,B=1; C=2; I0=6; O0=(I0; I1=7; O1=(I1,pooling: avg_pool2d_kernel_impl,pooling,,NONE,4,4,cuDNN,Resample forward/backward (MAXPOOL/AVGPOOL),EXACT_FIXED_CALL,whole,"padding inclusion, NaN propagation, max-index and tie behavior must match",regular fixed windows/strides/dilations in supported layouts,finish raising residual loops; then pool descriptor matcher + generic forward/backward lowering,HIGH,HIGH,,https://docs.nvidia.com/deeplearning/cudnn/latest/index.html,NPP for compatible 2D image cases; implicit-GEMM via cuBLAS/CUTLASS for convolution,RELATED_CUDNN_WRAPPERS_PRESENT_NEED_GENERALIZATION,RAISING_THEN_LIBRARY_LOWERING
aten_avg_pool3d,aten/src/ATen/native/AveragePool3d.cpp,avg_pool3d,issues/aten_c_kernels/aten_avg_pool3d.c,float,B=2; C=3; D=8; H=8; W=8,pooling: avg_pool3d,pooling,,NONE,2,0,cuDNN,Resample forward/backward (MAXPOOL/AVGPOOL),EXACT_FIXED_CALL,whole,"padding inclusion, NaN propagation, max-index and tie behavior must match",regular fixed windows/strides/dilations in supported layouts,pool descriptor matcher + generic forward/backward lowering,HIGH,HIGH,,https://docs.nvidia.com/deeplearning/cudnn/latest/index.html,NPP for compatible 2D image cases; implicit-GEMM via cuBLAS/CUTLASS for convolution,RELATED_CUDNN_WRAPPERS_PRESENT_NEED_GENERALIZATION,SEMANTIC_MATCHER_AND_LIBRARY_BACKEND
aten_avg_pool3d_backward_cpu,aten/src/ATen/native/cpu/AvgPoolKernel.cpp,avg_pool3d_backward_kernel_impl,issues/aten_c_kernels/aten_avg_pool3d_backward_cpu.c,float,B=1; C=2; I0=6; O0=(I0; I1=7; O1=(I1; I2=8; O2=(I2,pooling: avg_pool3d_backward_kernel_impl,pooling,memset_zero_1D_f32,PARTIAL_STAGE_ONLY,2,0,cuDNN,Resample forward/backward (MAXPOOL/AVGPOOL),EXACT_FIXED_CALL,whole,"padding inclusion, NaN propagation, max-index and tie behavior must match",regular fixed windows/strides/dilations in supported layouts,preserve current partial match and partition residual graph; then pool descriptor matcher + generic forward/backward lowering,HIGH,HIGH,,https://docs.nvidia.com/deeplearning/cudnn/latest/index.html,NPP for compatible 2D image cases; implicit-GEMM via cuBLAS/CUTLASS for convolution,RELATED_CUDNN_WRAPPERS_PRESENT_NEED_GENERALIZATION,GRAPH_PARTITION_RESIDUAL_THEN_LIBRARY_LOWERING
aten_avg_pool3d_cpu,aten/src/ATen/native/cpu/AvgPoolKernel.cpp,avg_pool3d_kernel_impl,issues/aten_c_kernels/aten_avg_pool3d_cpu.c,float,B=1; C=2; I0=6; O0=(I0; I1=7; O1=(I1; I2=8; O2=(I2,pooling: avg_pool3d_kernel_impl,pooling,,NONE,4,6,cuDNN,Resample forward/backward (MAXPOOL/AVGPOOL),EXACT_FIXED_CALL,whole,"padding inclusion, NaN propagation, max-index and tie behavior must match",regular fixed windows/strides/dilations in supported layouts,finish raising residual loops; then pool descriptor matcher + generic forward/backward lowering,HIGH,HIGH,,https://docs.nvidia.com/deeplearning/cudnn/latest/index.html,NPP for compatible 2D image cases; implicit-GEMM via cuBLAS/CUTLASS for convolution,RELATED_CUDNN_WRAPPERS_PRESENT_NEED_GENERALIZATION,RAISING_THEN_LIBRARY_LOWERING
aten_batch_norm_backward_cpu,aten/src/ATen/native/cpu/batch_norm_kernel.cpp,batch_norm_cpu_backward_kernel,issues/aten_c_kernels/aten_batch_norm_backward_cpu.c,float,B=4; C=8; S=32,normalization: batch_norm_backward_kernel,normalization,,NONE,2,2,cuDNN,Batch/Layer/Group normalization graph,EXACT_GRAPH_IF_SUPPORTED,whole for supported normalization; otherwise normalization stages,"epsilon, training/inference, saved statistics, unbiased variance and backward outputs",cuDNN normalization layout/type/alignment restrictions,finish raising residual loops; then normalization semantic matcher + cuDNN graph-plan backend,HIGH,HIGH,,https://docs.nvidia.com/deeplearning/cudnn/latest/index.html,CUB segmented/device reduction; cuDNN graph; NPP flat-signal statistics,GENERAL_CUDNN_GRAPH_BACKEND_ABSENT,RAISING_THEN_LIBRARY_LOWERING
aten_batch_norm_backward_template_cpu,aten/src/ATen/native/Normalization.cpp,batch_norm_backward_cpu_template,issues/aten_c_kernels/aten_batch_norm_backward_template_cpu.c,float,N=8; C=16; H=16; W=16,normalization: batch_norm_backward_template,normalization,,NONE,4,3,cuDNN,Batch/Layer/Group normalization graph,EXACT_GRAPH_IF_SUPPORTED,whole for supported normalization; otherwise normalization stages,"epsilon, training/inference, saved statistics, unbiased variance and backward outputs",cuDNN normalization layout/type/alignment restrictions,finish raising residual loops; then normalization semantic matcher + cuDNN graph-plan backend,HIGH,HIGH,,https://docs.nvidia.com/deeplearning/cudnn/latest/index.html,CUB segmented/device reduction; cuDNN graph; NPP flat-signal statistics,GENERAL_CUDNN_GRAPH_BACKEND_ABSENT,RAISING_THEN_LIBRARY_LOWERING
aten_batch_norm_collect_stats_cpu,aten/src/ATen/native/cpu/batch_norm_kernel.cpp,batch_norm_cpu_collect_stats_kernel,issues/aten_c_kernels/aten_batch_norm_collect_stats_cpu.c,float,B=4; C=8; S=32,normalization: batch_norm_collect_stats_kernel,normalization,,NONE,2,1,cuDNN,Batch/Layer/Group normalization graph,SUBSET_WITH_CONSTRAINTS,whole for supported normalization; otherwise normalization stages,"epsilon, training/inference, saved statistics, unbiased variance and backward outputs",cuDNN normalization layout/type/alignment restrictions,finish raising residual loops; then normalization semantic matcher + cuDNN graph-plan backend,HIGH,HIGH,,https://docs.nvidia.com/deeplearning/cudnn/latest/index.html,CUB segmented/device reduction; cuDNN graph; NPP flat-signal statistics,GENERAL_CUDNN_GRAPH_BACKEND_ABSENT,RAISING_THEN_LIBRARY_LOWERING
aten_batch_norm_cpu_entry,aten/src/ATen/native/Normalization.cpp,batch_norm_cpu,issues/aten_c_kernels/aten_batch_norm_cpu_entry.c,float,N=2048,pointwise_reduction_formula: batch_norm,pointwise_reduction_formula,,NONE,1,0,cuDNN,pointwise operations + reduction operation graph,EXACT_GRAPH_IF_SUPPORTED,whole if graph accepted,"body operations, NaN policy, reduction identity and reassociation must match",cuDNN supported modes/types/layout/alignment; fusion engines do not accept every arbitrary graph,extract expression DAG + graph legality/cost check + cuDNN plan lowering,HIGH,MEDIUM,,https://docs.nvidia.com/deeplearning/cudnn/latest/index.html,cuTENSOR for its fixed unary/binary operator subset; NPP for flat supported signals; Thrust transform,GENERAL_CUDNN_GRAPH_BACKEND_ABSENT,SEMANTIC_MATCHER_AND_LIBRARY_BACKEND
aten_batch_norm_stats_cpu,aten/src/ATen/native/Normalization.cpp,batch_norm_cpu_update_stats_template,issues/aten_c_kernels/aten_batch_norm_stats_cpu.c,float,N=8; C=16; H=16; W=16,normalization: batch_norm_update_stats_template,normalization,,NONE,2,1,cuDNN,Batch/Layer/Group normalization graph,SUBSET_WITH_CONSTRAINTS,whole for supported normalization; otherwise normalization stages,"epsilon, training/inference, saved statistics, unbiased variance and backward outputs",cuDNN normalization layout/type/alignment restrictions,finish raising residual loops; then normalization semantic matcher + cuDNN graph-plan backend,HIGH,HIGH,,https://docs.nvidia.com/deeplearning/cudnn/latest/index.html,CUB segmented/device reduction; cuDNN graph; NPP flat-signal statistics,GENERAL_CUDNN_GRAPH_BACKEND_ABSENT,RAISING_THEN_LIBRARY_LOWERING
aten_batch_norm_transform_cpu,aten/src/ATen/native/Normalization.cpp,batch_norm_cpu_transform_input_template,issues/aten_c_kernels/aten_batch_norm_transform_cpu.c,float,N=8; C=16; H=16; W=16,normalization: batch_norm_transform_input_template,normalization,,NONE,1,0,cuDNN,Batch/Layer/Group normalization graph,EXACT_GRAPH_IF_SUPPORTED,whole for supported normalization; otherwise normalization stages,"epsilon, training/inference, saved statistics, unbiased variance and backward outputs",cuDNN normalization layout/type/alignment restrictions,normalization semantic matcher + cuDNN graph-plan backend,HIGH,HIGH,,https://docs.nvidia.com/deeplearning/cudnn/latest/index.html,CUB segmented/device reduction; cuDNN graph; NPP flat-signal statistics,GENERAL_CUDNN_GRAPH_BACKEND_ABSENT,SEMANTIC_MATCHER_AND_LIBRARY_BACKEND
aten_bernoulli_scalar_cpu,aten/src/ATen/native/cpu/DistributionKernels.cpp,bernoulli_scalar_kernel,issues/aten_c_kernels/aten_bernoulli_scalar_cpu.c,float,N=4096,random_distribution: bernoulli_scalar_kernel,random_distribution,,NONE,1,0,cuRAND,uniform/normal/lognormal/Poisson/Sobol generators,SUBSET_WITH_CONSTRAINTS,random draw stage or whole distribution subset,"ATen Philox generator state, seed/offset advancement, reproducibility and exact transform must match",cuRAND output type/count/alignment; many distributions need a transform,RNG-state proof + cuRAND backend; compose unsupported transforms,HIGH,LOW,,https://docs.nvidia.com/cuda/curand/host-api-overview.html,none identified with stronger whole-kernel semantics,LIBRARY_BACKEND_ABSENT,LEGALITY_SPECIALIZATION_AND_BACKEND
aten_bernoulli_tensor_cpu,aten/src/ATen/native/cpu/DistributionKernels.cpp,bernoulli_tensor_kernel,issues/aten_c_kernels/aten_bernoulli_tensor_cpu.c,float,N=4096,random_distribution: bernoulli_tensor_kernel,random_distribution,,NONE,1,0,cuRAND,uniform/normal/lognormal/Poisson/Sobol generators,SUBSET_WITH_CONSTRAINTS,random draw stage or whole distribution subset,"ATen Philox generator state, seed/offset advancement, reproducibility and exact transform must match",cuRAND output type/count/alignment; many distributions need a transform,RNG-state proof + cuRAND backend; compose unsupported transforms,HIGH,LOW,,https://docs.nvidia.com/cuda/curand/host-api-overview.html,none identified with stronger whole-kernel semantics,LIBRARY_BACKEND_ABSENT,LEGALITY_SPECIALIZATION_AND_BACKEND
aten_bessel_j0,aten/src/ATen/native/cpu/UnaryOpsKernel.cpp,bessel_j0_kernel,issues/aten_c_kernels/aten_bessel_j0.c,float,N=4096,special_function: bessel_j0_kernel,special_function,,NONE,1,0,none,no public whole-tensor NVIDIA library operation,NO_PUBLIC_LIBRARY_EQUIVALENT,none,scalar CUDA math/libdevice or recurrences are not a host-callable tensor library implementation,not applicable,retain raised code or permit a generated/custom GPU kernel,HIGH,NONE,A scalar device function may exist; that is not a link-only tensor-library lowering.,,scalar CUDA math/libdevice or generated kernel (not a link-only tensor API),NO_PUBLIC_LIBRARY_BACKEND_POSSIBLE,NO_LINK_ONLY_LIBRARY_ROUTE
aten_bessel_j1,aten/src/ATen/native/cpu/UnaryOpsKernel.cpp,bessel_j1_kernel,issues/aten_c_kernels/aten_bessel_j1.c,float,N=4096,special_function: bessel_j1_kernel,special_function,,NONE,1,0,none,no public whole-tensor NVIDIA library operation,NO_PUBLIC_LIBRARY_EQUIVALENT,none,scalar CUDA math/libdevice or recurrences are not a host-callable tensor library implementation,not applicable,retain raised code or permit a generated/custom GPU kernel,HIGH,NONE,A scalar device function may exist; that is not a link-only tensor-library lowering.,,scalar CUDA math/libdevice or generated kernel (not a link-only tensor API),NO_PUBLIC_LIBRARY_BACKEND_POSSIBLE,NO_LINK_ONLY_LIBRARY_ROUTE
aten_bessel_y0,aten/src/ATen/native/cpu/UnaryOpsKernel.cpp,bessel_y0_kernel,issues/aten_c_kernels/aten_bessel_y0.c,float,N=4096,special_function: bessel_y0_kernel,special_function,,NONE,1,0,none,no public whole-tensor NVIDIA library operation,NO_PUBLIC_LIBRARY_EQUIVALENT,none,scalar CUDA math/libdevice or recurrences are not a host-callable tensor library implementation,not applicable,retain raised code or permit a generated/custom GPU kernel,HIGH,NONE,A scalar device function may exist; that is not a link-only tensor-library lowering.,,scalar CUDA math/libdevice or generated kernel (not a link-only tensor API),NO_PUBLIC_LIBRARY_BACKEND_POSSIBLE,NO_LINK_ONLY_LIBRARY_ROUTE
aten_bessel_y1,aten/src/ATen/native/cpu/UnaryOpsKernel.cpp,bessel_y1_kernel,issues/aten_c_kernels/aten_bessel_y1.c,float,N=4096,special_function: bessel_y1_kernel,special_function,,NONE,1,0,none,no public whole-tensor NVIDIA library operation,NO_PUBLIC_LIBRARY_EQUIVALENT,none,scalar CUDA math/libdevice or recurrences are not a host-callable tensor library implementation,not applicable,retain raised code or permit a generated/custom GPU kernel,HIGH,NONE,A scalar device function may exist; that is not a link-only tensor-library lowering.,,scalar CUDA math/libdevice or generated kernel (not a link-only tensor API),NO_PUBLIC_LIBRARY_BACKEND_POSSIBLE,NO_LINK_ONLY_LIBRARY_ROUTE
aten_bilinear_cpu,aten/src/ATen/native/Linear.cpp,bilinear,issues/aten_c_kernels/aten_bilinear_cpu.c,float,B=8; I=16; J=20; O=24,tensor_contraction: bilinear,tensor_contraction,memset_zero_2D_f32,PARTIAL_STAGE_ONLY,2,0,cuTENSOR,cutensorCreateContraction,EXACT_CONFIGURED_PRIMITIVE,whole,multiply-add reduction; alpha/beta and reassociation policy,modes/extents/strides express the affine accesses; real or complex supported types,preserve current partial match and partition residual graph; then iterator-count-independent contraction recognition + generic descriptor lowering,HIGH,HIGHEST,,https://docs.nvidia.com/cuda/cutensor/latest/api/cutensor.html,cuTensorNet for larger contraction networks; cuBLAS when flattenable to GEMM,GENERAL_CUTENSOR_BACKEND_ABSENT_CUTENSORNET_IS_NOT_EQUIVALENT,GRAPH_PARTITION_RESIDUAL_THEN_LIBRARY_LOWERING
aten_binary_cross_entropy,aten/src/ATen/native/Loss.cpp,binary_cross_entropy,issues/aten_c_kernels/aten_binary_cross_entropy.c,float,N=256,loss: binary_cross_entropy,loss,,NONE,1,0,cuDNN,pointwise/reduction/matmul operation graph,BUILDING_BLOCKS_ONLY,arithmetic stages,"complete formula, index/label rules, state mutation, reductions and backward outputs",only graph nodes/layouts supported by cuDNN,extract and partition expression/stage graph; validate plan or keep raised code,HIGH,LOW,,https://docs.nvidia.com/deeplearning/cudnn/latest/index.html,none identified with stronger whole-kernel semantics,GENERAL_CUDNN_GRAPH_BACKEND_ABSENT,MULTI_CALL_COMPOSITION_NOT_MATCHER_ONLY
aten_binary_search_strided_rightmost_cpu,aten/src/ATen/native/sparse/SparseTensorMath.cpp,binary_search_strided_rightmost,issues/aten_c_kernels/aten_binary_search_strided_rightmost_cpu.c,int,N=512; Q=128,search: binary_search_strided_rightmost,search,,NONE,0,2,CUB/Thrust,DeviceRadixSort/MergeSort/TopK/Select/RLE or binary search,BUILDING_BLOCKS_ONLY,sort/search/select stages,"stable ordering, NaNs, first-index/tie policy, multidimensional axes and returned indices",contiguous keys or explicit segments; arbitrary strided axes need layout conversion,finish raising residual loops; then CUB/Thrust backend + operation-specific composition,HIGH,MEDIUM,,https://nvidia.github.io/cccl/unstable/cub/api/device.html,cuTENSOR/cuDNN only when the indexing operation specializes to a regular affine tensor op,LIBRARY_BACKEND_ABSENT,RAISING_THEN_LIBRARY_LOWERING
aten_bincount_cpu,aten/src/ATen/native/SummaryOps.cpp,_bincount_cpu_template,issues/aten_c_kernels/aten_bincount_cpu.c,float/int,N=1024; B=64,histogram_count: _bincount_template,histogram_count,memset_zero_1D_f32,PARTIAL_STAGE_ONLY,1,1,CUB/Thrust,DeviceHistogram or DeviceReduce,SUBSET_WITH_CONSTRAINTS,whole for supported binning/reduction,"bin-edge inclusivity, out-of-range/NaN handling and weighted/multidimensional bins",supported sample/bin types; histogramdd may require linearized keys,finish raising residual loops; then histogram matcher + CUB backend + semantic guards,HIGH,MEDIUM,,https://nvidia.github.io/cccl/unstable/cub/api/device.html,cuTENSOR/cuDNN only when the indexing operation specializes to a regular affine tensor op,LIBRARY_BACKEND_ABSENT,RAISING_THEN_LIBRARY_LOWERING
aten_binomial_transform_cpu,aten/src/ATen/native/Distributions.cpp,_s_binomial_cpu,issues/aten_c_kernels/aten_binomial_transform_cpu.c,float/int,N=1024; T=32,random_distribution: _s_binomial,random_distribution,,NONE,0,2,cuRAND,uniform/normal/lognormal/Poisson/Sobol generators,SUBSET_WITH_CONSTRAINTS,random draw stage or whole distribution subset,"ATen Philox generator state, seed/offset advancement, reproducibility and exact transform must match",cuRAND output type/count/alignment; many distributions need a transform,finish raising residual loops; then RNG-state proof + cuRAND backend; compose unsupported transforms,HIGH,LOW,,https://docs.nvidia.com/cuda/curand/host-api-overview.html,none identified with stronger whole-kernel semantics,LIBRARY_BACKEND_ABSENT,RAISING_THEN_LIBRARY_LOWERING
aten_bitwise_and_i32,aten/src/ATen/native/cpu/BinaryOpsKernel.cpp,bitwise_and_kernel,issues/aten_c_kernels/aten_bitwise_and_i32.c,int,N=4096,integer_pointwise: bitwise_and_kernel,integer_pointwise,,NONE,1,0,NPP,signal logical/shift primitives,SUBSET_WITH_CONSTRAINTS,whole only for flat supported integer signals,"signed shifts, overflow and scalar-vs-vector operands must agree",NPP fixed integer types and contiguous 1D signal representation,layout/type specialization + NPP wrapper; retain nonmatching cases,HIGH,LOW,,https://docs.nvidia.com/cuda/npp/,none identified with stronger whole-kernel semantics,LIBRARY_BACKEND_ABSENT,LEGALITY_SPECIALIZATION_AND_BACKEND
aten_bitwise_not_i32,aten/src/ATen/native/cpu/UnaryOpsKernel.cpp,bitwise_not_kernel,issues/aten_c_kernels/aten_bitwise_not_i32.c,int,N=4096,integer_pointwise: bitwise_not_kernel,integer_pointwise,,NONE,1,0,NPP,signal logical/shift primitives,SUBSET_WITH_CONSTRAINTS,whole only for flat supported integer signals,"signed shifts, overflow and scalar-vs-vector operands must agree",NPP fixed integer types and contiguous 1D signal representation,layout/type specialization + NPP wrapper; retain nonmatching cases,HIGH,LOW,,https://docs.nvidia.com/cuda/npp/,none identified with stronger whole-kernel semantics,LIBRARY_BACKEND_ABSENT,LEGALITY_SPECIALIZATION_AND_BACKEND
aten_bitwise_or_i32,aten/src/ATen/native/cpu/BinaryOpsKernel.cpp,bitwise_or_kernel,issues/aten_c_kernels/aten_bitwise_or_i32.c,int,N=4096,integer_pointwise: bitwise_or_kernel,integer_pointwise,,NONE,1,0,NPP,signal logical/shift primitives,SUBSET_WITH_CONSTRAINTS,whole only for flat supported integer signals,"signed shifts, overflow and scalar-vs-vector operands must agree",NPP fixed integer types and contiguous 1D signal representation,layout/type specialization + NPP wrapper; retain nonmatching cases,HIGH,LOW,,https://docs.nvidia.com/cuda/npp/,none identified with stronger whole-kernel semantics,LIBRARY_BACKEND_ABSENT,LEGALITY_SPECIALIZATION_AND_BACKEND
aten_bitwise_xor_i32,aten/src/ATen/native/cpu/BinaryOpsKernel.cpp,bitwise_xor_kernel,issues/aten_c_kernels/aten_bitwise_xor_i32.c,int,N=4096,integer_pointwise: bitwise_xor_kernel,integer_pointwise,,NONE,1,0,NPP,signal logical/shift primitives,SUBSET_WITH_CONSTRAINTS,whole only for flat supported integer signals,"signed shifts, overflow and scalar-vs-vector operands must agree",NPP fixed integer types and contiguous 1D signal representation,layout/type specialization + NPP wrapper; retain nonmatching cases,HIGH,LOW,,https://docs.nvidia.com/cuda/npp/,none identified with stronger whole-kernel semantics,LIBRARY_BACKEND_ABSENT,LEGALITY_SPECIALIZATION_AND_BACKEND
aten_blas_sum_cpu,aten/src/ATen/native/cpu/BlasKernel.cpp,sum,issues/aten_c_kernels/aten_blas_sum_cpu.c,float,N=1024,reduction: sum,reduction,,NONE,1,0,cuTENSOR,cutensorCreateReduction,EXACT_CONFIGURED_PRIMITIVE,whole,associative ADD/MUL/MIN/MAX and permitted reassociation; boolean/integer types are restricted,regular affine tensor modes and supported data/compute type,generic reduction matcher + cuTENSOR descriptor lowering,HIGH,HIGH,,https://docs.nvidia.com/cuda/cutensor/latest/api/cutensor.html,CUB segmented/device reduction; cuDNN graph; NPP flat-signal statistics,GENERAL_CUTENSOR_BACKEND_ABSENT_CUTENSORNET_IS_NOT_EQUIVALENT,SEMANTIC_MATCHER_AND_LIBRARY_BACKEND
aten_block_diag_cpu,aten/src/ATen/native/TensorShape.cpp,block_diag,issues/aten_c_kernels/aten_block_diag_cpu.c,float,B=4; N=16,data_movement: block_diag,data_movement,memset_zero_2D_f32,PARTIAL_STAGE_ONLY,2,0,CUDA Runtime,cudaMemcpy*/Memset or Thrust fill/sequence/transform,BUILDING_BLOCKS_ONLY,regular contiguous stages,"concatenation, combinations, diagonal/mask/index formulas need multiple calls or transforms",contiguous/regular pitched copies; arbitrary indexing is not memcpy,preserve current partial match and partition residual graph; then shape specialization and multi-call composition,HIGH,LOW,,https://docs.nvidia.com/cuda/cuda-runtime-api/,none identified with stronger whole-kernel semantics,LIBRARY_BACKEND_ABSENT,GRAPH_PARTITION_RESIDUAL_THEN_LIBRARY_LOWERING
aten_cartesian_prod_cpu,aten/src/ATen/native/Itertools.cpp,cartesian_prod,issues/aten_c_kernels/aten_cartesian_prod_cpu.c,float,A=16; B=12,data_movement: cartesian_prod,data_movement,,NONE,2,0,CUDA Runtime,cudaMemcpy*/Memset or Thrust fill/sequence/transform,BUILDING_BLOCKS_ONLY,regular contiguous stages,"concatenation, combinations, diagonal/mask/index formulas need multiple calls or transforms",contiguous/regular pitched copies; arbitrary indexing is not memcpy,shape specialization and multi-call composition,HIGH,LOW,,https://docs.nvidia.com/cuda/cuda-runtime-api/,none identified with stronger whole-kernel semantics,LIBRARY_BACKEND_ABSENT,MULTI_CALL_COMPOSITION_NOT_MATCHER_ONLY
aten_cat_sparse_cpu,aten/src/ATen/native/TensorShape.cpp,cat_sparse_impl,issues/aten_c_kernels/aten_cat_sparse_cpu.c,float/int,B=4; N=256,sparse_indexed_elementwise: cat_sparse_impl,sparse_indexed_elementwise,cudaCopy2D_f32_tensor,PARTIAL_STAGE_ONLY,2,0,cuSPARSE,sparse descriptors plus CUB segmented/indexed primitives,BUILDING_BLOCKS_ONLY,storage and reduction stages,"implicit zeros, duplicates, segment boundaries, gradients and reduction/softmax semantics",standard sparse storage; arbitrary indexed formulas remain outside cuSPARSE,preserve current partial match and partition residual graph; then mixed cuSPARSE+CUB graph composition; not a one-call matcher,HIGH,LOW,,https://docs.nvidia.com/cuda/cusparse/index.html,CUB sort/segmented-reduce for nonstandard sparse semantics,LIBRARY_BACKEND_ABSENT,GRAPH_PARTITION_RESIDUAL_THEN_LIBRARY_LOWERING
aten_cauchy_cpu,aten/src/ATen/native/cpu/DistributionKernels.cpp,cauchy_kernel,issues/aten_c_kernels/aten_cauchy_cpu.c,float,N=4096,random_distribution: cauchy_kernel,random_distribution,,NONE,1,0,cuRAND,uniform/normal/lognormal/Poisson/Sobol generators,SUBSET_WITH_CONSTRAINTS,random draw stage or whole distribution subset,"ATen Philox generator state, seed/offset advancement, reproducibility and exact transform must match",cuRAND output type/count/alignment; many distributions need a transform,RNG-state proof + cuRAND backend; compose unsupported transforms,HIGH,LOW,,https://docs.nvidia.com/cuda/curand/host-api-overview.html,none identified with stronger whole-kernel semantics,LIBRARY_BACKEND_ABSENT,LEGALITY_SPECIALIZATION_AND_BACKEND
aten_cdist_backward_cpu,aten/src/ATen/native/cpu/DistanceOpsKernel.cpp,cdist_backward_kernel_impl,issues/aten_c_kernels/aten_cdist_backward_cpu.c,float,N=16; M=12; D=32,distance: cdist_backward_kernel_impl,distance,memset_zero_2D_f32,PARTIAL_STAGE_ONLY,3,2,cuDNN,pointwise/reduction/matmul operation graph,BUILDING_BLOCKS_ONLY,arithmetic stages,"complete formula, index/label rules, state mutation, reductions and backward outputs",only graph nodes/layouts supported by cuDNN,finish raising residual loops; then extract and partition expression/stage graph; validate plan or keep raised code,HIGH,LOW,,https://docs.nvidia.com/deeplearning/cudnn/latest/index.html,none identified with stronger whole-kernel semantics,GENERAL_CUDNN_GRAPH_BACKEND_ABSENT,RAISING_THEN_LIBRARY_LOWERING
aten_cdist_cpu,aten/src/ATen/native/cpu/DistanceOpsKernel.cpp,cdist_kernel_impl,issues/aten_c_kernels/aten_cdist_cpu.c,float,N=16; M=12; D=32,distance: cdist_kernel_impl,distance,cutensorUnary_sqrt_f32,PARTIAL_STAGE_ONLY,3,1,cuDNN,pointwise/reduction/matmul operation graph,BUILDING_BLOCKS_ONLY,arithmetic stages,"complete formula, index/label rules, state mutation, reductions and backward outputs",only graph nodes/layouts supported by cuDNN,finish raising residual loops; then extract and partition expression/stage graph; validate plan or keep raised code,HIGH,LOW,,https://docs.nvidia.com/deeplearning/cudnn/latest/index.html,none identified with stronger whole-kernel semantics,GENERAL_CUDNN_GRAPH_BACKEND_ABSENT,RAISING_THEN_LIBRARY_LOWERING
aten_channel_shuffle,aten/src/ATen/native/ChanelShuffle.cpp,channel_shuffle,issues/aten_c_kernels/aten_channel_shuffle.c,float,B=2; G=2; CPG=4; H=4; W=4,tensor_permutation: channel_shuffle,tensor_permutation,,NONE,1,0,cuTENSOR,cutensorPermute,EXACT_CONFIGURED_PRIMITIVE,whole for affine permutation/broadcast,pure data rearrangement with no overlapping writes,positive explicit strides/modes; shuffle/repeat must be representable without index-dependent modulo,affine-map-to-mode extraction + generic permutation lowering,HIGH,HIGH,,https://docs.nvidia.com/cuda/cutensor/latest/api/cutensor.html,none identified with stronger whole-kernel semantics,GENERAL_CUTENSOR_BACKEND_ABSENT_CUTENSORNET_IS_NOT_EQUIVALENT,SEMANTIC_MATCHER_AND_LIBRARY_BACKEND
aten_channel_shuffle_cpu,aten/src/ATen/native/cpu/ChannelShuffleKernel.cpp,channel_shuffle_kernel_impl,issues/aten_c_kernels/aten_channel_shuffle_cpu.c,float,B=2; G=4; CPG=3; S=32,tensor_permutation: channel_shuffle_kernel_impl,tensor_permutation,,NONE,1,0,cuTENSOR,cutensorPermute,EXACT_CONFIGURED_PRIMITIVE,whole for affine permutation/broadcast,pure data rearrangement with no overlapping writes,positive explicit strides/modes; shuffle/repeat must be representable without index-dependent modulo,affine-map-to-mode extraction + generic permutation lowering,HIGH,HIGH,,https://docs.nvidia.com/cuda/cutensor/latest/api/cutensor.html,none identified with stronger whole-kernel semantics,GENERAL_CUTENSOR_BACKEND_ABSENT_CUTENSORNET_IS_NOT_EQUIVALENT,SEMANTIC_MATCHER_AND_LIBRARY_BACKEND
aten_chebyshev_polynomial_t,aten/src/ATen/native/cpu/BinaryOpsKernel.cpp,chebyshev_polynomial_t_kernel,issues/aten_c_kernels/aten_chebyshev_polynomial_t.c,float,N=4096,special_function: chebyshev_polynomial_t_kernel,special_function,,NONE,1,0,none,no public whole-tensor NVIDIA library operation,NO_PUBLIC_LIBRARY_EQUIVALENT,none,scalar CUDA math/libdevice or recurrences are not a host-callable tensor library implementation,not applicable,retain raised code or permit a generated/custom GPU kernel,HIGH,NONE,A scalar device function may exist; that is not a link-only tensor-library lowering.,,scalar CUDA math/libdevice or generated kernel (not a link-only tensor API),NO_PUBLIC_LIBRARY_BACKEND_POSSIBLE,NO_LINK_ONLY_LIBRARY_ROUTE
aten_chebyshev_polynomial_u,aten/src/ATen/native/cpu/BinaryOpsKernel.cpp,chebyshev_polynomial_u_kernel,issues/aten_c_kernels/aten_chebyshev_polynomial_u.c,float,N=4096,special_function: chebyshev_polynomial_u_kernel,special_function,,NONE,1,0,none,no public whole-tensor NVIDIA library operation,NO_PUBLIC_LIBRARY_EQUIVALENT,none,scalar CUDA math/libdevice or recurrences are not a host-callable tensor library implementation,not applicable,retain raised code or permit a generated/custom GPU kernel,HIGH,NONE,A scalar device function may exist; that is not a link-only tensor-library lowering.,,scalar CUDA math/libdevice or generated kernel (not a link-only tensor API),NO_PUBLIC_LIBRARY_BACKEND_POSSIBLE,NO_LINK_ONLY_LIBRARY_ROUTE
aten_chebyshev_polynomial_v,aten/src/ATen/native/cpu/BinaryOpsKernel.cpp,chebyshev_polynomial_v_kernel,issues/aten_c_kernels/aten_chebyshev_polynomial_v.c,float,N=4096,special_function: chebyshev_polynomial_v_kernel,special_function,,NONE,1,0,none,no public whole-tensor NVIDIA library operation,NO_PUBLIC_LIBRARY_EQUIVALENT,none,scalar CUDA math/libdevice or recurrences are not a host-callable tensor library implementation,not applicable,retain raised code or permit a generated/custom GPU kernel,HIGH,NONE,A scalar device function may exist; that is not a link-only tensor-library lowering.,,scalar CUDA math/libdevice or generated kernel (not a link-only tensor API),NO_PUBLIC_LIBRARY_BACKEND_POSSIBLE,NO_LINK_ONLY_LIBRARY_ROUTE
aten_chebyshev_polynomial_w,aten/src/ATen/native/cpu/BinaryOpsKernel.cpp,chebyshev_polynomial_w_kernel,issues/aten_c_kernels/aten_chebyshev_polynomial_w.c,float,N=4096,special_function: chebyshev_polynomial_w_kernel,special_function,,NONE,1,0,none,no public whole-tensor NVIDIA library operation,NO_PUBLIC_LIBRARY_EQUIVALENT,none,scalar CUDA math/libdevice or recurrences are not a host-callable tensor library implementation,not applicable,retain raised code or permit a generated/custom GPU kernel,HIGH,NONE,A scalar device function may exist; that is not a link-only tensor-library lowering.,,scalar CUDA math/libdevice or generated kernel (not a link-only tensor API),NO_PUBLIC_LIBRARY_BACKEND_POSSIBLE,NO_LINK_ONLY_LIBRARY_ROUTE
aten_circular_pad_cpu,aten/src/ATen/native/PadNd.cpp,_pad_circular_symint,issues/aten_c_kernels/aten_circular_pad_cpu.c,float,N=32; P=3,padding: _pad_circular_symint,padding,,NONE,1,0,NPP,nppiCopy*Border,SUBSET_WITH_CONSTRAINTS,2D image constant/replicate border subset,reflection/circular rules and backward accumulation are not generally covered,NPP 2D ROI/channel/dtype layouts only,specialize compatible image cases; otherwise composition,HIGH,LOW,,https://docs.nvidia.com/cuda/npp/,none identified with stronger whole-kernel semantics,LIBRARY_BACKEND_ABSENT,LEGALITY_SPECIALIZATION_AND_BACKEND
aten_clamp,aten/src/ATen/native/TensorCompare.cpp,clamp,issues/aten_c_kernels/aten_clamp.c,float,N=256,pointwise: clamp,pointwise,,NONE,1,0,cuDNN,Pointwise operation graph,EXACT_GRAPH_IF_SUPPORTED,whole if every node is supported,"rounding mode, integer division/modulo, NaN/signed-zero and backward formula must agree",broadcastable regular strides and cuDNN-supported data types/alignment,provenance-preserving expression DAG extraction + cuDNN graph backend,HIGH,HIGH,,https://docs.nvidia.com/deeplearning/cudnn/latest/index.html,cuTENSOR for its fixed unary/binary operator subset; NPP for flat supported signals; Thrust transform,GENERAL_CUDNN_GRAPH_BACKEND_ABSENT,SEMANTIC_MATCHER_AND_LIBRARY_BACKEND
aten_clamp_cpu,aten/src/ATen/native/cpu/TensorCompareKernel.cpp,clamp_kernel_impl,issues/aten_c_kernels/aten_clamp_cpu.c,float,N=4096,pointwise: clamp_kernel_impl,pointwise,,NONE,1,0,cuDNN,Pointwise operation graph,EXACT_GRAPH_IF_SUPPORTED,whole if every node is supported,"rounding mode, integer division/modulo, NaN/signed-zero and backward formula must agree",broadcastable regular strides and cuDNN-supported data types/alignment,provenance-preserving expression DAG extraction + cuDNN graph backend,HIGH,HIGH,,https://docs.nvidia.com/deeplearning/cudnn/latest/index.html,cuTENSOR for its fixed unary/binary operator subset; NPP for flat supported signals; Thrust transform,GENERAL_CUDNN_GRAPH_BACKEND_ABSENT,SEMANTIC_MATCHER_AND_LIBRARY_BACKEND
aten_clamp_max_scalar_cpu,aten/src/ATen/native/cpu/TensorCompareKernel.cpp,clamp_max_scalar_kernel_impl,issues/aten_c_kernels/aten_clamp_max_scalar_cpu.c,float,N=4096,pointwise: clamp_max_scalar_kernel_impl,pointwise,,NONE,1,0,cuDNN,Pointwise operation graph,EXACT_GRAPH_IF_SUPPORTED,whole if every node is supported,"rounding mode, integer division/modulo, NaN/signed-zero and backward formula must agree",broadcastable regular strides and cuDNN-supported data types/alignment,provenance-preserving expression DAG extraction + cuDNN graph backend,HIGH,HIGH,,https://docs.nvidia.com/deeplearning/cudnn/latest/index.html,cuTENSOR for its fixed unary/binary operator subset; NPP for flat supported signals; Thrust transform,GENERAL_CUDNN_GRAPH_BACKEND_ABSENT,SEMANTIC_MATCHER_AND_LIBRARY_BACKEND
aten_clamp_min_scalar_cpu,aten/src/ATen/native/cpu/TensorCompareKernel.cpp,clamp_min_scalar_kernel_impl,issues/aten_c_kernels/aten_clamp_min_scalar_cpu.c,float,N=4096,pointwise: clamp_min_scalar_kernel_impl,pointwise,,NONE,1,0,cuDNN,Pointwise operation graph,EXACT_GRAPH_IF_SUPPORTED,whole if every node is supported,"rounding mode, integer division/modulo, NaN/signed-zero and backward formula must agree",broadcastable regular strides and cuDNN-supported data types/alignment,provenance-preserving expression DAG extraction + cuDNN graph backend,HIGH,HIGH,,https://docs.nvidia.com/deeplearning/cudnn/latest/index.html,cuTENSOR for its fixed unary/binary operator subset; NPP for flat supported signals; Thrust transform,GENERAL_CUDNN_GRAPH_BACKEND_ABSENT,SEMANTIC_MATCHER_AND_LIBRARY_BACKEND
aten_clamp_scalar_cpu,aten/src/ATen/native/cpu/TensorCompareKernel.cpp,clamp_scalar_kernel_impl,issues/aten_c_kernels/aten_clamp_scalar_cpu.c,float,N=4096,pointwise: clamp_scalar_kernel_impl,pointwise,,NONE,1,0,cuDNN,Pointwise operation graph,EXACT_GRAPH_IF_SUPPORTED,whole if every node is supported,"rounding mode, integer division/modulo, NaN/signed-zero and backward formula must agree",broadcastable regular strides and cuDNN-supported data types/alignment,provenance-preserving expression DAG extraction + cuDNN graph backend,HIGH,HIGH,,https://docs.nvidia.com/deeplearning/cudnn/latest/index.html,cuTENSOR for its fixed unary/binary operator subset; NPP for flat supported signals; Thrust transform,GENERAL_CUDNN_GRAPH_BACKEND_ABSENT,SEMANTIC_MATCHER_AND_LIBRARY_BACKEND
aten_coalesce_sparse_cpu,aten/src/ATen/native/sparse/SparseTensor.cpp,_coalesce_sparse_cpu,issues/aten_c_kernels/aten_coalesce_sparse_cpu.c,float/int,N=512,sparse_format: _coalesce_sparse,sparse_format,,NONE,0,1,cuSPARSE,COO/CSR conversion and sparse sorting/pruning APIs,SUBSET_WITH_CONSTRAINTS,standard conversion/sort stages,"duplicate coalescing, value reduction, block packing and requested ordering",supported sparse formats/index widths; workspace required,finish raising residual loops; then format recognizer + cuSPARSE conversion backend + residual composition,HIGH,MEDIUM,,https://docs.nvidia.com/cuda/cusparse/index.html,CUB sort/segmented-reduce for nonstandard sparse semantics,LIBRARY_BACKEND_ABSENT,RAISING_THEN_LIBRARY_LOWERING
aten_col2im_cpu,aten/src/ATen/native/Col2Im.cpp,col2im_out_cpu_template,issues/aten_c_kernels/aten_col2im_cpu.c,float,C=2; H=8; W=8; KH=3; KW=3,patch_extract_scatter: col2im_template,patch_extract_scatter,,NONE,1,1,CUB/Thrust,gather/scatter/select or sort/reduce-by-key primitives,BUILDING_BLOCKS_ONLY,indexing stages,"bounds/negative indices, duplicate destinations, atomic reduction, determinism and write order",index arrays and flattened affine addressing; patch operations need index generation,finish raising residual loops; then indexed-op semantic matcher + collision proof or reduce-by-key composition,HIGH,MEDIUM,,https://nvidia.github.io/cccl/unstable/cub/api/device.html,cuTENSOR/cuDNN only when the indexing operation specializes to a regular affine tensor op,LIBRARY_BACKEND_ABSENT,RAISING_THEN_LIBRARY_LOWERING
aten_combinations_cpu,aten/src/ATen/native/Itertools.cpp,combinations,issues/aten_c_kernels/aten_combinations_cpu.c,float,N=32; K=(N*(N-1),data_movement: combinations,data_movement,,NONE,0,2,CUDA Runtime,cudaMemcpy*/Memset or Thrust fill/sequence/transform,BUILDING_BLOCKS_ONLY,regular contiguous stages,"concatenation, combinations, diagonal/mask/index formulas need multiple calls or transforms",contiguous/regular pitched copies; arbitrary indexing is not memcpy,finish raising residual loops; then shape specialization and multi-call composition,HIGH,LOW,,https://docs.nvidia.com/cuda/cuda-runtime-api/,none identified with stronger whole-kernel semantics,LIBRARY_BACKEND_ABSENT,RAISING_THEN_LIBRARY_LOWERING
aten_compressed_block_convert_cpu,aten/src/ATen/native/TensorConversions.cpp,_compressed_to_block_compressed_cpu_kernel,issues/aten_c_kernels/aten_compressed_block_convert_cpu.c,float,R=64; C=64; BR=4; BC=4,sparse_format: _compressed_to_block_compressed_kernel,sparse_format,,NONE,0,2,cuSPARSE,COO/CSR conversion and sparse sorting/pruning APIs,SUBSET_WITH_CONSTRAINTS,standard conversion/sort stages,"duplicate coalescing, value reduction, block packing and requested ordering",supported sparse formats/index widths; workspace required,finish raising residual loops; then format recognizer + cuSPARSE conversion backend + residual composition,HIGH,MEDIUM,,https://docs.nvidia.com/cuda/cusparse/index.html,CUB sort/segmented-reduce for nonstandard sparse semantics,LIBRARY_BACKEND_ABSENT,RAISING_THEN_LIBRARY_LOWERING
aten_constant_pad_nd_cpu,aten/src/ATen/native/PadNd.cpp,constant_pad_nd,issues/aten_c_kernels/aten_constant_pad_nd_cpu.c,float,N=32; P=3,padding: constant_pad_nd,padding,cudaCopy1D_f32_tensor,PARTIAL_STAGE_ONLY,2,0,NPP,nppiCopy*Border,SUBSET_WITH_CONSTRAINTS,2D image constant/replicate border subset,reflection/circular rules and backward accumulation are not generally covered,NPP 2D ROI/channel/dtype layouts only,preserve current partial match and partition residual graph; then specialize compatible image cases; otherwise composition,HIGH,LOW,,https://docs.nvidia.com/cuda/npp/,none identified with stronger whole-kernel semantics,LIBRARY_BACKEND_ABSENT,GRAPH_PARTITION_RESIDUAL_THEN_LIBRARY_LOWERING
aten_conv1d,aten/src/ATen/native/Convolution.cpp,conv1d,issues/aten_c_kernels/aten_conv1d.c,float,B=2; IC=3; OC=4; W=16; K=3,convolution: conv1d,convolution,,NONE,2,0,cuDNN,Convolution forward/backward-data/backward-filter,EXACT_FIXED_CALL,whole,padding/dilation/groups/transposition and accumulation policy must match,cuDNN tensor/filter layouts and supported types; conv_tbc may need a layout transform,convolution descriptor extraction + missing forward/backward wrappers,HIGH,HIGHEST,,https://docs.nvidia.com/deeplearning/cudnn/latest/index.html,NPP for compatible 2D image cases; implicit-GEMM via cuBLAS/CUTLASS for convolution,RELATED_CUDNN_WRAPPERS_PRESENT_NEED_GENERALIZATION,SEMANTIC_MATCHER_AND_LIBRARY_BACKEND
aten_conv2d_columns_cpu,aten/src/ATen/native/ConvolutionMM2d.cpp,compute_columns2d,issues/aten_c_kernels/aten_conv2d_columns_cpu.c,float,C=3; H=16; W=16; K=3,patch_extract_scatter: compute_columns2d,patch_extract_scatter,,NONE,1,0,CUB/Thrust,gather/scatter/select or sort/reduce-by-key primitives,BUILDING_BLOCKS_ONLY,indexing stages,"bounds/negative indices, duplicate destinations, atomic reduction, determinism and write order",index arrays and flattened affine addressing; patch operations need index generation,indexed-op semantic matcher + collision proof or reduce-by-key composition,HIGH,MEDIUM,,https://nvidia.github.io/cccl/unstable/cub/api/device.html,cuTENSOR/cuDNN only when the indexing operation specializes to a regular affine tensor op,LIBRARY_BACKEND_ABSENT,MULTI_CALL_COMPOSITION_NOT_MATCHER_ONLY
aten_conv3d_columns_cpu,aten/src/ATen/native/ConvolutionMM3d.cpp,compute_columns3d,issues/aten_c_kernels/aten_conv3d_columns_cpu.c,float,C=2; D=8; H=9; W=10; K=3,patch_extract_scatter: compute_columns3d,patch_extract_scatter,,NONE,1,0,CUB/Thrust,gather/scatter/select or sort/reduce-by-key primitives,BUILDING_BLOCKS_ONLY,indexing stages,"bounds/negative indices, duplicate destinations, atomic reduction, determinism and write order",index arrays and flattened affine addressing; patch operations need index generation,indexed-op semantic matcher + collision proof or reduce-by-key composition,HIGH,MEDIUM,,https://nvidia.github.io/cccl/unstable/cub/api/device.html,cuTENSOR/cuDNN only when the indexing operation specializes to a regular affine tensor op,LIBRARY_BACKEND_ABSENT,MULTI_CALL_COMPOSITION_NOT_MATCHER_ONLY
aten_conv_tbc_backward_cpu,aten/src/ATen/native/ConvolutionTBC.cpp,conv_tbc_backward,issues/aten_c_kernels/aten_conv_tbc_backward_cpu.c,float,T=30; B=8; I=16; O=24; K=3,convolution: conv_tbc_backward,convolution,,NONE,1,1,cuDNN,Convolution forward/backward-data/backward-filter,EXACT_FIXED_CALL,whole,padding/dilation/groups/transposition and accumulation policy must match,cuDNN tensor/filter layouts and supported types; conv_tbc may need a layout transform,finish raising residual loops; then convolution descriptor extraction + missing forward/backward wrappers,HIGH,HIGHEST,,https://docs.nvidia.com/deeplearning/cudnn/latest/index.html,NPP for compatible 2D image cases; implicit-GEMM via cuBLAS/CUTLASS for convolution,RELATED_CUDNN_WRAPPERS_PRESENT_NEED_GENERALIZATION,RAISING_THEN_LIBRARY_LOWERING
aten_conv_tbc_cpu,aten/src/ATen/native/ConvolutionTBC.cpp,conv_tbc,issues/aten_c_kernels/aten_conv_tbc_cpu.c,float,T=32; B=8; I=16; O=24; K=3,convolution: conv_tbc,convolution,,NONE,2,0,cuDNN,Convolution forward/backward-data/backward-filter,EXACT_FIXED_CALL,whole,padding/dilation/groups/transposition and accumulation policy must match,cuDNN tensor/filter layouts and supported types; conv_tbc may need a layout transform,convolution descriptor extraction + missing forward/backward wrappers,HIGH,HIGHEST,,https://docs.nvidia.com/deeplearning/cudnn/latest/index.html,NPP for compatible 2D image cases; implicit-GEMM via cuBLAS/CUTLASS for convolution,RELATED_CUDNN_WRAPPERS_PRESENT_NEED_GENERALIZATION,SEMANTIC_MATCHER_AND_LIBRARY_BACKEND
aten_conv_transpose2d,aten/src/ATen/native/NaiveConvolutionTranspose2d.cpp,slow_conv_transpose2d,issues/aten_c_kernels/aten_conv_transpose2d.c,float,B=1; IC=2; OC=3; H=6; W=6; K=3,convolution: slow_conv_transpose2d,convolution,,NONE,2,0,cuDNN,Convolution forward/backward-data/backward-filter,EXACT_FIXED_CALL,whole,padding/dilation/groups/transposition and accumulation policy must match,cuDNN tensor/filter layouts and supported types; conv_tbc may need a layout transform,convolution descriptor extraction + missing forward/backward wrappers,HIGH,HIGHEST,,https://docs.nvidia.com/deeplearning/cudnn/latest/index.html,NPP for compatible 2D image cases; implicit-GEMM via cuBLAS/CUTLASS for convolution,RELATED_CUDNN_WRAPPERS_PRESENT_NEED_GENERALIZATION,SEMANTIC_MATCHER_AND_LIBRARY_BACKEND
aten_conv_transpose3d_cpu,aten/src/ATen/native/NaiveConvolutionTranspose3d.cpp,slow_conv_transpose3d_out_cpu_template,issues/aten_c_kernels/aten_conv_transpose3d_cpu.c,float,C=2; O=3; D=6; H=7; W=8; K=3,convolution: slow_conv_transpose3d_template,convolution,,NONE,1,1,cuDNN,Convolution forward/backward-data/backward-filter,EXACT_FIXED_CALL,whole,padding/dilation/groups/transposition and accumulation policy must match,cuDNN tensor/filter layouts and supported types; conv_tbc may need a layout transform,finish raising residual loops; then convolution descriptor extraction + missing forward/backward wrappers,HIGH,HIGHEST,,https://docs.nvidia.com/deeplearning/cudnn/latest/index.html,NPP for compatible 2D image cases; implicit-GEMM via cuBLAS/CUTLASS for convolution,RELATED_CUDNN_WRAPPERS_PRESENT_NEED_GENERALIZATION,RAISING_THEN_LIBRARY_LOWERING
aten_conv_transpose3d_grad_weight_cpu,aten/src/ATen/native/NaiveConvolutionTranspose3d.cpp,slow_conv_transpose3d_acc_grad_parameters_cpu,issues/aten_c_kernels/aten_conv_transpose3d_grad_weight_cpu.c,float,C=2; O=3; D=6; H=7; W=8; K=3,convolution: slow_conv_transpose3d_acc_grad_parameters,convolution,,NONE,1,1,cuDNN,Convolution forward/backward-data/backward-filter,EXACT_FIXED_CALL,whole,padding/dilation/groups/transposition and accumulation policy must match,cuDNN tensor/filter layouts and supported types; conv_tbc may need a layout transform,finish raising residual loops; then convolution descriptor extraction + missing forward/backward wrappers,HIGH,HIGHEST,,https://docs.nvidia.com/deeplearning/cudnn/latest/index.html,NPP for compatible 2D image cases; implicit-GEMM via cuBLAS/CUTLASS for convolution,RELATED_CUDNN_WRAPPERS_PRESENT_NEED_GENERALIZATION,RAISING_THEN_LIBRARY_LOWERING
aten_convert_coo_to_csr_cpu,aten/src/ATen/native/TensorConversions.cpp,convert_indices_from_coo_to_csr_cpu,issues/aten_c_kernels/aten_convert_coo_to_csr_cpu.c,int,N=512; R=64,sparse_format: convert_indices_from_coo_to_csr,sparse_format,,NONE,0,2,cuSPARSE,COO/CSR conversion and sparse sorting/pruning APIs,SUBSET_WITH_CONSTRAINTS,standard conversion/sort stages,"duplicate coalescing, value reduction, block packing and requested ordering",supported sparse formats/index widths; workspace required,finish raising residual loops; then format recognizer + cuSPARSE conversion backend + residual composition,HIGH,MEDIUM,,https://docs.nvidia.com/cuda/cusparse/index.html,CUB sort/segmented-reduce for nonstandard sparse semantics,LIBRARY_BACKEND_ABSENT,RAISING_THEN_LIBRARY_LOWERING
aten_convert_csr_to_coo_cpu,aten/src/ATen/native/TensorConversions.cpp,convert_indices_from_csr_to_coo_cpu,issues/aten_c_kernels/aten_convert_csr_to_coo_cpu.c,int,N=512; R=64,sparse_format: convert_indices_from_csr_to_coo,sparse_format,,NONE,0,2,cuSPARSE,COO/CSR conversion and sparse sorting/pruning APIs,SUBSET_WITH_CONSTRAINTS,standard conversion/sort stages,"duplicate coalescing, value reduction, block packing and requested ordering",supported sparse formats/index widths; workspace required,finish raising residual loops; then format recognizer + cuSPARSE conversion backend + residual composition,HIGH,MEDIUM,,https://docs.nvidia.com/cuda/cusparse/index.html,CUB sort/segmented-reduce for nonstandard sparse semantics,LIBRARY_BACKEND_ABSENT,RAISING_THEN_LIBRARY_LOWERING
aten_copysign,aten/src/ATen/native/cpu/BinaryOpsKernel.cpp,copysign_kernel,issues/aten_c_kernels/aten_copysign.c,float,N=4096,data_movement: copysign_kernel,data_movement,,NONE,1,0,CUDA Runtime,cudaMemcpy*/Memset or Thrust fill/sequence/transform,BUILDING_BLOCKS_ONLY,regular contiguous stages,"concatenation, combinations, diagonal/mask/index formulas need multiple calls or transforms",contiguous/regular pitched copies; arbitrary indexing is not memcpy,shape specialization and multi-call composition,HIGH,LOW,,https://docs.nvidia.com/cuda/cuda-runtime-api/,none identified with stronger whole-kernel semantics,LIBRARY_BACKEND_ABSENT,MULTI_CALL_COMPOSITION_NOT_MATCHER_ONLY
aten_count_nonzero_cpu,aten/src/ATen/native/TensorAdvancedIndexing.cpp,count_nonzero_cpu,issues/aten_c_kernels/aten_count_nonzero_cpu.c,float/int,N=2048,histogram_count: count_nonzero,histogram_count,,NONE,1,0,CUB/Thrust,DeviceHistogram or DeviceReduce,SUBSET_WITH_CONSTRAINTS,whole for supported binning/reduction,"bin-edge inclusivity, out-of-range/NaN handling and weighted/multidimensional bins",supported sample/bin types; histogramdd may require linearized keys,histogram matcher + CUB backend + semantic guards,HIGH,MEDIUM,,https://nvidia.github.io/cccl/unstable/cub/api/device.html,cuTENSOR/cuDNN only when the indexing operation specializes to a regular affine tensor op,LIBRARY_BACKEND_ABSENT,LEGALITY_SPECIALIZATION_AND_BACKEND
aten_count_nonzero_impl_cpu,aten/src/ATen/native/TensorAdvancedIndexing.cpp,count_nonzero_impl,issues/aten_c_kernels/aten_count_nonzero_impl_cpu.c,float/int,R=32; C=64,histogram_count: count_nonzero_impl,histogram_count,,NONE,2,0,CUB/Thrust,DeviceHistogram or DeviceReduce,SUBSET_WITH_CONSTRAINTS,whole for supported binning/reduction,"bin-edge inclusivity, out-of-range/NaN handling and weighted/multidimensional bins",supported sample/bin types; histogramdd may require linearized keys,histogram matcher + CUB backend + semantic guards,HIGH,MEDIUM,,https://nvidia.github.io/cccl/unstable/cub/api/device.html,cuTENSOR/cuDNN only when the indexing operation specializes to a regular affine tensor op,LIBRARY_BACKEND_ABSENT,LEGALITY_SPECIALIZATION_AND_BACKEND
aten_cross,aten/src/ATen/native/Cross.cpp,cross,issues/aten_c_kernels/aten_cross.c,float,N=64,cross_product: cross,cross_product,,NONE,3,0,cuDNN,pointwise/reduction/matmul operation graph,BUILDING_BLOCKS_ONLY,arithmetic stages,"complete formula, index/label rules, state mutation, reductions and backward outputs",only graph nodes/layouts supported by cuDNN,extract and partition expression/stage graph; validate plan or keep raised code,HIGH,LOW,,https://docs.nvidia.com/deeplearning/cudnn/latest/index.html,none identified with stronger whole-kernel semantics,GENERAL_CUDNN_GRAPH_BACKEND_ABSENT,MULTI_CALL_COMPOSITION_NOT_MATCHER_ONLY
aten_cross_cpu_backend,aten/src/ATen/native/cpu/CrossKernel.cpp,cross_kernel_impl,issues/aten_c_kernels/aten_cross_cpu_backend.c,float,V=256,cross_product: cross_kernel_impl,cross_product,,NONE,3,0,cuDNN,pointwise/reduction/matmul operation graph,BUILDING_BLOCKS_ONLY,arithmetic stages,"complete formula, index/label rules, state mutation, reductions and backward outputs",only graph nodes/layouts supported by cuDNN,extract and partition expression/stage graph; validate plan or keep raised code,HIGH,LOW,,https://docs.nvidia.com/deeplearning/cudnn/latest/index.html,none identified with stronger whole-kernel semantics,GENERAL_CUDNN_GRAPH_BACKEND_ABSENT,MULTI_CALL_COMPOSITION_NOT_MATCHER_ONLY
aten_ctc_loss_backward_cpu,aten/src/ATen/native/LossCTC.cpp,ctc_loss_backward_cpu_template,issues/aten_c_kernels/aten_ctc_loss_backward_cpu.c,float/int,T=24; B=4; C=12; L=5; S=(2*L+1),ctc_loss: ctc_loss_backward_template,ctc_loss,memset_zero_2D_f32,PARTIAL_STAGE_ONLY,2,5,cuDNN,CTC loss,SUBSET_WITH_CONSTRAINTS,whole,"blank label, normalization, determinism, input lengths and gradient semantics",cuDNN-supported CTC tensor layout/type/algorithm,finish raising residual loops; then CTC matcher + API wrapper,HIGH,MEDIUM,,https://docs.nvidia.com/deeplearning/cudnn/latest/index.html,none identified with stronger whole-kernel semantics,RELATED_CUDNN_WRAPPERS_PRESENT_NEED_GENERALIZATION,RAISING_THEN_LIBRARY_LOWERING
aten_ctc_loss_cpu,aten/src/ATen/native/LossCTC.cpp,ctc_loss_cpu_template,issues/aten_c_kernels/aten_ctc_loss_cpu.c,float/int,T=24; B=4; C=12; L=5; S=(2*L+1),ctc_loss: ctc_loss_template,ctc_loss,cutensorUnary_exp_f32,PARTIAL_STAGE_ONLY,3,4,cuDNN,CTC loss,SUBSET_WITH_CONSTRAINTS,whole,"blank label, normalization, determinism, input lengths and gradient semantics",cuDNN-supported CTC tensor layout/type/algorithm,finish raising residual loops; then CTC matcher + API wrapper,HIGH,MEDIUM,,https://docs.nvidia.com/deeplearning/cudnn/latest/index.html,none identified with stronger whole-kernel semantics,RELATED_CUDNN_WRAPPERS_PRESENT_NEED_GENERALIZATION,RAISING_THEN_LIBRARY_LOWERING
aten_cummax_cummin_cpu,aten/src/ATen/native/ReduceOps.cpp,cummax_cummin_helper,issues/aten_c_kernels/aten_cummax_cummin_cpu.c,float/int,R=16; N=64,scan: cummax_cummin_helper,scan,cudaCopy1D_f32_tensor,PARTIAL_STAGE_ONLY,3,0,CUB/Thrust,DeviceScan/DeviceSegmentedScan,SUBSET_WITH_CONSTRAINTS,whole for contiguous/segmented associative scans,"axis, inclusive convention, dtype accumulation, logsumexp stability and cummax indices/ties",scan axis must be contiguous or converted to explicit segments,preserve current partial match and partition residual graph; then scan matcher + CUB template backend + axis specialization,HIGH,HIGH,,https://nvidia.github.io/cccl/unstable/cub/api/device.html,cuTENSOR/cuDNN only when the indexing operation specializes to a regular affine tensor op,LIBRARY_BACKEND_ABSENT,GRAPH_PARTITION_RESIDUAL_THEN_LIBRARY_LOWERING
aten_cumprod_backward_cpu,aten/src/ATen/native/ReduceOps.cpp,cumprod_backward,issues/aten_c_kernels/aten_cumprod_backward_cpu.c,float,N=128,scan: cumprod_backward,scan,memset_zero_1D_f32,PARTIAL_STAGE_ONLY,2,2,CUB/Thrust,DeviceScan/DeviceSegmentedScan,SUBSET_WITH_CONSTRAINTS,whole for contiguous/segmented associative scans,"axis, inclusive convention, dtype accumulation, logsumexp stability and cummax indices/ties",scan axis must be contiguous or converted to explicit segments,finish raising residual loops; then scan matcher + CUB template backend + axis specialization,HIGH,HIGH,,https://nvidia.github.io/cccl/unstable/cub/api/device.html,cuTENSOR/cuDNN only when the indexing operation specializes to a regular affine tensor op,LIBRARY_BACKEND_ABSENT,RAISING_THEN_LIBRARY_LOWERING
aten_cumprod_cpu,aten/src/ATen/native/cpu/ReduceOpsKernel.cpp,cumprod_cpu_kernel,issues/aten_c_kernels/aten_cumprod_cpu.c,float,R=32; K=64,scan: cumprod_kernel,scan,,NONE,2,0,CUB/Thrust,DeviceScan/DeviceSegmentedScan,SUBSET_WITH_CONSTRAINTS,whole for contiguous/segmented associative scans,"axis, inclusive convention, dtype accumulation, logsumexp stability and cummax indices/ties",scan axis must be contiguous or converted to explicit segments,scan matcher + CUB template backend + axis specialization,HIGH,HIGH,,https://nvidia.github.io/cccl/unstable/cub/api/device.html,cuTENSOR/cuDNN only when the indexing operation specializes to a regular affine tensor op,LIBRARY_BACKEND_ABSENT,LEGALITY_SPECIALIZATION_AND_BACKEND
aten_cumsum,aten/src/ATen/native/cpu/ReduceOpsKernel.cpp,cumsum_cpu_kernel,issues/aten_c_kernels/aten_cumsum.c,float,N=256,scan: cumsum_kernel,scan,,NONE,1,0,CUB/Thrust,DeviceScan/DeviceSegmentedScan,SUBSET_WITH_CONSTRAINTS,whole for contiguous/segmented associative scans,"axis, inclusive convention, dtype accumulation, logsumexp stability and cummax indices/ties",scan axis must be contiguous or converted to explicit segments,scan matcher + CUB template backend + axis specialization,HIGH,HIGH,,https://nvidia.github.io/cccl/unstable/cub/api/device.html,cuTENSOR/cuDNN only when the indexing operation specializes to a regular affine tensor op,LIBRARY_BACKEND_ABSENT,LEGALITY_SPECIALIZATION_AND_BACKEND
aten_dense_sparse_add_cpu,aten/src/ATen/native/sparse/SparseTensorMath.cpp,add_out_dense_sparse_cpu,issues/aten_c_kernels/aten_dense_sparse_add_cpu.c,float/int,R=64; C=64; N=512,sparse_indexed_elementwise: add_dense_sparse,sparse_indexed_elementwise,cudaCopy2D_f32_tensor,PARTIAL_STAGE_ONLY,1,1,cuSPARSE,sparse descriptors plus CUB segmented/indexed primitives,BUILDING_BLOCKS_ONLY,storage and reduction stages,"implicit zeros, duplicates, segment boundaries, gradients and reduction/softmax semantics",standard sparse storage; arbitrary indexed formulas remain outside cuSPARSE,finish raising residual loops; then mixed cuSPARSE+CUB graph composition; not a one-call matcher,HIGH,LOW,,https://docs.nvidia.com/cuda/cusparse/index.html,CUB sort/segmented-reduce for nonstandard sparse semantics,LIBRARY_BACKEND_ABSENT,RAISING_THEN_LIBRARY_LOWERING
aten_depthwise_conv3x3_cpu,aten/src/ATen/native/cpu/DepthwiseConvKernel.cpp,_convolution_depthwise3x3_winograd,issues/aten_c_kernels/aten_depthwise_conv3x3_cpu.c,float,B=1; C=8; H=16; W=16,convolution: _convolution_depthwise3x3_winograd,convolution,,NONE,2,0,cuDNN,Convolution forward/backward-data/backward-filter,EXACT_FIXED_CALL,whole,padding/dilation/groups/transposition and accumulation policy must match,cuDNN tensor/filter layouts and supported types; conv_tbc may need a layout transform,convolution descriptor extraction + missing forward/backward wrappers,HIGH,HIGHEST,,https://docs.nvidia.com/deeplearning/cudnn/latest/index.html,NPP for compatible 2D image cases; implicit-GEMM via cuBLAS/CUTLASS for convolution,RELATED_CUDNN_WRAPPERS_PRESENT_NEED_GENERALIZATION,SEMANTIC_MATCHER_AND_LIBRARY_BACKEND
aten_diff_cpu,aten/src/ATen/native/ReduceOps.cpp,diff_helper,issues/aten_c_kernels/aten_diff_cpu.c,float,N=128,adjacent_difference: diff_helper,adjacent_difference,,NONE,1,0,CUB/Thrust,DeviceSegmentedReduce/AdjacentDifference,SUBSET_WITH_CONSTRAINTS,whole for direct primitive; otherwise central/boundary stages,"empty segments, indices/ties, scale, boundary formula and backward accumulation",explicit contiguous segments/offsets,CUB backend + segment/boundary extraction,HIGH,MEDIUM,,https://nvidia.github.io/cccl/unstable/cub/api/device.html,cuTENSOR/cuDNN only when the indexing operation specializes to a regular affine tensor op,LIBRARY_BACKEND_ABSENT,LEGALITY_SPECIALIZATION_AND_BACKEND
aten_digamma,aten/src/ATen/native/cpu/UnaryOpsKernel.cpp,digamma_kernel,issues/aten_c_kernels/aten_digamma.c,float,N=4096,random_distribution: digamma_kernel,random_distribution,,NONE,1,0,cuRAND,uniform/normal/lognormal/Poisson/Sobol generators,SUBSET_WITH_CONSTRAINTS,random draw stage or whole distribution subset,"ATen Philox generator state, seed/offset advancement, reproducibility and exact transform must match",cuRAND output type/count/alignment; many distributions need a transform,RNG-state proof + cuRAND backend; compose unsupported transforms,HIGH,LOW,,https://docs.nvidia.com/cuda/curand/host-api-overview.html,none identified with stronger whole-kernel semantics,LIBRARY_BACKEND_ABSENT,LEGALITY_SPECIALIZATION_AND_BACKEND
aten_dilated_convolution_cpu,aten/src/ATen/native/NaiveDilatedConvolution.cpp,slow_conv_dilated_all_cpu_template,issues/aten_c_kernels/aten_dilated_convolution_cpu.c,float,C=2; O=3; H=16; W=16; K=3; D=2,convolution: slow_conv_dilated_all_template,convolution,,NONE,2,0,cuDNN,Convolution forward/backward-data/backward-filter,EXACT_FIXED_CALL,whole,padding/dilation/groups/transposition and accumulation policy must match,cuDNN tensor/filter layouts and supported types; conv_tbc may need a layout transform,convolution descriptor extraction + missing forward/backward wrappers,HIGH,HIGHEST,,https://docs.nvidia.com/deeplearning/cudnn/latest/index.html,NPP for compatible 2D image cases; implicit-GEMM via cuBLAS/CUTLASS for convolution,RELATED_CUDNN_WRAPPERS_PRESENT_NEED_GENERALIZATION,SEMANTIC_MATCHER_AND_LIBRARY_BACKEND
aten_dirichlet_grad_cpu,aten/src/ATen/native/Distributions.cpp,_dirichlet_grad_cpu,issues/aten_c_kernels/aten_dirichlet_grad_cpu.c,float,N=1024,random_distribution: _dirichlet_grad,random_distribution,,NONE,1,0,cuRAND,uniform/normal/lognormal/Poisson/Sobol generators,SUBSET_WITH_CONSTRAINTS,random draw stage or whole distribution subset,"ATen Philox generator state, seed/offset advancement, reproducibility and exact transform must match",cuRAND output type/count/alignment; many distributions need a transform,RNG-state proof + cuRAND backend; compose unsupported transforms,HIGH,LOW,,https://docs.nvidia.com/cuda/curand/host-api-overview.html,none identified with stronger whole-kernel semantics,LIBRARY_BACKEND_ABSENT,LEGALITY_SPECIALIZATION_AND_BACKEND
aten_dirichlet_transform_cpu,aten/src/ATen/native/Distributions.cpp,_s_dirichlet_cpu,issues/aten_c_kernels/aten_dirichlet_transform_cpu.c,float,R=64; C=16,random_distribution: _s_dirichlet,random_distribution,,NONE,2,1,cuRAND,uniform/normal/lognormal/Poisson/Sobol generators,SUBSET_WITH_CONSTRAINTS,random draw stage or whole distribution subset,"ATen Philox generator state, seed/offset advancement, reproducibility and exact transform must match",cuRAND output type/count/alignment; many distributions need a transform,finish raising residual loops; then RNG-state proof + cuRAND backend; compose unsupported transforms,HIGH,LOW,,https://docs.nvidia.com/cuda/curand/host-api-overview.html,none identified with stronger whole-kernel semantics,LIBRARY_BACKEND_ABSENT,RAISING_THEN_LIBRARY_LOWERING
aten_div,aten/src/ATen/native/cpu/BinaryOpsKernel.cpp,div_true_kernel,issues/aten_c_kernels/aten_div.c,float,N=4096,pointwise: div_true_kernel,pointwise,,NONE,1,0,cuDNN,Pointwise operation graph,EXACT_GRAPH_IF_SUPPORTED,whole if every node is supported,"rounding mode, integer division/modulo, NaN/signed-zero and backward formula must agree",broadcastable regular strides and cuDNN-supported data types/alignment,provenance-preserving expression DAG extraction + cuDNN graph backend,HIGH,HIGH,,https://docs.nvidia.com/deeplearning/cudnn/latest/index.html,cuTENSOR for its fixed unary/binary operator subset; NPP for flat supported signals; Thrust transform,GENERAL_CUDNN_GRAPH_BACKEND_ABSENT,SEMANTIC_MATCHER_AND_LIBRARY_BACKEND
aten_div_floor,aten/src/ATen/native/cpu/BinaryOpsKernel.cpp,div_floor_kernel,issues/aten_c_kernels/aten_div_floor.c,float,N=4096,pointwise: div_floor_kernel,pointwise,,NONE,1,0,cuDNN,Pointwise operation graph,EXACT_GRAPH_IF_SUPPORTED,whole if every node is supported,"rounding mode, integer division/modulo, NaN/signed-zero and backward formula must agree",broadcastable regular strides and cuDNN-supported data types/alignment,provenance-preserving expression DAG extraction + cuDNN graph backend,HIGH,HIGH,,https://docs.nvidia.com/deeplearning/cudnn/latest/index.html,cuTENSOR for its fixed unary/binary operator subset; NPP for flat supported signals; Thrust transform,GENERAL_CUDNN_GRAPH_BACKEND_ABSENT,SEMANTIC_MATCHER_AND_LIBRARY_BACKEND
aten_div_trunc,aten/src/ATen/native/cpu/BinaryOpsKernel.cpp,div_trunc_kernel,issues/aten_c_kernels/aten_div_trunc.c,float,N=4096,pointwise: div_trunc_kernel,pointwise,,NONE,1,0,cuDNN,Pointwise operation graph,EXACT_GRAPH_IF_SUPPORTED,whole if every node is supported,"rounding mode, integer division/modulo, NaN/signed-zero and backward formula must agree",broadcastable regular strides and cuDNN-supported data types/alignment,provenance-preserving expression DAG extraction + cuDNN graph backend,HIGH,HIGH,,https://docs.nvidia.com/deeplearning/cudnn/latest/index.html,cuTENSOR for its fixed unary/binary operator subset; NPP for flat supported signals; Thrust transform,GENERAL_CUDNN_GRAPH_BACKEND_ABSENT,SEMANTIC_MATCHER_AND_LIBRARY_BACKEND
aten_dropout_feature_noise_cpu,aten/src/ATen/native/Dropout.cpp,make_feature_noise,issues/aten_c_kernels/aten_dropout_feature_noise_cpu.c,float,B=8; C=16; H=8; W=8,dropout: make_feature_noise,dropout,,NONE,1,0,cuRAND,uniform/normal/lognormal/Poisson/Sobol generators,SUBSET_WITH_CONSTRAINTS,random draw stage or whole distribution subset,"ATen Philox generator state, seed/offset advancement, reproducibility and exact transform must match",cuRAND output type/count/alignment; many distributions need a transform,RNG-state proof + cuRAND backend; compose unsupported transforms,HIGH,LOW,,https://docs.nvidia.com/cuda/curand/host-api-overview.html,none identified with stronger whole-kernel semantics,LIBRARY_BACKEND_ABSENT,LEGALITY_SPECIALIZATION_AND_BACKEND
aten_dyn_quant_matmul_4bit_cpu,aten/src/ATen/native/cpu/int4mm_kernel.cpp,dyn_quant_matmul_4bit_kernel,issues/aten_c_kernels/aten_dyn_quant_matmul_4bit_cpu.c,float,M=32; K=64; N=48,quantized_matrix_multiply: dyn_quant_matmul_4bit_kernel,quantized_matrix_multiply,memset_zero_1D_f32,PARTIAL_STAGE_ONLY,2,1,cuBLAS,cublasLtMatmul,SUBSET_WITH_CONSTRAINTS,matmul stage,"4-bit packing, per-group scales/zero-points, dequantization and accumulator semantics",cuBLASLt-supported quantized types/layouts/alignments,finish raising residual loops; then quantized pattern + pack/layout proof + cuBLASLt backend,HIGH,HIGH,,https://docs.nvidia.com/cuda/cublas/contents.html,none identified with stronger whole-kernel semantics,RELATED_CUBLAS_WRAPPERS_PRESENT_NEED_GENERALIZATION,RAISING_THEN_LIBRARY_LOWERING
aten_dyn_quant_pack_4bit_weight_cpu,aten/src/ATen/native/cpu/int4mm_kernel.cpp,dyn_quant_pack_4bit_weight_kernel,issues/aten_c_kernels/aten_dyn_quant_pack_4bit_weight_cpu.c,float,M=32; K=64; N=48,compound_or_specialized: dyn_quant_pack_4bit_weight_kernel,compound_or_specialized,,NONE,1,2,none,no public whole-tensor NVIDIA library operation,NO_PUBLIC_LIBRARY_EQUIVALENT,none,scalar CUDA math/libdevice or recurrences are not a host-callable tensor library implementation,not applicable,finish raising residual loops; then retain raised code or permit a generated/custom GPU kernel,HIGH,NONE,A scalar device function may exist; that is not a link-only tensor-library lowering.,,scalar CUDA math/libdevice or generated kernel (not a link-only tensor API),NO_PUBLIC_LIBRARY_BACKEND_POSSIBLE,RAISING_THEN_LIBRARY_LOWERING
aten_eig_complex_vectors_cpu,aten/src/ATen/native/BatchLinearAlgebraKernel.cpp,linalg_eig_make_complex_eigenvectors_cpu_impl,issues/aten_c_kernels/aten_eig_complex_vectors_cpu.c,float,N=64,matrix_factorization: linalg_eig_make_complex_eigenvectors_impl,matrix_factorization,,NONE,0,2,cuSOLVER,dense eig/LU/QR helper APIs,BUILDING_BLOCKS_ONLY,factorization or helper stage,the extracted helper may only reflect/unpack pivots rather than perform the factorization,cuSOLVER column-major dense layouts/types/workspaces,finish raising residual loops; then recognize enclosing factorization; helper alone is not a cuSOLVER call,HIGH,LOW,,https://docs.nvidia.com/cuda/cusolver/contents.html,none identified with stronger whole-kernel semantics,LIBRARY_BACKEND_ABSENT,RAISING_THEN_LIBRARY_LOWERING
aten_elu,aten/src/ATen/native/cpu/Activation.cpp,elu_kernel,issues/aten_c_kernels/aten_elu.c,float,N=256,pointwise: elu_kernel,pointwise,,NONE,1,0,cuDNN,Pointwise operation graph,EXACT_GRAPH_IF_SUPPORTED,whole if every node is supported,"rounding mode, integer division/modulo, NaN/signed-zero and backward formula must agree",broadcastable regular strides and cuDNN-supported data types/alignment,provenance-preserving expression DAG extraction + cuDNN graph backend,HIGH,HIGH,,https://docs.nvidia.com/deeplearning/cudnn/latest/index.html,cuTENSOR for its fixed unary/binary operator subset; NPP for flat supported signals; Thrust transform,GENERAL_CUDNN_GRAPH_BACKEND_ABSENT,SEMANTIC_MATCHER_AND_LIBRARY_BACKEND
aten_elu_backward,aten/src/ATen/native/cpu/Activation.cpp,elu_backward_kernel,issues/aten_c_kernels/aten_elu_backward.c,float,N=4096,pointwise: elu_backward_kernel,pointwise,,NONE,1,0,cuDNN,Pointwise operation graph,EXACT_GRAPH_IF_SUPPORTED,whole if every node is supported,"rounding mode, integer division/modulo, NaN/signed-zero and backward formula must agree",broadcastable regular strides and cuDNN-supported data types/alignment,provenance-preserving expression DAG extraction + cuDNN graph backend,HIGH,HIGH,,https://docs.nvidia.com/deeplearning/cudnn/latest/index.html,cuTENSOR for its fixed unary/binary operator subset; NPP for flat supported signals; Thrust transform,GENERAL_CUDNN_GRAPH_BACKEND_ABSENT,SEMANTIC_MATCHER_AND_LIBRARY_BACKEND
aten_embedding,aten/src/ATen/native/Embedding.cpp,embedding,issues/aten_c_kernels/aten_embedding.c,float/int,VOCAB=64; DIM=16; TOKENS=8,indexed_data_movement: embedding,indexed_data_movement,,NONE,1,0,CUB/Thrust,gather/scatter/select or sort/reduce-by-key primitives,BUILDING_BLOCKS_ONLY,indexing stages,"bounds/negative indices, duplicate destinations, atomic reduction, determinism and write order",index arrays and flattened affine addressing; patch operations need index generation,indexed-op semantic matcher + collision proof or reduce-by-key composition,HIGH,MEDIUM,,https://nvidia.github.io/cccl/unstable/cub/api/device.html,cuTENSOR/cuDNN only when the indexing operation specializes to a regular affine tensor op,LIBRARY_BACKEND_ABSENT,MULTI_CALL_COMPOSITION_NOT_MATCHER_ONLY
aten_embedding_bag_backward_max_cpu,aten/src/ATen/native/EmbeddingBag.cpp,_embedding_bag_dense_backward_cpu_max,issues/aten_c_kernels/aten_embedding_bag_backward_max_cpu.c,float/int,B=32; D=64; E=1024,segmented_reduction: _embedding_bag_dense_backward_max,segmented_reduction,memset_zero_1D_f32,PARTIAL_STAGE_ONLY,1,2,CUB/Thrust,DeviceSegmentedReduce/AdjacentDifference,SUBSET_WITH_CONSTRAINTS,whole for direct primitive; otherwise central/boundary stages,"empty segments, indices/ties, scale, boundary formula and backward accumulation",explicit contiguous segments/offsets,finish raising residual loops; then CUB backend + segment/boundary extraction,HIGH,MEDIUM,,https://nvidia.github.io/cccl/unstable/cub/api/device.html,CUB segmented/device reduction; cuDNN graph; NPP flat-signal statistics,LIBRARY_BACKEND_ABSENT,RAISING_THEN_LIBRARY_LOWERING
aten_embedding_bag_backward_sum_cpu,aten/src/ATen/native/EmbeddingBag.cpp,_embedding_bag_dense_backward_cpu_sum_mean,issues/aten_c_kernels/aten_embedding_bag_backward_sum_cpu.c,float/int,B=32; L=16; E=1024; D=64,segmented_reduction: _embedding_bag_dense_backward_sum_mean,segmented_reduction,memset_zero_1D_f32,PARTIAL_STAGE_ONLY,1,3,CUB/Thrust,DeviceSegmentedReduce/AdjacentDifference,SUBSET_WITH_CONSTRAINTS,whole for direct primitive; otherwise central/boundary stages,"empty segments, indices/ties, scale, boundary formula and backward accumulation",explicit contiguous segments/offsets,finish raising residual loops; then CUB backend + segment/boundary extraction,HIGH,MEDIUM,,https://nvidia.github.io/cccl/unstable/cub/api/device.html,CUB segmented/device reduction; cuDNN graph; NPP flat-signal statistics,LIBRARY_BACKEND_ABSENT,RAISING_THEN_LIBRARY_LOWERING
aten_embedding_bag_counts_cpu,aten/src/ATen/native/EmbeddingBag.cpp,compute_counts,issues/aten_c_kernels/aten_embedding_bag_counts_cpu.c,int,N=512; E=1024,segmented_reduction: compute_counts,segmented_reduction,,NONE,1,1,CUB/Thrust,DeviceSegmentedReduce/AdjacentDifference,SUBSET_WITH_CONSTRAINTS,whole for direct primitive; otherwise central/boundary stages,"empty segments, indices/ties, scale, boundary formula and backward accumulation",explicit contiguous segments/offsets,finish raising residual loops; then CUB backend + segment/boundary extraction,HIGH,MEDIUM,,https://nvidia.github.io/cccl/unstable/cub/api/device.html,CUB segmented/device reduction; cuDNN graph; NPP flat-signal statistics,LIBRARY_BACKEND_ABSENT,RAISING_THEN_LIBRARY_LOWERING
aten_embedding_bag_counts_uniq_cpu,aten/src/ATen/native/EmbeddingBag.cpp,compute_counts_uniq,issues/aten_c_kernels/aten_embedding_bag_counts_uniq_cpu.c,int,N=512,segmented_reduction: compute_counts_uniq,segmented_reduction,,NONE,2,0,CUB/Thrust,DeviceSegmentedReduce/AdjacentDifference,SUBSET_WITH_CONSTRAINTS,whole for direct primitive; otherwise central/boundary stages,"empty segments, indices/ties, scale, boundary formula and backward accumulation",explicit contiguous segments/offsets,CUB backend + segment/boundary extraction,HIGH,MEDIUM,,https://nvidia.github.io/cccl/unstable/cub/api/device.html,CUB segmented/device reduction; cuDNN graph; NPP flat-signal statistics,LIBRARY_BACKEND_ABSENT,LEGALITY_SPECIALIZATION_AND_BACKEND
aten_embedding_bag_max_cpu,aten/src/ATen/native/EmbeddingBag.cpp,embedding_bag_cpu_max_out,issues/aten_c_kernels/aten_embedding_bag_max_cpu.c,float/int,B=32; L=16; E=1024; D=64,segmented_reduction: embedding_bag_max,segmented_reduction,,NONE,0,5,CUB/Thrust,DeviceSegmentedReduce/AdjacentDifference,SUBSET_WITH_CONSTRAINTS,whole for direct primitive; otherwise central/boundary stages,"empty segments, indices/ties, scale, boundary formula and backward accumulation",explicit contiguous segments/offsets,finish raising residual loops; then CUB backend + segment/boundary extraction,HIGH,MEDIUM,,https://nvidia.github.io/cccl/unstable/cub/api/device.html,CUB segmented/device reduction; cuDNN graph; NPP flat-signal statistics,LIBRARY_BACKEND_ABSENT,RAISING_THEN_LIBRARY_LOWERING
aten_embedding_bag_per_sample_backward_cpu,aten/src/ATen/native/EmbeddingBag.cpp,_embedding_bag_per_sample_weights_backward_cpu_template,issues/aten_c_kernels/aten_embedding_bag_per_sample_backward_cpu.c,float/int,B=32; L=16; E=1024; D=64,segmented_reduction: _embedding_bag_per_sample_weights_backward_template,segmented_reduction,memset_zero_1D_f32,PARTIAL_STAGE_ONLY,2,1,CUB/Thrust,DeviceSegmentedReduce/AdjacentDifference,SUBSET_WITH_CONSTRAINTS,whole for direct primitive; otherwise central/boundary stages,"empty segments, indices/ties, scale, boundary formula and backward accumulation",explicit contiguous segments/offsets,finish raising residual loops; then CUB backend + segment/boundary extraction,HIGH,MEDIUM,,https://nvidia.github.io/cccl/unstable/cub/api/device.html,CUB segmented/device reduction; cuDNN graph; NPP flat-signal statistics,LIBRARY_BACKEND_ABSENT,RAISING_THEN_LIBRARY_LOWERING
aten_entr,aten/src/ATen/native/cpu/UnaryOpsKernel.cpp,entr_kernel,issues/aten_c_kernels/aten_entr.c,float,N=4096,pointwise_reduction_formula: entr_kernel,pointwise_reduction_formula,,NONE,1,0,cuDNN,pointwise operations + reduction operation graph,EXACT_GRAPH_IF_SUPPORTED,whole if graph accepted,"body operations, NaN policy, reduction identity and reassociation must match",cuDNN supported modes/types/layout/alignment; fusion engines do not accept every arbitrary graph,extract expression DAG + graph legality/cost check + cuDNN plan lowering,HIGH,MEDIUM,,https://docs.nvidia.com/deeplearning/cudnn/latest/index.html,cuTENSOR for its fixed unary/binary operator subset; NPP for flat supported signals; Thrust transform,GENERAL_CUDNN_GRAPH_BACKEND_ABSENT,SEMANTIC_MATCHER_AND_LIBRARY_BACKEND
aten_eq,aten/src/ATen/native/cpu/BinaryOpsKernel.cpp,eq_kernel,issues/aten_c_kernels/aten_eq.c,float,N=4096,pointwise: eq_kernel,pointwise,,NONE,1,0,cuDNN,Pointwise operation graph,EXACT_GRAPH_IF_SUPPORTED,whole if every node is supported,"rounding mode, integer division/modulo, NaN/signed-zero and backward formula must agree",broadcastable regular strides and cuDNN-supported data types/alignment,provenance-preserving expression DAG extraction + cuDNN graph backend,HIGH,HIGH,,https://docs.nvidia.com/deeplearning/cudnn/latest/index.html,cuTENSOR for its fixed unary/binary operator subset; NPP for flat supported signals; Thrust transform,GENERAL_CUDNN_GRAPH_BACKEND_ABSENT,SEMANTIC_MATCHER_AND_LIBRARY_BACKEND
aten_equal_cpu,aten/src/ATen/native/ReduceOps.cpp,cpu_equal,issues/aten_c_kernels/aten_equal_cpu.c,float/int,N=1024,compare_and_reduce: cpu_equal,compare_and_reduce,,NONE,1,0,cuDNN,pointwise operations + reduction operation graph,EXACT_GRAPH_IF_SUPPORTED,whole if graph accepted,"body operations, NaN policy, reduction identity and reassociation must match",cuDNN supported modes/types/layout/alignment; fusion engines do not accept every arbitrary graph,extract expression DAG + graph legality/cost check + cuDNN plan lowering,HIGH,MEDIUM,,https://docs.nvidia.com/deeplearning/cudnn/latest/index.html,none identified with stronger whole-kernel semantics,GENERAL_CUDNN_GRAPH_BACKEND_ABSENT,SEMANTIC_MATCHER_AND_LIBRARY_BACKEND
aten_erf,aten/src/ATen/native/cpu/UnaryOpsKernel.cpp,erf_kernel,issues/aten_c_kernels/aten_erf.c,float,N=4096,pointwise: erf_kernel,pointwise,,NONE,1,0,cuDNN,Pointwise operation graph,EXACT_GRAPH_IF_SUPPORTED,whole if every node is supported,"rounding mode, integer division/modulo, NaN/signed-zero and backward formula must agree",broadcastable regular strides and cuDNN-supported data types/alignment,provenance-preserving expression DAG extraction + cuDNN graph backend,HIGH,HIGH,,https://docs.nvidia.com/deeplearning/cudnn/latest/index.html,cuTENSOR for its fixed unary/binary operator subset; NPP for flat supported signals; Thrust transform,GENERAL_CUDNN_GRAPH_BACKEND_ABSENT,SEMANTIC_MATCHER_AND_LIBRARY_BACKEND
aten_erfc,aten/src/ATen/native/cpu/UnaryOpsKernel.cpp,erfc_kernel,issues/aten_c_kernels/aten_erfc.c,float,N=4096,pointwise_reduction_formula: erfc_kernel,pointwise_reduction_formula,,NONE,1,0,cuDNN,pointwise operations + reduction operation graph,EXACT_GRAPH_IF_SUPPORTED,whole if graph accepted,"body operations, NaN policy, reduction identity and reassociation must match",cuDNN supported modes/types/layout/alignment; fusion engines do not accept every arbitrary graph,extract expression DAG + graph legality/cost check + cuDNN plan lowering,HIGH,MEDIUM,,https://docs.nvidia.com/deeplearning/cudnn/latest/index.html,cuTENSOR for its fixed unary/binary operator subset; NPP for flat supported signals; Thrust transform,GENERAL_CUDNN_GRAPH_BACKEND_ABSENT,SEMANTIC_MATCHER_AND_LIBRARY_BACKEND
aten_erfcx,aten/src/ATen/native/cpu/UnaryOpsKernel.cpp,erfcx_kernel,issues/aten_c_kernels/aten_erfcx.c,float,N=4096,pointwise_reduction_formula: erfcx_kernel,pointwise_reduction_formula,,NONE,1,0,cuDNN,pointwise operations + reduction operation graph,EXACT_GRAPH_IF_SUPPORTED,whole if graph accepted,"body operations, NaN policy, reduction identity and reassociation must match",cuDNN supported modes/types/layout/alignment; fusion engines do not accept every arbitrary graph,extract expression DAG + graph legality/cost check + cuDNN plan lowering,HIGH,MEDIUM,,https://docs.nvidia.com/deeplearning/cudnn/latest/index.html,cuTENSOR for its fixed unary/binary operator subset; NPP for flat supported signals; Thrust transform,GENERAL_CUDNN_GRAPH_BACKEND_ABSENT,SEMANTIC_MATCHER_AND_LIBRARY_BACKEND
aten_erfinv,aten/src/ATen/native/cpu/UnaryOpsKernel.cpp,erfinv_kernel,issues/aten_c_kernels/aten_erfinv.c,float,N=4096,compound_or_specialized: erfinv_kernel,compound_or_specialized,,NONE,1,0,none,no public whole-tensor NVIDIA library operation,NO_PUBLIC_LIBRARY_EQUIVALENT,none,scalar CUDA math/libdevice or recurrences are not a host-callable tensor library implementation,not applicable,retain raised code or permit a generated/custom GPU kernel,HIGH,NONE,A scalar device function may exist; that is not a link-only tensor-library lowering.,,scalar CUDA math/libdevice or generated kernel (not a link-only tensor API),NO_PUBLIC_LIBRARY_BACKEND_POSSIBLE,NO_LINK_ONLY_LIBRARY_ROUTE
aten_exp2,aten/src/ATen/native/cpu/UnaryOpsKernel.cpp,exp2_kernel,issues/aten_c_kernels/aten_exp2.c,float,N=4096,pointwise: exp2_kernel,pointwise,,NONE,1,0,cuDNN,Pointwise operation graph,EXACT_GRAPH_IF_SUPPORTED,whole if every node is supported,"rounding mode, integer division/modulo, NaN/signed-zero and backward formula must agree",broadcastable regular strides and cuDNN-supported data types/alignment,provenance-preserving expression DAG extraction + cuDNN graph backend,HIGH,HIGH,,https://docs.nvidia.com/deeplearning/cudnn/latest/index.html,cuTENSOR for its fixed unary/binary operator subset; NPP for flat supported signals; Thrust transform,GENERAL_CUDNN_GRAPH_BACKEND_ABSENT,SEMANTIC_MATCHER_AND_LIBRARY_BACKEND
aten_expm1,aten/src/ATen/native/cpu/UnaryOpsKernel.cpp,expm1_kernel,issues/aten_c_kernels/aten_expm1.c,float,N=4096,pointwise: expm1_kernel,pointwise,,NONE,1,0,cuDNN,Pointwise operation graph,EXACT_GRAPH_IF_SUPPORTED,whole if every node is supported,"rounding mode, integer division/modulo, NaN/signed-zero and backward formula must agree",broadcastable regular strides and cuDNN-supported data types/alignment,provenance-preserving expression DAG extraction + cuDNN graph backend,HIGH,HIGH,,https://docs.nvidia.com/deeplearning/cudnn/latest/index.html,cuTENSOR for its fixed unary/binary operator subset; NPP for flat supported signals; Thrust transform,GENERAL_CUDNN_GRAPH_BACKEND_ABSENT,SEMANTIC_MATCHER_AND_LIBRARY_BACKEND
aten_exponential_cpu,aten/src/ATen/native/cpu/DistributionKernels.cpp,exponential_kernel,issues/aten_c_kernels/aten_exponential_cpu.c,float,N=4096,random_distribution: exponential_kernel,random_distribution,,NONE,1,0,cuRAND,uniform/normal/lognormal/Poisson/Sobol generators,SUBSET_WITH_CONSTRAINTS,random draw stage or whole distribution subset,"ATen Philox generator state, seed/offset advancement, reproducibility and exact transform must match",cuRAND output type/count/alignment; many distributions need a transform,RNG-state proof + cuRAND backend; compose unsupported transforms,HIGH,LOW,,https://docs.nvidia.com/cuda/curand/host-api-overview.html,none identified with stronger whole-kernel semantics,LIBRARY_BACKEND_ABSENT,LEGALITY_SPECIALIZATION_AND_BACKEND
aten_eye_cpu,aten/src/ATen/native/TensorFactories.cpp,eye_out_cpu,issues/aten_c_kernels/aten_eye_cpu.c,float,N=64,tensor_initialization: eye,tensor_initialization,,NONE,1,0,CUB/Thrust,cudaMemcpy*/Memset or Thrust fill/sequence/transform,BUILDING_BLOCKS_ONLY,regular contiguous stages,"concatenation, combinations, diagonal/mask/index formulas need multiple calls or transforms",contiguous/regular pitched copies; arbitrary indexing is not memcpy,shape specialization and multi-call composition,HIGH,LOW,,https://nvidia.github.io/cccl/unstable/cub/api/device.html,cuTENSOR/cuDNN only when the indexing operation specializes to a regular affine tensor op,LIBRARY_BACKEND_ABSENT,MULTI_CALL_COMPOSITION_NOT_MATCHER_ONLY
aten_fft_conjugate_symmetry_cpu,aten/src/ATen/native/SpectralOps.cpp,_fft_fill_with_conjugate_symmetry_,issues/aten_c_kernels/aten_fft_conjugate_symmetry_cpu.c,float,N=256,complex_layout: _fft_fill_with_conjugate_symmetry_,complex_layout,,NONE,2,0,cuTENSOR,cutensorPermute with CONJ/IDENTITY,SUBSET_WITH_CONSTRAINTS,conjugate/permutation stage,angle/sign/conjugate-symmetry fill may contain formulas or overlapping writes,regular complex FP32/FP64 tensors and affine permutation,split pure conjugate/permutation stages; compose remaining work,HIGH,MEDIUM,,https://docs.nvidia.com/cuda/cutensor/latest/api/cutensor.html,none identified with stronger whole-kernel semantics,GENERAL_CUTENSOR_BACKEND_ABSENT_CUTENSORNET_IS_NOT_EQUIVALENT,LEGALITY_SPECIALIZATION_AND_BACKEND
aten_fftshift_cpu,aten/src/ATen/native/SpectralOps.cpp,fft_fftshift,issues/aten_c_kernels/aten_fftshift_cpu.c,float,N=256,complex_layout: fft_fftshift,complex_layout,,NONE,1,0,cuTENSOR,cutensorPermute with CONJ/IDENTITY,SUBSET_WITH_CONSTRAINTS,conjugate/permutation stage,angle/sign/conjugate-symmetry fill may contain formulas or overlapping writes,regular complex FP32/FP64 tensors and affine permutation,split pure conjugate/permutation stages; compose remaining work,HIGH,MEDIUM,,https://docs.nvidia.com/cuda/cutensor/latest/api/cutensor.html,none identified with stronger whole-kernel semantics,GENERAL_CUTENSOR_BACKEND_ABSENT_CUTENSORNET_IS_NOT_EQUIVALENT,LEGALITY_SPECIALIZATION_AND_BACKEND
aten_fill,aten/src/ATen/native/cpu/FillKernel.cpp,fill_kernel,issues/aten_c_kernels/aten_fill.c,float,N=4096,tensor_initialization: fill_kernel,tensor_initialization,,NONE,1,0,CUB/Thrust,cudaMemcpy*/Memset or Thrust fill/sequence/transform,BUILDING_BLOCKS_ONLY,regular contiguous stages,"concatenation, combinations, diagonal/mask/index formulas need multiple calls or transforms",contiguous/regular pitched copies; arbitrary indexing is not memcpy,shape specialization and multi-call composition,HIGH,LOW,,https://nvidia.github.io/cccl/unstable/cub/api/device.html,cuTENSOR/cuDNN only when the indexing operation specializes to a regular affine tensor op,LIBRARY_BACKEND_ABSENT,MULTI_CALL_COMPOSITION_NOT_MATCHER_ONLY
aten_fill_diagonal_cpu,aten/src/ATen/native/Fill.cpp,fill_diagonal_,issues/aten_c_kernels/aten_fill_diagonal_cpu.c,float,N=32,tensor_initialization: fill_diagonal_,tensor_initialization,,NONE,1,0,CUB/Thrust,cudaMemcpy*/Memset or Thrust fill/sequence/transform,BUILDING_BLOCKS_ONLY,regular contiguous stages,"concatenation, combinations, diagonal/mask/index formulas need multiple calls or transforms",contiguous/regular pitched copies; arbitrary indexing is not memcpy,shape specialization and multi-call composition,HIGH,LOW,,https://nvidia.github.io/cccl/unstable/cub/api/device.html,cuTENSOR/cuDNN only when the indexing operation specializes to a regular affine tensor op,LIBRARY_BACKEND_ABSENT,MULTI_CALL_COMPOSITION_NOT_MATCHER_ONLY
aten_flash_attention_backward_cpu,aten/src/ATen/native/cpu/FlashAttentionKernel.cpp,flash_attention_backward_kernel_impl,issues/aten_c_kernels/aten_flash_attention_backward_cpu.c,float,B=1; H=2; Q=16; K=16; D=32,attention: flash_attention_backward_kernel_impl,attention,,NONE,5,7,cuDNN,SDPA forward/backward graph,SUBSET_WITH_CONSTRAINTS,whole for supported SDPA,"mask, dropout, scale, RNG state, auxiliary statistics and backward contract must match",cuDNN SDPA head-size/layout/dtype/device restrictions,finish raising residual loops; then recognize complete attention graph + cuDNN frontend plan backend,HIGH,HIGH,,https://docs.nvidia.com/deeplearning/cudnn/latest/index.html,none identified with stronger whole-kernel semantics,GENERAL_CUDNN_GRAPH_BACKEND_ABSENT,RAISING_THEN_LIBRARY_LOWERING
aten_flash_attention_cpu,aten/src/ATen/native/cpu/FlashAttentionKernel.cpp,flash_attention_kernel_impl,issues/aten_c_kernels/aten_flash_attention_cpu.c,float,B=1; H=2; Q=16; K=16; D=32,attention: flash_attention_kernel_impl,attention,"cublasSdot,memset_zero_1D_f32",PARTIAL_STAGE_ONLY,4,3,cuDNN,SDPA forward/backward graph,SUBSET_WITH_CONSTRAINTS,whole for supported SDPA,"mask, dropout, scale, RNG state, auxiliary statistics and backward contract must match",cuDNN SDPA head-size/layout/dtype/device restrictions,finish raising residual loops; then recognize complete attention graph + cuDNN frontend plan backend,HIGH,HIGH,,https://docs.nvidia.com/deeplearning/cudnn/latest/index.html,none identified with stronger whole-kernel semantics,GENERAL_CUDNN_GRAPH_BACKEND_ABSENT,RAISING_THEN_LIBRARY_LOWERING
aten_flatten_indices_launch_cpu,aten/src/ATen/native/sparse/FlattenIndicesKernel.cpp,launch,issues/aten_c_kernels/aten_flatten_indices_launch_cpu.c,int,D=3; N=512,index_generation: launch,index_generation,,NONE,2,0,CUB/Thrust,cudaMemcpy*/Memset or Thrust fill/sequence/transform,BUILDING_BLOCKS_ONLY,regular contiguous stages,"concatenation, combinations, diagonal/mask/index formulas need multiple calls or transforms",contiguous/regular pitched copies; arbitrary indexing is not memcpy,shape specialization and multi-call composition,HIGH,LOW,,https://nvidia.github.io/cccl/unstable/cub/api/device.html,cuTENSOR/cuDNN only when the indexing operation specializes to a regular affine tensor op,LIBRARY_BACKEND_ABSENT,MULTI_CALL_COMPOSITION_NOT_MATCHER_ONLY
aten_flip_cpu,aten/src/ATen/native/cpu/IndexKernel.cpp,flip_kernel,issues/aten_c_kernels/aten_flip_cpu.c,float/int,R=32; K=64; S=128,reverse: flip_kernel,reverse,,NONE,1,0,CUB/Thrust,thrust::reverse/reverse_copy,SUBSET_WITH_CONSTRAINTS,whole for one contiguous range,multi-axis flip order is irrelevant but views/aliasing must be legal,contiguous flattened range; arbitrary strided axes require permutation/composition,Thrust backend plus contiguity specialization,HIGH,LOW,,https://nvidia.github.io/cccl/unstable/cub/api/device.html,cuTENSOR/cuDNN only when the indexing operation specializes to a regular affine tensor op,LIBRARY_BACKEND_ABSENT,LEGALITY_SPECIALIZATION_AND_BACKEND
aten_flip_tensor_transform_cpu,aten/src/ATen/native/TensorTransformations.cpp,flip,issues/aten_c_kernels/aten_flip_tensor_transform_cpu.c,float,R=32; C=64,reverse: flip,reverse,,NONE,1,0,CUB/Thrust,thrust::reverse/reverse_copy,SUBSET_WITH_CONSTRAINTS,whole for one contiguous range,multi-axis flip order is irrelevant but views/aliasing must be legal,contiguous flattened range; arbitrary strided axes require permutation/composition,Thrust backend plus contiguity specialization,HIGH,LOW,,https://nvidia.github.io/cccl/unstable/cub/api/device.html,cuTENSOR/cuDNN only when the indexing operation specializes to a regular affine tensor op,LIBRARY_BACKEND_ABSENT,LEGALITY_SPECIALIZATION_AND_BACKEND
aten_fmax,aten/src/ATen/native/cpu/BinaryOpsKernel.cpp,fmax_kernel,issues/aten_c_kernels/aten_fmax.c,float,N=4096,pointwise: fmax_kernel,pointwise,,NONE,1,0,cuDNN,Pointwise operation graph,EXACT_GRAPH_IF_SUPPORTED,whole if every node is supported,"rounding mode, integer division/modulo, NaN/signed-zero and backward formula must agree",broadcastable regular strides and cuDNN-supported data types/alignment,provenance-preserving expression DAG extraction + cuDNN graph backend,HIGH,HIGH,,https://docs.nvidia.com/deeplearning/cudnn/latest/index.html,cuTENSOR for its fixed unary/binary operator subset; NPP for flat supported signals; Thrust transform,GENERAL_CUDNN_GRAPH_BACKEND_ABSENT,SEMANTIC_MATCHER_AND_LIBRARY_BACKEND
aten_fmin,aten/src/ATen/native/cpu/BinaryOpsKernel.cpp,fmin_kernel,issues/aten_c_kernels/aten_fmin.c,float,N=4096,pointwise: fmin_kernel,pointwise,,NONE,1,0,cuDNN,Pointwise operation graph,EXACT_GRAPH_IF_SUPPORTED,whole if every node is supported,"rounding mode, integer division/modulo, NaN/signed-zero and backward formula must agree",broadcastable regular strides and cuDNN-supported data types/alignment,provenance-preserving expression DAG extraction + cuDNN graph backend,HIGH,HIGH,,https://docs.nvidia.com/deeplearning/cudnn/latest/index.html,cuTENSOR for its fixed unary/binary operator subset; NPP for flat supported signals; Thrust transform,GENERAL_CUDNN_GRAPH_BACKEND_ABSENT,SEMANTIC_MATCHER_AND_LIBRARY_BACKEND
aten_fmod,aten/src/ATen/native/cpu/BinaryOpsKernel.cpp,fmod_kernel,issues/aten_c_kernels/aten_fmod.c,float,N=4096,pointwise: fmod_kernel,pointwise,,NONE,1,0,cuDNN,Pointwise operation graph,EXACT_GRAPH_IF_SUPPORTED,whole if every node is supported,"rounding mode, integer division/modulo, NaN/signed-zero and backward formula must agree",broadcastable regular strides and cuDNN-supported data types/alignment,provenance-preserving expression DAG extraction + cuDNN graph backend,HIGH,HIGH,,https://docs.nvidia.com/deeplearning/cudnn/latest/index.html,cuTENSOR for its fixed unary/binary operator subset; NPP for flat supported signals; Thrust transform,GENERAL_CUDNN_GRAPH_BACKEND_ABSENT,SEMANTIC_MATCHER_AND_LIBRARY_BACKEND
aten_frac,aten/src/ATen/native/cpu/UnaryOpsKernel.cpp,frac_kernel,issues/aten_c_kernels/aten_frac.c,float,N=4096,pointwise_reduction_formula: frac_kernel,pointwise_reduction_formula,,NONE,1,0,cuDNN,pointwise operations + reduction operation graph,EXACT_GRAPH_IF_SUPPORTED,whole if graph accepted,"body operations, NaN policy, reduction identity and reassociation must match",cuDNN supported modes/types/layout/alignment; fusion engines do not accept every arbitrary graph,extract expression DAG + graph legality/cost check + cuDNN plan lowering,HIGH,MEDIUM,,https://docs.nvidia.com/deeplearning/cudnn/latest/index.html,cuTENSOR for its fixed unary/binary operator subset; NPP for flat supported signals; Thrust transform,GENERAL_CUDNN_GRAPH_BACKEND_ABSENT,SEMANTIC_MATCHER_AND_LIBRARY_BACKEND
aten_fractional_max_pool2d_backward_cpu,aten/src/ATen/native/FractionalMaxPool2d.cpp,fractional_max_pool2d_backward_out_frame,issues/aten_c_kernels/aten_fractional_max_pool2d_backward_cpu.c,float/int,B=2; C=3; IH=9; IW=10; OH=4; OW=5; KH=3; KW=3,pointwise_reduction_formula: fractional_max_pool2d_backward_frame,pointwise_reduction_formula,,NONE,0,5,cuDNN,MAXPOOL Resample,BUILDING_BLOCKS_ONLY,window reduction only,sample-generated window origins and returned indices are outside cuDNN pooling,irregular per-output windows are not one cuDNN descriptor,finish raising residual loops; then multi-stage composition; not a matcher-only gap,HIGH,LOW,,https://docs.nvidia.com/deeplearning/cudnn/latest/index.html,cuTENSOR for its fixed unary/binary operator subset; NPP for flat supported signals; Thrust transform,RELATED_CUDNN_WRAPPERS_PRESENT_NEED_GENERALIZATION,RAISING_THEN_LIBRARY_LOWERING
aten_fractional_max_pool2d_cpu,aten/src/ATen/native/FractionalMaxPool2d.cpp,fractional_max_pool2d_out_frame,issues/aten_c_kernels/aten_fractional_max_pool2d_cpu.c,float/int,B=2; C=3; IH=9; IW=10; OH=4; OW=5; KH=3; KW=3,pointwise_reduction_formula: fractional_max_pool2d_frame,pointwise_reduction_formula,cudaCopy1D_f32_tensor,PARTIAL_STAGE_ONLY,4,6,cuDNN,MAXPOOL Resample,BUILDING_BLOCKS_ONLY,window reduction only,sample-generated window origins and returned indices are outside cuDNN pooling,irregular per-output windows are not one cuDNN descriptor,finish raising residual loops; then multi-stage composition; not a matcher-only gap,HIGH,LOW,,https://docs.nvidia.com/deeplearning/cudnn/latest/index.html,cuTENSOR for its fixed unary/binary operator subset; NPP for flat supported signals; Thrust transform,RELATED_CUDNN_WRAPPERS_PRESENT_NEED_GENERALIZATION,RAISING_THEN_LIBRARY_LOWERING
aten_fractional_max_pool3d_backward_cpu,aten/src/ATen/native/FractionalMaxPool3d.cpp,fractional_max_pool3d_backward_out_frame,issues/aten_c_kernels/aten_fractional_max_pool3d_backward_cpu.c,float/int,B=1; C=2; ID=8; IH=9; IW=10; OD=3; OH=4; OW=5; KD=2; KH=3; KW=3,pointwise_reduction_formula: fractional_max_pool3d_backward_frame,pointwise_reduction_formula,,NONE,0,5,cuDNN,MAXPOOL Resample,BUILDING_BLOCKS_ONLY,window reduction only,sample-generated window origins and returned indices are outside cuDNN pooling,irregular per-output windows are not one cuDNN descriptor,finish raising residual loops; then multi-stage composition; not a matcher-only gap,HIGH,LOW,,https://docs.nvidia.com/deeplearning/cudnn/latest/index.html,cuTENSOR for its fixed unary/binary operator subset; NPP for flat supported signals; Thrust transform,RELATED_CUDNN_WRAPPERS_PRESENT_NEED_GENERALIZATION,RAISING_THEN_LIBRARY_LOWERING
aten_fractional_max_pool3d_cpu,aten/src/ATen/native/FractionalMaxPool3d.cpp,fractional_max_pool3d_out_frame,issues/aten_c_kernels/aten_fractional_max_pool3d_cpu.c,float/int,B=1; C=2; ID=8; IH=9; IW=10; OD=3; OH=4; OW=5; KD=2; KH=3; KW=3,pointwise_reduction_formula: fractional_max_pool3d_frame,pointwise_reduction_formula,cudaCopy1D_f32_tensor,PARTIAL_STAGE_ONLY,4,7,cuDNN,MAXPOOL Resample,BUILDING_BLOCKS_ONLY,window reduction only,sample-generated window origins and returned indices are outside cuDNN pooling,irregular per-output windows are not one cuDNN descriptor,finish raising residual loops; then multi-stage composition; not a matcher-only gap,HIGH,LOW,,https://docs.nvidia.com/deeplearning/cudnn/latest/index.html,cuTENSOR for its fixed unary/binary operator subset; NPP for flat supported signals; Thrust transform,RELATED_CUDNN_WRAPPERS_PRESENT_NEED_GENERALIZATION,RAISING_THEN_LIBRARY_LOWERING
aten_fused_adagrad_cpu,aten/src/ATen/native/cpu/FusedAdagradKernel.cpp,fused_adagrad_kernel,issues/aten_c_kernels/aten_fused_adagrad_cpu.c,float/int,N=4096,optimizer_update: fused_adagrad_kernel,optimizer_update,,NONE,1,0,cuDNN,pointwise/reduction/matmul operation graph,BUILDING_BLOCKS_ONLY,arithmetic stages,"complete formula, index/label rules, state mutation, reductions and backward outputs",only graph nodes/layouts supported by cuDNN,extract and partition expression/stage graph; validate plan or keep raised code,HIGH,LOW,,https://docs.nvidia.com/deeplearning/cudnn/latest/index.html,none identified with stronger whole-kernel semantics,GENERAL_CUDNN_GRAPH_BACKEND_ABSENT,MULTI_CALL_COMPOSITION_NOT_MATCHER_ONLY
aten_fused_adam_cpu,aten/src/ATen/native/cpu/FusedAdamKernel.cpp,fused_adam_kernel,issues/aten_c_kernels/aten_fused_adam_cpu.c,float/int,N=4096,optimizer_update: fused_adam_kernel,optimizer_update,,NONE,0,1,cuDNN,pointwise/reduction/matmul operation graph,BUILDING_BLOCKS_ONLY,arithmetic stages,"complete formula, index/label rules, state mutation, reductions and backward outputs",only graph nodes/layouts supported by cuDNN,finish raising residual loops; then extract and partition expression/stage graph; validate plan or keep raised code,HIGH,LOW,,https://docs.nvidia.com/deeplearning/cudnn/latest/index.html,none identified with stronger whole-kernel semantics,GENERAL_CUDNN_GRAPH_BACKEND_ABSENT,RAISING_THEN_LIBRARY_LOWERING
aten_fused_sgd_cpu,aten/src/ATen/native/cpu/FusedSGDKernel.cpp,fused_sgd_kernel,issues/aten_c_kernels/aten_fused_sgd_cpu.c,float/int,N=4096,optimizer_update: fused_sgd_kernel,optimizer_update,,NONE,0,1,cuDNN,pointwise/reduction/matmul operation graph,BUILDING_BLOCKS_ONLY,arithmetic stages,"complete formula, index/label rules, state mutation, reductions and backward outputs",only graph nodes/layouts supported by cuDNN,finish raising residual loops; then extract and partition expression/stage graph; validate plan or keep raised code,HIGH,LOW,,https://docs.nvidia.com/deeplearning/cudnn/latest/index.html,none identified with stronger whole-kernel semantics,GENERAL_CUDNN_GRAPH_BACKEND_ABSENT,RAISING_THEN_LIBRARY_LOWERING
aten_gamma_transform_cpu,aten/src/ATen/native/Distributions.cpp,_s_gamma_cpu,issues/aten_c_kernels/aten_gamma_transform_cpu.c,float,N=1024,random_distribution: _s_gamma,random_distribution,,NONE,1,0,cuRAND,uniform/normal/lognormal/Poisson/Sobol generators,SUBSET_WITH_CONSTRAINTS,random draw stage or whole distribution subset,"ATen Philox generator state, seed/offset advancement, reproducibility and exact transform must match",cuRAND output type/count/alignment; many distributions need a transform,RNG-state proof + cuRAND backend; compose unsupported transforms,HIGH,LOW,,https://docs.nvidia.com/cuda/curand/host-api-overview.html,none identified with stronger whole-kernel semantics,LIBRARY_BACKEND_ABSENT,LEGALITY_SPECIALIZATION_AND_BACKEND
aten_gather_cpu,aten/src/ATen/native/cpu/ScatterGatherKernel.cpp,gather_cpu_kernel,issues/aten_c_kernels/aten_gather_cpu.c,float/int,R=32; K=64; S=128,indexed_data_movement: gather_kernel,indexed_data_movement,,NONE,1,0,CUB/Thrust,gather/scatter/select or sort/reduce-by-key primitives,BUILDING_BLOCKS_ONLY,indexing stages,"bounds/negative indices, duplicate destinations, atomic reduction, determinism and write order",index arrays and flattened affine addressing; patch operations need index generation,indexed-op semantic matcher + collision proof or reduce-by-key composition,HIGH,MEDIUM,,https://nvidia.github.io/cccl/unstable/cub/api/device.html,cuTENSOR/cuDNN only when the indexing operation specializes to a regular affine tensor op,LIBRARY_BACKEND_ABSENT,MULTI_CALL_COMPOSITION_NOT_MATCHER_ONLY
aten_gather_expanded_index_cpu,aten/src/ATen/native/cpu/ScatterGatherKernel.cpp,gather_expanded_index_kernel,issues/aten_c_kernels/aten_gather_expanded_index_cpu.c,float/int,R=32; K=64; S=128,indexed_data_movement: gather_expanded_index_kernel,indexed_data_movement,,NONE,1,0,CUB/Thrust,gather/scatter/select or sort/reduce-by-key primitives,BUILDING_BLOCKS_ONLY,indexing stages,"bounds/negative indices, duplicate destinations, atomic reduction, determinism and write order",index arrays and flattened affine addressing; patch operations need index generation,indexed-op semantic matcher + collision proof or reduce-by-key composition,HIGH,MEDIUM,,https://nvidia.github.io/cccl/unstable/cub/api/device.html,cuTENSOR/cuDNN only when the indexing operation specializes to a regular affine tensor op,LIBRARY_BACKEND_ABSENT,MULTI_CALL_COMPOSITION_NOT_MATCHER_ONLY
aten_gcd_i32,aten/src/ATen/native/cpu/BinaryOpsKernel.cpp,gcd_kernel,issues/aten_c_kernels/aten_gcd_i32.c,int,N=4096,compound_or_specialized: gcd_kernel,compound_or_specialized,,NONE,1,1,none,no public whole-tensor NVIDIA library operation,NO_PUBLIC_LIBRARY_EQUIVALENT,none,scalar CUDA math/libdevice or recurrences are not a host-callable tensor library implementation,not applicable,finish raising residual loops; then retain raised code or permit a generated/custom GPU kernel,HIGH,NONE,A scalar device function may exist; that is not a link-only tensor-library lowering.,,scalar CUDA math/libdevice or generated kernel (not a link-only tensor API),NO_PUBLIC_LIBRARY_BACKEND_POSSIBLE,RAISING_THEN_LIBRARY_LOWERING
aten_ge,aten/src/ATen/native/cpu/BinaryOpsKernel.cpp,ge_kernel,issues/aten_c_kernels/aten_ge.c,float,N=4096,pointwise: ge_kernel,pointwise,,NONE,1,0,cuDNN,Pointwise operation graph,EXACT_GRAPH_IF_SUPPORTED,whole if every node is supported,"rounding mode, integer division/modulo, NaN/signed-zero and backward formula must agree",broadcastable regular strides and cuDNN-supported data types/alignment,provenance-preserving expression DAG extraction + cuDNN graph backend,HIGH,HIGH,,https://docs.nvidia.com/deeplearning/cudnn/latest/index.html,cuTENSOR for its fixed unary/binary operator subset; NPP for flat supported signals; Thrust transform,GENERAL_CUDNN_GRAPH_BACKEND_ABSENT,SEMANTIC_MATCHER_AND_LIBRARY_BACKEND
aten_gelu_backward_cpu_exact,aten/src/ATen/native/cpu/Activation.cpp,GeluBackwardKernelImpl,issues/aten_c_kernels/aten_gelu_backward_cpu_exact.c,float,N=4096,pointwise: GeluBackwardKernelImpl,pointwise,,NONE,1,0,cuDNN,Pointwise operation graph,EXACT_GRAPH_IF_SUPPORTED,whole if every node is supported,"rounding mode, integer division/modulo, NaN/signed-zero and backward formula must agree",broadcastable regular strides and cuDNN-supported data types/alignment,provenance-preserving expression DAG extraction + cuDNN graph backend,HIGH,HIGH,,https://docs.nvidia.com/deeplearning/cudnn/latest/index.html,cuTENSOR for its fixed unary/binary operator subset; NPP for flat supported signals; Thrust transform,GENERAL_CUDNN_GRAPH_BACKEND_ABSENT,SEMANTIC_MATCHER_AND_LIBRARY_BACKEND
aten_gelu_backward_cpu_tanh,aten/src/ATen/native/cpu/Activation.cpp,GeluBackwardKernelImpl,issues/aten_c_kernels/aten_gelu_backward_cpu_tanh.c,float,N=4096,pointwise: GeluBackwardKernelImpl,pointwise,,NONE,1,0,cuDNN,Pointwise operation graph,EXACT_GRAPH_IF_SUPPORTED,whole if every node is supported,"rounding mode, integer division/modulo, NaN/signed-zero and backward formula must agree",broadcastable regular strides and cuDNN-supported data types/alignment,provenance-preserving expression DAG extraction + cuDNN graph backend,HIGH,HIGH,,https://docs.nvidia.com/deeplearning/cudnn/latest/index.html,cuTENSOR for its fixed unary/binary operator subset; NPP for flat supported signals; Thrust transform,GENERAL_CUDNN_GRAPH_BACKEND_ABSENT,SEMANTIC_MATCHER_AND_LIBRARY_BACKEND
aten_gelu_cpu_exact,aten/src/ATen/native/cpu/Activation.cpp,GeluKernelImpl,issues/aten_c_kernels/aten_gelu_cpu_exact.c,float,N=4096,pointwise: GeluKernelImpl,pointwise,,NONE,1,0,cuDNN,Pointwise operation graph,EXACT_GRAPH_IF_SUPPORTED,whole if every node is supported,"rounding mode, integer division/modulo, NaN/signed-zero and backward formula must agree",broadcastable regular strides and cuDNN-supported data types/alignment,provenance-preserving expression DAG extraction + cuDNN graph backend,HIGH,HIGH,,https://docs.nvidia.com/deeplearning/cudnn/latest/index.html,cuTENSOR for its fixed unary/binary operator subset; NPP for flat supported signals; Thrust transform,GENERAL_CUDNN_GRAPH_BACKEND_ABSENT,SEMANTIC_MATCHER_AND_LIBRARY_BACKEND
aten_geometric_cpu,aten/src/ATen/native/cpu/DistributionKernels.cpp,geometric_kernel,issues/aten_c_kernels/aten_geometric_cpu.c,float,N=4096,random_distribution: geometric_kernel,random_distribution,,NONE,1,0,cuRAND,uniform/normal/lognormal/Poisson/Sobol generators,SUBSET_WITH_CONSTRAINTS,random draw stage or whole distribution subset,"ATen Philox generator state, seed/offset advancement, reproducibility and exact transform must match",cuRAND output type/count/alignment; many distributions need a transform,RNG-state proof + cuRAND backend; compose unsupported transforms,HIGH,LOW,,https://docs.nvidia.com/cuda/curand/host-api-overview.html,none identified with stronger whole-kernel semantics,LIBRARY_BACKEND_ABSENT,LEGALITY_SPECIALIZATION_AND_BACKEND
aten_glu,aten/src/ATen/native/cpu/Activation.cpp,glu_kernel,issues/aten_c_kernels/aten_glu.c,float,N=4096,pointwise_reduction_formula: glu_kernel,pointwise_reduction_formula,,NONE,1,0,cuDNN,pointwise operations + reduction operation graph,EXACT_GRAPH_IF_SUPPORTED,whole if graph accepted,"body operations, NaN policy, reduction identity and reassociation must match",cuDNN supported modes/types/layout/alignment; fusion engines do not accept every arbitrary graph,extract expression DAG + graph legality/cost check + cuDNN plan lowering,HIGH,MEDIUM,,https://docs.nvidia.com/deeplearning/cudnn/latest/index.html,cuTENSOR for its fixed unary/binary operator subset; NPP for flat supported signals; Thrust transform,GENERAL_CUDNN_GRAPH_BACKEND_ABSENT,SEMANTIC_MATCHER_AND_LIBRARY_BACKEND
aten_glu_backward,aten/src/ATen/native/cpu/Activation.cpp,glu_backward_kernel,issues/aten_c_kernels/aten_glu_backward.c,float,N=4096,pointwise_reduction_formula: glu_backward_kernel,pointwise_reduction_formula,,NONE,1,0,cuDNN,pointwise operations + reduction operation graph,EXACT_GRAPH_IF_SUPPORTED,whole if graph accepted,"body operations, NaN policy, reduction identity and reassociation must match",cuDNN supported modes/types/layout/alignment; fusion engines do not accept every arbitrary graph,extract expression DAG + graph legality/cost check + cuDNN plan lowering,HIGH,MEDIUM,,https://docs.nvidia.com/deeplearning/cudnn/latest/index.html,cuTENSOR for its fixed unary/binary operator subset; NPP for flat supported signals; Thrust transform,GENERAL_CUDNN_GRAPH_BACKEND_ABSENT,SEMANTIC_MATCHER_AND_LIBRARY_BACKEND
aten_glu_jvp,aten/src/ATen/native/cpu/Activation.cpp,glu_jvp_kernel,issues/aten_c_kernels/aten_glu_jvp.c,float,N=4096,pointwise_reduction_formula: glu_jvp_kernel,pointwise_reduction_formula,,NONE,1,0,cuDNN,pointwise operations + reduction operation graph,EXACT_GRAPH_IF_SUPPORTED,whole if graph accepted,"body operations, NaN policy, reduction identity and reassociation must match",cuDNN supported modes/types/layout/alignment; fusion engines do not accept every arbitrary graph,extract expression DAG + graph legality/cost check + cuDNN plan lowering,HIGH,MEDIUM,,https://docs.nvidia.com/deeplearning/cudnn/latest/index.html,cuTENSOR for its fixed unary/binary operator subset; NPP for flat supported signals; Thrust transform,GENERAL_CUDNN_GRAPH_BACKEND_ABSENT,SEMANTIC_MATCHER_AND_LIBRARY_BACKEND
aten_gradient_cpu,aten/src/ATen/native/ReduceOps.cpp,gradient_helper,issues/aten_c_kernels/aten_gradient_cpu.c,float,N=128,finite_difference: gradient_helper,finite_difference,,NONE,1,0,CUB/Thrust,DeviceSegmentedReduce/AdjacentDifference,SUBSET_WITH_CONSTRAINTS,whole for direct primitive; otherwise central/boundary stages,"empty segments, indices/ties, scale, boundary formula and backward accumulation",explicit contiguous segments/offsets,CUB backend + segment/boundary extraction,HIGH,MEDIUM,,https://nvidia.github.io/cccl/unstable/cub/api/device.html,cuTENSOR/cuDNN only when the indexing operation specializes to a regular affine tensor op,LIBRARY_BACKEND_ABSENT,LEGALITY_SPECIALIZATION_AND_BACKEND
aten_gradient_float_cpu,aten/src/ATen/native/ReduceOps.cpp,gradient_helper_float,issues/aten_c_kernels/aten_gradient_float_cpu.c,float,N=128,finite_difference: gradient_helper_float,finite_difference,,NONE,1,0,CUB/Thrust,DeviceSegmentedReduce/AdjacentDifference,SUBSET_WITH_CONSTRAINTS,whole for direct primitive; otherwise central/boundary stages,"empty segments, indices/ties, scale, boundary formula and backward accumulation",explicit contiguous segments/offsets,CUB backend + segment/boundary extraction,HIGH,MEDIUM,,https://nvidia.github.io/cccl/unstable/cub/api/device.html,cuTENSOR/cuDNN only when the indexing operation specializes to a regular affine tensor op,LIBRARY_BACKEND_ABSENT,LEGALITY_SPECIALIZATION_AND_BACKEND
aten_grid_sampler_2d_backward_cpu,aten/src/ATen/native/cpu/GridSamplerKernel.cpp,grid_sampler_2d_backward_cpu_kernel_impl,issues/aten_c_kernels/aten_grid_sampler_2d_backward_cpu.c,float,B=1; C=3; IH=8; IW=8; OH=6; OW=6,resampling: grid_sampler_2d_backward_kernel_impl,resampling,memset_zero_1D_f32,PARTIAL_STAGE_ONLY,4,4,NPP,nppiResize/nppiRemap,SUBSET_WITH_CONSTRAINTS,forward 2D image subset,"ATen grid normalization, padding mode, align_corners, antialias and backward are not generally identical",NPP 2D image channels/ROI/step and supported dtypes,finish raising residual loops; then specialize proven-compatible 2D forward cases; no generic one-call route,HIGH,LOW,,https://docs.nvidia.com/cuda/npp/,NPP for compatible 2D image cases; implicit-GEMM via cuBLAS/CUTLASS for convolution,LIBRARY_BACKEND_ABSENT,RAISING_THEN_LIBRARY_LOWERING
aten_grid_sampler_2d_cpu,aten/src/ATen/native/cpu/GridSamplerKernel.cpp,grid_sampler_2d_cpu_kernel_impl,issues/aten_c_kernels/aten_grid_sampler_2d_cpu.c,float,B=1; C=3; IH=8; IW=8; OH=6; OW=6,resampling: grid_sampler_2d_kernel_impl,resampling,,NONE,1,0,NPP,nppiResize/nppiRemap,SUBSET_WITH_CONSTRAINTS,forward 2D image subset,"ATen grid normalization, padding mode, align_corners, antialias and backward are not generally identical",NPP 2D image channels/ROI/step and supported dtypes,specialize proven-compatible 2D forward cases; no generic one-call route,HIGH,LOW,,https://docs.nvidia.com/cuda/npp/,NPP for compatible 2D image cases; implicit-GEMM via cuBLAS/CUTLASS for convolution,LIBRARY_BACKEND_ABSENT,LEGALITY_SPECIALIZATION_AND_BACKEND
aten_grid_sampler_2d_fallback_cpu,aten/src/ATen/native/GridSampler.cpp,_grid_sampler_2d_cpu_fallback,issues/aten_c_kernels/aten_grid_sampler_2d_fallback_cpu.c,float/int,N=256,resampling: _grid_sampler_2d_fallback,resampling,,NONE,1,0,NPP,nppiResize/nppiRemap,SUBSET_WITH_CONSTRAINTS,forward 2D image subset,"ATen grid normalization, padding mode, align_corners, antialias and backward are not generally identical",NPP 2D image channels/ROI/step and supported dtypes,specialize proven-compatible 2D forward cases; no generic one-call route,HIGH,LOW,,https://docs.nvidia.com/cuda/npp/,NPP for compatible 2D image cases; implicit-GEMM via cuBLAS/CUTLASS for convolution,LIBRARY_BACKEND_ABSENT,LEGALITY_SPECIALIZATION_AND_BACKEND
aten_grid_sampler_2d_quantized_cpu,aten/src/ATen/native/GridSampler.cpp,_grid_sampler_2d_cpu_quantized,issues/aten_c_kernels/aten_grid_sampler_2d_quantized_cpu.c,float/int,N=256,resampling: _grid_sampler_2d_quantized,resampling,,NONE,1,0,NPP,nppiResize/nppiRemap,SUBSET_WITH_CONSTRAINTS,forward 2D image subset,"ATen grid normalization, padding mode, align_corners, antialias and backward are not generally identical",NPP 2D image channels/ROI/step and supported dtypes,specialize proven-compatible 2D forward cases; no generic one-call route,HIGH,LOW,,https://docs.nvidia.com/cuda/npp/,NPP for compatible 2D image cases; implicit-GEMM via cuBLAS/CUTLASS for convolution,LIBRARY_BACKEND_ABSENT,LEGALITY_SPECIALIZATION_AND_BACKEND
aten_grid_sampler_3d_backward_cpu,aten/src/ATen/native/GridSampler.cpp,grid_sampler_3d_backward_cpu_impl,issues/aten_c_kernels/aten_grid_sampler_3d_backward_cpu.c,float,B=1; C=2; ID=6; IH=7; IW=8; OD=4; OH=5; OW=6,resampling: grid_sampler_3d_backward_impl,resampling,,NONE,0,8,NPP,nppiResize/nppiRemap,SUBSET_WITH_CONSTRAINTS,forward 2D image subset,"ATen grid normalization, padding mode, align_corners, antialias and backward are not generally identical",NPP 2D image channels/ROI/step and supported dtypes,finish raising residual loops; then specialize proven-compatible 2D forward cases; no generic one-call route,HIGH,LOW,,https://docs.nvidia.com/cuda/npp/,NPP for compatible 2D image cases; implicit-GEMM via cuBLAS/CUTLASS for convolution,LIBRARY_BACKEND_ABSENT,RAISING_THEN_LIBRARY_LOWERING
aten_grid_sampler_3d_cpu,aten/src/ATen/native/GridSampler.cpp,grid_sampler_3d_cpu_impl,issues/aten_c_kernels/aten_grid_sampler_3d_cpu.c,float,B=1; C=2; ID=6; IH=7; IW=8; OD=4; OH=5; OW=6,resampling: grid_sampler_3d_impl,resampling,memset_zero_2D_f32,PARTIAL_STAGE_ONLY,2,2,NPP,nppiResize/nppiRemap,SUBSET_WITH_CONSTRAINTS,forward 2D image subset,"ATen grid normalization, padding mode, align_corners, antialias and backward are not generally identical",NPP 2D image channels/ROI/step and supported dtypes,finish raising residual loops; then specialize proven-compatible 2D forward cases; no generic one-call route,HIGH,LOW,,https://docs.nvidia.com/cuda/npp/,NPP for compatible 2D image cases; implicit-GEMM via cuBLAS/CUTLASS for convolution,LIBRARY_BACKEND_ABSENT,RAISING_THEN_LIBRARY_LOWERING
aten_group_norm_backward_cpu,aten/src/ATen/native/cpu/group_norm_kernel.cpp,GroupNormBackwardKernelImpl,issues/aten_c_kernels/aten_group_norm_backward_cpu.c,float,B=4; G=4; CPG=2; S=16,normalization: GroupNormBackwardKernelImpl,normalization,,NONE,4,3,cuDNN,Batch/Layer/Group normalization graph,EXACT_GRAPH_IF_SUPPORTED,whole for supported normalization; otherwise normalization stages,"epsilon, training/inference, saved statistics, unbiased variance and backward outputs",cuDNN normalization layout/type/alignment restrictions,finish raising residual loops; then normalization semantic matcher + cuDNN graph-plan backend,HIGH,HIGH,,https://docs.nvidia.com/deeplearning/cudnn/latest/index.html,CUB segmented/device reduction; cuDNN graph; NPP flat-signal statistics,GENERAL_CUDNN_GRAPH_BACKEND_ABSENT,RAISING_THEN_LIBRARY_LOWERING
aten_group_norm_cpu,aten/src/ATen/native/cpu/group_norm_kernel.cpp,GroupNormKernelImpl,issues/aten_c_kernels/aten_group_norm_cpu.c,float,B=4; G=4; CPG=2; S=16,normalization: GroupNormKernelImpl,normalization,,NONE,3,2,cuDNN,Batch/Layer/Group normalization graph,EXACT_GRAPH_IF_SUPPORTED,whole for supported normalization; otherwise normalization stages,"epsilon, training/inference, saved statistics, unbiased variance and backward outputs",cuDNN normalization layout/type/alignment restrictions,finish raising residual loops; then normalization semantic matcher + cuDNN graph-plan backend,HIGH,HIGH,,https://docs.nvidia.com/deeplearning/cudnn/latest/index.html,CUB segmented/device reduction; cuDNN graph; NPP flat-signal statistics,GENERAL_CUDNN_GRAPH_BACKEND_ABSENT,RAISING_THEN_LIBRARY_LOWERING
aten_gt,aten/src/ATen/native/cpu/BinaryOpsKernel.cpp,gt_kernel,issues/aten_c_kernels/aten_gt.c,float,N=4096,pointwise: gt_kernel,pointwise,,NONE,1,0,cuDNN,Pointwise operation graph,EXACT_GRAPH_IF_SUPPORTED,whole if every node is supported,"rounding mode, integer division/modulo, NaN/signed-zero and backward formula must agree",broadcastable regular strides and cuDNN-supported data types/alignment,provenance-preserving expression DAG extraction + cuDNN graph backend,HIGH,HIGH,,https://docs.nvidia.com/deeplearning/cudnn/latest/index.html,cuTENSOR for its fixed unary/binary operator subset; NPP for flat supported signals; Thrust transform,GENERAL_CUDNN_GRAPH_BACKEND_ABSENT,SEMANTIC_MATCHER_AND_LIBRARY_BACKEND
aten_hardshrink,aten/src/ATen/native/cpu/Activation.cpp,hardshrink_kernel,issues/aten_c_kernels/aten_hardshrink.c,float,N=4096,pointwise_formula: hardshrink_kernel,pointwise_formula,,NONE,1,0,cuDNN,Pointwise operation graph,EXACT_GRAPH_IF_SUPPORTED,whole if every node is supported,"rounding mode, integer division/modulo, NaN/signed-zero and backward formula must agree",broadcastable regular strides and cuDNN-supported data types/alignment,provenance-preserving expression DAG extraction + cuDNN graph backend,HIGH,HIGH,,https://docs.nvidia.com/deeplearning/cudnn/latest/index.html,cuTENSOR for its fixed unary/binary operator subset; NPP for flat supported signals; Thrust transform,GENERAL_CUDNN_GRAPH_BACKEND_ABSENT,SEMANTIC_MATCHER_AND_LIBRARY_BACKEND
aten_hardsigmoid,aten/src/ATen/native/cpu/Activation.cpp,hardsigmoid_kernel,issues/aten_c_kernels/aten_hardsigmoid.c,float,N=256,pointwise_reduction_formula: hardsigmoid_kernel,pointwise_reduction_formula,,NONE,1,0,cuDNN,pointwise operations + reduction operation graph,EXACT_GRAPH_IF_SUPPORTED,whole if graph accepted,"body operations, NaN policy, reduction identity and reassociation must match",cuDNN supported modes/types/layout/alignment; fusion engines do not accept every arbitrary graph,extract expression DAG + graph legality/cost check + cuDNN plan lowering,HIGH,MEDIUM,,https://docs.nvidia.com/deeplearning/cudnn/latest/index.html,cuTENSOR for its fixed unary/binary operator subset; NPP for flat supported signals; Thrust transform,GENERAL_CUDNN_GRAPH_BACKEND_ABSENT,SEMANTIC_MATCHER_AND_LIBRARY_BACKEND
aten_hardsigmoid_backward,aten/src/ATen/native/cpu/Activation.cpp,hardsigmoid_backward_kernel,issues/aten_c_kernels/aten_hardsigmoid_backward.c,float,N=4096,pointwise_reduction_formula: hardsigmoid_backward_kernel,pointwise_reduction_formula,,NONE,1,0,cuDNN,pointwise operations + reduction operation graph,EXACT_GRAPH_IF_SUPPORTED,whole if graph accepted,"body operations, NaN policy, reduction identity and reassociation must match",cuDNN supported modes/types/layout/alignment; fusion engines do not accept every arbitrary graph,extract expression DAG + graph legality/cost check + cuDNN plan lowering,HIGH,MEDIUM,,https://docs.nvidia.com/deeplearning/cudnn/latest/index.html,cuTENSOR for its fixed unary/binary operator subset; NPP for flat supported signals; Thrust transform,GENERAL_CUDNN_GRAPH_BACKEND_ABSENT,SEMANTIC_MATCHER_AND_LIBRARY_BACKEND
aten_hardswish,aten/src/ATen/native/cpu/Activation.cpp,hardswish_kernel,issues/aten_c_kernels/aten_hardswish.c,float,N=256,pointwise_reduction_formula: hardswish_kernel,pointwise_reduction_formula,,NONE,1,0,cuDNN,pointwise operations + reduction operation graph,EXACT_GRAPH_IF_SUPPORTED,whole if graph accepted,"body operations, NaN policy, reduction identity and reassociation must match",cuDNN supported modes/types/layout/alignment; fusion engines do not accept every arbitrary graph,extract expression DAG + graph legality/cost check + cuDNN plan lowering,HIGH,MEDIUM,,https://docs.nvidia.com/deeplearning/cudnn/latest/index.html,cuTENSOR for its fixed unary/binary operator subset; NPP for flat supported signals; Thrust transform,GENERAL_CUDNN_GRAPH_BACKEND_ABSENT,SEMANTIC_MATCHER_AND_LIBRARY_BACKEND
aten_hardswish_backward,aten/src/ATen/native/cpu/Activation.cpp,hardswish_backward_kernel,issues/aten_c_kernels/aten_hardswish_backward.c,float,N=4096,pointwise_reduction_formula: hardswish_backward_kernel,pointwise_reduction_formula,,NONE,1,0,cuDNN,pointwise operations + reduction operation graph,EXACT_GRAPH_IF_SUPPORTED,whole if graph accepted,"body operations, NaN policy, reduction identity and reassociation must match",cuDNN supported modes/types/layout/alignment; fusion engines do not accept every arbitrary graph,extract expression DAG + graph legality/cost check + cuDNN plan lowering,HIGH,MEDIUM,,https://docs.nvidia.com/deeplearning/cudnn/latest/index.html,cuTENSOR for its fixed unary/binary operator subset; NPP for flat supported signals; Thrust transform,GENERAL_CUDNN_GRAPH_BACKEND_ABSENT,SEMANTIC_MATCHER_AND_LIBRARY_BACKEND
aten_hardtanh,aten/src/ATen/native/Activation.cpp,Tensor hardtanh,issues/aten_c_kernels/aten_hardtanh.c,float,N=256,pointwise_reduction_formula: Tensor hardtanh,pointwise_reduction_formula,,NONE,1,0,cuDNN,pointwise operations + reduction operation graph,EXACT_GRAPH_IF_SUPPORTED,whole if graph accepted,"body operations, NaN policy, reduction identity and reassociation must match",cuDNN supported modes/types/layout/alignment; fusion engines do not accept every arbitrary graph,extract expression DAG + graph legality/cost check + cuDNN plan lowering,HIGH,MEDIUM,,https://docs.nvidia.com/deeplearning/cudnn/latest/index.html,cuTENSOR for its fixed unary/binary operator subset; NPP for flat supported signals; Thrust transform,GENERAL_CUDNN_GRAPH_BACKEND_ABSENT,SEMANTIC_MATCHER_AND_LIBRARY_BACKEND
aten_hardtanh_backward,aten/src/ATen/native/cpu/Activation.cpp,hardtanh_backward_kernel,issues/aten_c_kernels/aten_hardtanh_backward.c,float,N=4096,pointwise_reduction_formula: hardtanh_backward_kernel,pointwise_reduction_formula,,NONE,1,0,cuDNN,pointwise operations + reduction operation graph,EXACT_GRAPH_IF_SUPPORTED,whole if graph accepted,"body operations, NaN policy, reduction identity and reassociation must match",cuDNN supported modes/types/layout/alignment; fusion engines do not accept every arbitrary graph,extract expression DAG + graph legality/cost check + cuDNN plan lowering,HIGH,MEDIUM,,https://docs.nvidia.com/deeplearning/cudnn/latest/index.html,cuTENSOR for its fixed unary/binary operator subset; NPP for flat supported signals; Thrust transform,GENERAL_CUDNN_GRAPH_BACKEND_ABSENT,SEMANTIC_MATCHER_AND_LIBRARY_BACKEND
aten_heaviside,aten/src/ATen/native/cpu/BinaryOpsKernel.cpp,heaviside_kernel,issues/aten_c_kernels/aten_heaviside.c,float,N=4096,pointwise_formula: heaviside_kernel,pointwise_formula,,NONE,1,0,cuDNN,Pointwise operation graph,EXACT_GRAPH_IF_SUPPORTED,whole if every node is supported,"rounding mode, integer division/modulo, NaN/signed-zero and backward formula must agree",broadcastable regular strides and cuDNN-supported data types/alignment,provenance-preserving expression DAG extraction + cuDNN graph backend,HIGH,HIGH,,https://docs.nvidia.com/deeplearning/cudnn/latest/index.html,cuTENSOR for its fixed unary/binary operator subset; NPP for flat supported signals; Thrust transform,GENERAL_CUDNN_GRAPH_BACKEND_ABSENT,SEMANTIC_MATCHER_AND_LIBRARY_BACKEND
aten_hermite_polynomial_h,aten/src/ATen/native/cpu/BinaryOpsKernel.cpp,hermite_polynomial_h_kernel,issues/aten_c_kernels/aten_hermite_polynomial_h.c,float,N=4096,special_function: hermite_polynomial_h_kernel,special_function,,NONE,1,0,none,no public whole-tensor NVIDIA library operation,NO_PUBLIC_LIBRARY_EQUIVALENT,none,scalar CUDA math/libdevice or recurrences are not a host-callable tensor library implementation,not applicable,retain raised code or permit a generated/custom GPU kernel,HIGH,NONE,A scalar device function may exist; that is not a link-only tensor-library lowering.,,scalar CUDA math/libdevice or generated kernel (not a link-only tensor API),NO_PUBLIC_LIBRARY_BACKEND_POSSIBLE,NO_LINK_ONLY_LIBRARY_ROUTE
aten_hermite_polynomial_he,aten/src/ATen/native/cpu/BinaryOpsKernel.cpp,hermite_polynomial_he_kernel,issues/aten_c_kernels/aten_hermite_polynomial_he.c,float,N=4096,special_function: hermite_polynomial_he_kernel,special_function,,NONE,1,0,none,no public whole-tensor NVIDIA library operation,NO_PUBLIC_LIBRARY_EQUIVALENT,none,scalar CUDA math/libdevice or recurrences are not a host-callable tensor library implementation,not applicable,retain raised code or permit a generated/custom GPU kernel,HIGH,NONE,A scalar device function may exist; that is not a link-only tensor-library lowering.,,scalar CUDA math/libdevice or generated kernel (not a link-only tensor API),NO_PUBLIC_LIBRARY_BACKEND_POSSIBLE,NO_LINK_ONLY_LIBRARY_ROUTE
aten_histogram_select_outer_bin_edges_cpu,aten/src/ATen/native/cpu/HistogramKernel.cpp,histogram_select_outer_bin_edges_impl,issues/aten_c_kernels/aten_histogram_select_outer_bin_edges_cpu.c,float,N=4096; B0=16; B1=12,histogram_count: histogram_selecter_bin_edges_impl,histogram_count,,NONE,1,0,CUB/Thrust,DeviceHistogram or DeviceReduce,SUBSET_WITH_CONSTRAINTS,whole for supported binning/reduction,"bin-edge inclusivity, out-of-range/NaN handling and weighted/multidimensional bins",supported sample/bin types; histogramdd may require linearized keys,histogram matcher + CUB backend + semantic guards,HIGH,MEDIUM,,https://nvidia.github.io/cccl/unstable/cub/api/device.html,cuTENSOR/cuDNN only when the indexing operation specializes to a regular affine tensor op,LIBRARY_BACKEND_ABSENT,LEGALITY_SPECIALIZATION_AND_BACKEND
aten_histogramdd_cpu,aten/src/ATen/native/cpu/HistogramKernel.cpp,histogramdd_kernel_impl,issues/aten_c_kernels/aten_histogramdd_cpu.c,float,N=4096; B0=16; B1=12,histogram_count: histogramdd_kernel_impl,histogram_count,memset_zero_2D_f32,PARTIAL_STAGE_ONLY,1,1,CUB/Thrust,DeviceHistogram or DeviceReduce,SUBSET_WITH_CONSTRAINTS,whole for supported binning/reduction,"bin-edge inclusivity, out-of-range/NaN handling and weighted/multidimensional bins",supported sample/bin types; histogramdd may require linearized keys,finish raising residual loops; then histogram matcher + CUB backend + semantic guards,HIGH,MEDIUM,,https://nvidia.github.io/cccl/unstable/cub/api/device.html,cuTENSOR/cuDNN only when the indexing operation specializes to a regular affine tensor op,LIBRARY_BACKEND_ABSENT,RAISING_THEN_LIBRARY_LOWERING
aten_histogramdd_linear_cpu,aten/src/ATen/native/cpu/HistogramKernel.cpp,histogramdd_linear_kernel_impl,issues/aten_c_kernels/aten_histogramdd_linear_cpu.c,float/int,N=4096; B0=16; B1=12,histogram_count: histogramdd_linear_kernel_impl,histogram_count,memset_zero_1D_f32,PARTIAL_STAGE_ONLY,1,1,CUB/Thrust,DeviceHistogram or DeviceReduce,SUBSET_WITH_CONSTRAINTS,whole for supported binning/reduction,"bin-edge inclusivity, out-of-range/NaN handling and weighted/multidimensional bins",supported sample/bin types; histogramdd may require linearized keys,finish raising residual loops; then histogram matcher + CUB backend + semantic guards,HIGH,MEDIUM,,https://nvidia.github.io/cccl/unstable/cub/api/device.html,cuTENSOR/cuDNN only when the indexing operation specializes to a regular affine tensor op,LIBRARY_BACKEND_ABSENT,RAISING_THEN_LIBRARY_LOWERING
aten_host_softmax_backward_cpu,aten/src/ATen/native/SoftMax.cpp,host_softmax_backward,issues/aten_c_kernels/aten_host_softmax_backward_cpu.c,float,R=32; K=64,softmax: host_softmax_backward,softmax,cublasSdot,PARTIAL_STAGE_ONLY,2,1,cuDNN,Softmax forward/backward,EXACT_FIXED_CALL,whole,"axis, log-softmax mode, scaling and NaN behavior",dense regular tensor/axis flattening,finish raising residual loops; then softmax axis matcher + general resident wrapper,HIGH,HIGH,,https://docs.nvidia.com/deeplearning/cudnn/latest/index.html,CUB segmented/device reduction; cuDNN graph; NPP flat-signal statistics,RELATED_CUDNN_WRAPPERS_PRESENT_NEED_GENERALIZATION,RAISING_THEN_LIBRARY_LOWERING
aten_host_softmax_cpu,aten/src/ATen/native/SoftMax.cpp,host_softmax,issues/aten_c_kernels/aten_host_softmax_cpu.c,float,R=32; K=64,softmax: host_softmax,softmax,cudnnSoftmaxForwardOut_tensor,PARTIAL_STAGE_ONLY,3,1,cuDNN,Softmax forward/backward,EXACT_FIXED_CALL,whole,"axis, log-softmax mode, scaling and NaN behavior",dense regular tensor/axis flattening,finish raising residual loops; then softmax axis matcher + general resident wrapper,HIGH,HIGH,,https://docs.nvidia.com/deeplearning/cudnn/latest/index.html,CUB segmented/device reduction; cuDNN graph; NPP flat-signal statistics,RELATED_CUDNN_WRAPPERS_PRESENT_NEED_GENERALIZATION,RAISING_THEN_LIBRARY_LOWERING
aten_hspmm_cpu,aten/src/ATen/native/sparse/SparseTensorMath.cpp,hspmm_out_sparse_cpu,issues/aten_c_kernels/aten_hspmm_cpu.c,float/int,R=64; C=48; N=512,sparse_linear_algebra: hspmm_sparse,sparse_linear_algebra,memset_zero_2D_f32,PARTIAL_STAGE_ONLY,1,2,cuSPARSE,SpMV/SpMM/SpGEMM/SDDMM,SUBSET_WITH_CONSTRAINTS,whole for standardized sparse algebra,"reduction operator (usually plus-times), duplicate entries, sortedness, transpose and alpha/beta","supported COO/CSR/CSC/BSR formats, index widths, data types and layouts",finish raising residual loops; then sparse descriptor extraction + cuSPARSE generic-API backend,HIGH,HIGHEST,,https://docs.nvidia.com/cuda/cusparse/index.html,CUB sort/segmented-reduce for nonstandard sparse semantics,LIBRARY_BACKEND_ABSENT,RAISING_THEN_LIBRARY_LOWERING
aten_huber_backward,aten/src/ATen/native/cpu/PointwiseOpsKernel.cpp,huber_backward_cpu_kernel,issues/aten_c_kernels/aten_huber_backward.c,float,N=4096,pointwise_formula: huber_backward_kernel,pointwise_formula,,NONE,1,0,cuDNN,Pointwise operation graph,EXACT_GRAPH_IF_SUPPORTED,whole if every node is supported,"rounding mode, integer division/modulo, NaN/signed-zero and backward formula must agree",broadcastable regular strides and cuDNN-supported data types/alignment,provenance-preserving expression DAG extraction + cuDNN graph backend,HIGH,HIGH,,https://docs.nvidia.com/deeplearning/cudnn/latest/index.html,cuTENSOR for its fixed unary/binary operator subset; NPP for flat supported signals; Thrust transform,GENERAL_CUDNN_GRAPH_BACKEND_ABSENT,SEMANTIC_MATCHER_AND_LIBRARY_BACKEND
aten_huber_elementwise,aten/src/ATen/native/cpu/BinaryOpsKernel.cpp,huber_kernel,issues/aten_c_kernels/aten_huber_elementwise.c,float,N=4096,pointwise_formula: huber_kernel,pointwise_formula,,NONE,1,0,cuDNN,Pointwise operation graph,EXACT_GRAPH_IF_SUPPORTED,whole if every node is supported,"rounding mode, integer division/modulo, NaN/signed-zero and backward formula must agree",broadcastable regular strides and cuDNN-supported data types/alignment,provenance-preserving expression DAG extraction + cuDNN graph backend,HIGH,HIGH,,https://docs.nvidia.com/deeplearning/cudnn/latest/index.html,cuTENSOR for its fixed unary/binary operator subset; NPP for flat supported signals; Thrust transform,GENERAL_CUDNN_GRAPH_BACKEND_ABSENT,SEMANTIC_MATCHER_AND_LIBRARY_BACKEND
aten_hypot,aten/src/ATen/native/cpu/BinaryOpsKernel.cpp,hypot_kernel,issues/aten_c_kernels/aten_hypot.c,float,N=4096,pointwise_reduction_formula: hypot_kernel,pointwise_reduction_formula,,NONE,1,0,cuDNN,pointwise operations + reduction operation graph,EXACT_GRAPH_IF_SUPPORTED,whole if graph accepted,"body operations, NaN policy, reduction identity and reassociation must match",cuDNN supported modes/types/layout/alignment; fusion engines do not accept every arbitrary graph,extract expression DAG + graph legality/cost check + cuDNN plan lowering,HIGH,MEDIUM,,https://docs.nvidia.com/deeplearning/cudnn/latest/index.html,cuTENSOR for its fixed unary/binary operator subset; NPP for flat supported signals; Thrust transform,GENERAL_CUDNN_GRAPH_BACKEND_ABSENT,SEMANTIC_MATCHER_AND_LIBRARY_BACKEND
aten_i0,aten/src/ATen/native/cpu/UnaryOpsKernel.cpp,i0_kernel,issues/aten_c_kernels/aten_i0.c,float,N=4096,special_function: i0_kernel,special_function,,NONE,1,0,none,no public whole-tensor NVIDIA library operation,NO_PUBLIC_LIBRARY_EQUIVALENT,none,scalar CUDA math/libdevice or recurrences are not a host-callable tensor library implementation,not applicable,retain raised code or permit a generated/custom GPU kernel,HIGH,NONE,A scalar device function may exist; that is not a link-only tensor-library lowering.,,scalar CUDA math/libdevice or generated kernel (not a link-only tensor API),NO_PUBLIC_LIBRARY_BACKEND_POSSIBLE,NO_LINK_ONLY_LIBRARY_ROUTE
aten_i0e,aten/src/ATen/native/cpu/UnaryOpsKernel.cpp,i0e_kernel,issues/aten_c_kernels/aten_i0e.c,float,N=4096,special_function: i0e_kernel,special_function,,NONE,1,0,none,no public whole-tensor NVIDIA library operation,NO_PUBLIC_LIBRARY_EQUIVALENT,none,scalar CUDA math/libdevice or recurrences are not a host-callable tensor library implementation,not applicable,retain raised code or permit a generated/custom GPU kernel,HIGH,NONE,A scalar device function may exist; that is not a link-only tensor-library lowering.,,scalar CUDA math/libdevice or generated kernel (not a link-only tensor API),NO_PUBLIC_LIBRARY_BACKEND_POSSIBLE,NO_LINK_ONLY_LIBRARY_ROUTE
aten_i1,aten/src/ATen/native/cpu/UnaryOpsKernel.cpp,i1_kernel,issues/aten_c_kernels/aten_i1.c,float,N=4096,special_function: i1_kernel,special_function,,NONE,1,0,none,no public whole-tensor NVIDIA library operation,NO_PUBLIC_LIBRARY_EQUIVALENT,none,scalar CUDA math/libdevice or recurrences are not a host-callable tensor library implementation,not applicable,retain raised code or permit a generated/custom GPU kernel,HIGH,NONE,A scalar device function may exist; that is not a link-only tensor-library lowering.,,scalar CUDA math/libdevice or generated kernel (not a link-only tensor API),NO_PUBLIC_LIBRARY_BACKEND_POSSIBLE,NO_LINK_ONLY_LIBRARY_ROUTE
aten_i1e,aten/src/ATen/native/cpu/UnaryOpsKernel.cpp,i1e_kernel,issues/aten_c_kernels/aten_i1e.c,float,N=4096,special_function: i1e_kernel,special_function,,NONE,1,0,none,no public whole-tensor NVIDIA library operation,NO_PUBLIC_LIBRARY_EQUIVALENT,none,scalar CUDA math/libdevice or recurrences are not a host-callable tensor library implementation,not applicable,retain raised code or permit a generated/custom GPU kernel,HIGH,NONE,A scalar device function may exist; that is not a link-only tensor-library lowering.,,scalar CUDA math/libdevice or generated kernel (not a link-only tensor API),NO_PUBLIC_LIBRARY_BACKEND_POSSIBLE,NO_LINK_ONLY_LIBRARY_ROUTE
aten_ifftshift_cpu,aten/src/ATen/native/SpectralOps.cpp,fft_ifftshift,issues/aten_c_kernels/aten_ifftshift_cpu.c,float,N=255,complex_layout: fft_ifftshift,complex_layout,,NONE,1,0,cuTENSOR,cutensorPermute with CONJ/IDENTITY,SUBSET_WITH_CONSTRAINTS,conjugate/permutation stage,angle/sign/conjugate-symmetry fill may contain formulas or overlapping writes,regular complex FP32/FP64 tensors and affine permutation,split pure conjugate/permutation stages; compose remaining work,HIGH,MEDIUM,,https://docs.nvidia.com/cuda/cutensor/latest/api/cutensor.html,none identified with stronger whole-kernel semantics,GENERAL_CUTENSOR_BACKEND_ABSENT_CUTENSORNET_IS_NOT_EQUIVALENT,LEGALITY_SPECIALIZATION_AND_BACKEND
aten_igamma,aten/src/ATen/native/cpu/BinaryOpsKernel.cpp,igamma_kernel,issues/aten_c_kernels/aten_igamma.c,float,N=4096,random_distribution: igamma_kernel,random_distribution,,NONE,1,0,cuRAND,uniform/normal/lognormal/Poisson/Sobol generators,SUBSET_WITH_CONSTRAINTS,random draw stage or whole distribution subset,"ATen Philox generator state, seed/offset advancement, reproducibility and exact transform must match",cuRAND output type/count/alignment; many distributions need a transform,RNG-state proof + cuRAND backend; compose unsupported transforms,HIGH,LOW,,https://docs.nvidia.com/cuda/curand/host-api-overview.html,none identified with stronger whole-kernel semantics,LIBRARY_BACKEND_ABSENT,LEGALITY_SPECIALIZATION_AND_BACKEND
aten_igammac,aten/src/ATen/native/cpu/BinaryOpsKernel.cpp,igammac_kernel,issues/aten_c_kernels/aten_igammac.c,float,N=4096,random_distribution: igammac_kernel,random_distribution,,NONE,1,0,cuRAND,uniform/normal/lognormal/Poisson/Sobol generators,SUBSET_WITH_CONSTRAINTS,random draw stage or whole distribution subset,"ATen Philox generator state, seed/offset advancement, reproducibility and exact transform must match",cuRAND output type/count/alignment; many distributions need a transform,RNG-state proof + cuRAND backend; compose unsupported transforms,HIGH,LOW,,https://docs.nvidia.com/cuda/curand/host-api-overview.html,none identified with stronger whole-kernel semantics,LIBRARY_BACKEND_ABSENT,LEGALITY_SPECIALIZATION_AND_BACKEND
aten_im2col,aten/src/ATen/native/Im2Col.cpp,im2col,issues/aten_c_kernels/aten_im2col.c,float,B=2; C=3; H=8; W=8; KH=3; KW=3; OH=(H; OW=(W,patch_extract_scatter: im2col,patch_extract_scatter,,NONE,1,0,CUB/Thrust,gather/scatter/select or sort/reduce-by-key primitives,BUILDING_BLOCKS_ONLY,indexing stages,"bounds/negative indices, duplicate destinations, atomic reduction, determinism and write order",index arrays and flattened affine addressing; patch operations need index generation,indexed-op semantic matcher + collision proof or reduce-by-key composition,HIGH,MEDIUM,,https://nvidia.github.io/cccl/unstable/cub/api/device.html,cuTENSOR/cuDNN only when the indexing operation specializes to a regular affine tensor op,LIBRARY_BACKEND_ABSENT,MULTI_CALL_COMPOSITION_NOT_MATCHER_ONLY
aten_index_copy_cpu,aten/src/ATen/native/cpu/IndexKernel.cpp,index_copy_kernel,issues/aten_c_kernels/aten_index_copy_cpu.c,float/int,R=32; K=64; S=128,indexed_data_movement: index_copy_kernel,indexed_data_movement,,NONE,0,2,CUB/Thrust,gather/scatter/select or sort/reduce-by-key primitives,BUILDING_BLOCKS_ONLY,indexing stages,"bounds/negative indices, duplicate destinations, atomic reduction, determinism and write order",index arrays and flattened affine addressing; patch operations need index generation,finish raising residual loops; then indexed-op semantic matcher + collision proof or reduce-by-key composition,HIGH,MEDIUM,,https://nvidia.github.io/cccl/unstable/cub/api/device.html,cuTENSOR/cuDNN only when the indexing operation specializes to a regular affine tensor op,LIBRARY_BACKEND_ABSENT,RAISING_THEN_LIBRARY_LOWERING
aten_index_cpu,aten/src/ATen/native/cpu/IndexKernel.cpp,index_kernel,issues/aten_c_kernels/aten_index_cpu.c,float/int,R=32; K=64; S=128,indexed_data_movement: index_kernel,indexed_data_movement,,NONE,1,0,CUB/Thrust,gather/scatter/select or sort/reduce-by-key primitives,BUILDING_BLOCKS_ONLY,indexing stages,"bounds/negative indices, duplicate destinations, atomic reduction, determinism and write order",index arrays and flattened affine addressing; patch operations need index generation,indexed-op semantic matcher + collision proof or reduce-by-key composition,HIGH,MEDIUM,,https://nvidia.github.io/cccl/unstable/cub/api/device.html,cuTENSOR/cuDNN only when the indexing operation specializes to a regular affine tensor op,LIBRARY_BACKEND_ABSENT,MULTI_CALL_COMPOSITION_NOT_MATCHER_ONLY
aten_index_fill_cpu,aten/src/ATen/native/cpu/IndexKernel.cpp,index_fill_kernel,issues/aten_c_kernels/aten_index_fill_cpu.c,float/int,R=32; K=64; S=128,indexed_data_movement: index_fill_kernel,indexed_data_movement,,NONE,0,2,CUB/Thrust,gather/scatter/select or sort/reduce-by-key primitives,BUILDING_BLOCKS_ONLY,indexing stages,"bounds/negative indices, duplicate destinations, atomic reduction, determinism and write order",index arrays and flattened affine addressing; patch operations need index generation,finish raising residual loops; then indexed-op semantic matcher + collision proof or reduce-by-key composition,HIGH,MEDIUM,,https://nvidia.github.io/cccl/unstable/cub/api/device.html,cuTENSOR/cuDNN only when the indexing operation specializes to a regular affine tensor op,LIBRARY_BACKEND_ABSENT,RAISING_THEN_LIBRARY_LOWERING
aten_index_put_cpu,aten/src/ATen/native/cpu/IndexKernel.cpp,index_put_kernel,issues/aten_c_kernels/aten_index_put_cpu.c,float/int,R=32; K=64; S=128,indexed_data_movement: index_put_kernel,indexed_data_movement,,NONE,0,1,CUB/Thrust,gather/scatter/select or sort/reduce-by-key primitives,BUILDING_BLOCKS_ONLY,indexing stages,"bounds/negative indices, duplicate destinations, atomic reduction, determinism and write order",index arrays and flattened affine addressing; patch operations need index generation,finish raising residual loops; then indexed-op semantic matcher + collision proof or reduce-by-key composition,HIGH,MEDIUM,,https://nvidia.github.io/cccl/unstable/cub/api/device.html,cuTENSOR/cuDNN only when the indexing operation specializes to a regular affine tensor op,LIBRARY_BACKEND_ABSENT,RAISING_THEN_LIBRARY_LOWERING
aten_index_put_impl_cpu,aten/src/ATen/native/TensorAdvancedIndexing.cpp,_index_put_impl_,issues/aten_c_kernels/aten_index_put_impl_cpu.c,float/int,N=512,indexed_data_movement: _index_put_impl_,indexed_data_movement,,NONE,0,1,CUB/Thrust,gather/scatter/select or sort/reduce-by-key primitives,BUILDING_BLOCKS_ONLY,indexing stages,"bounds/negative indices, duplicate destinations, atomic reduction, determinism and write order",index arrays and flattened affine addressing; patch operations need index generation,finish raising residual loops; then indexed-op semantic matcher + collision proof or reduce-by-key composition,HIGH,MEDIUM,,https://nvidia.github.io/cccl/unstable/cub/api/device.html,cuTENSOR/cuDNN only when the indexing operation specializes to a regular affine tensor op,LIBRARY_BACKEND_ABSENT,RAISING_THEN_LIBRARY_LOWERING
aten_index_reduce_impl_cpu,aten/src/ATen/native/TensorAdvancedIndexing.cpp,index_reduce_func_impl,issues/aten_c_kernels/aten_index_reduce_impl_cpu.c,float/int,N=512; O=64,indexed_scatter_reduce: index_reduce_func_impl,indexed_scatter_reduce,memset_zero_1D_f32,PARTIAL_STAGE_ONLY,1,1,CUB/Thrust,gather/scatter/select or sort/reduce-by-key primitives,BUILDING_BLOCKS_ONLY,indexing stages,"bounds/negative indices, duplicate destinations, atomic reduction, determinism and write order",index arrays and flattened affine addressing; patch operations need index generation,finish raising residual loops; then indexed-op semantic matcher + collision proof or reduce-by-key composition,HIGH,MEDIUM,,https://nvidia.github.io/cccl/unstable/cub/api/device.html,cuTENSOR/cuDNN only when the indexing operation specializes to a regular affine tensor op,LIBRARY_BACKEND_ABSENT,RAISING_THEN_LIBRARY_LOWERING
aten_index_select_dim1_cpu,aten/src/ATen/native/TensorAdvancedIndexing.cpp,index_select_out_cpu_dim1_,issues/aten_c_kernels/aten_index_select_dim1_cpu.c,float/int,R=32; C=64; K=16,indexed_data_movement: index_select_dim1_,indexed_data_movement,,NONE,1,0,CUB/Thrust,gather/scatter/select or sort/reduce-by-key primitives,BUILDING_BLOCKS_ONLY,indexing stages,"bounds/negative indices, duplicate destinations, atomic reduction, determinism and write order",index arrays and flattened affine addressing; patch operations need index generation,indexed-op semantic matcher + collision proof or reduce-by-key composition,HIGH,MEDIUM,,https://nvidia.github.io/cccl/unstable/cub/api/device.html,cuTENSOR/cuDNN only when the indexing operation specializes to a regular affine tensor op,LIBRARY_BACKEND_ABSENT,MULTI_CALL_COMPOSITION_NOT_MATCHER_ONLY
aten_index_select_out_cpu,aten/src/ATen/native/TensorAdvancedIndexing.cpp,index_select_out_cpu_,issues/aten_c_kernels/aten_index_select_out_cpu.c,float/int,R=32; C=64; K=16,indexed_data_movement: index_select_,indexed_data_movement,,NONE,1,0,CUB/Thrust,gather/scatter/select or sort/reduce-by-key primitives,BUILDING_BLOCKS_ONLY,indexing stages,"bounds/negative indices, duplicate destinations, atomic reduction, determinism and write order",index arrays and flattened affine addressing; patch operations need index generation,indexed-op semantic matcher + collision proof or reduce-by-key composition,HIGH,MEDIUM,,https://nvidia.github.io/cccl/unstable/cub/api/device.html,cuTENSOR/cuDNN only when the indexing operation specializes to a regular affine tensor op,LIBRARY_BACKEND_ABSENT,MULTI_CALL_COMPOSITION_NOT_MATCHER_ONLY
aten_index_select_sparse_cpu,aten/src/ATen/native/TensorShape.cpp,index_select_sparse_cpu,issues/aten_c_kernels/aten_index_select_sparse_cpu.c,float/int,N=512; K=128,sparse_indexed_elementwise: index_select_sparse,sparse_indexed_elementwise,,NONE,1,0,cuSPARSE,sparse descriptors plus CUB segmented/indexed primitives,BUILDING_BLOCKS_ONLY,storage and reduction stages,"implicit zeros, duplicates, segment boundaries, gradients and reduction/softmax semantics",standard sparse storage; arbitrary indexed formulas remain outside cuSPARSE,mixed cuSPARSE+CUB graph composition; not a one-call matcher,HIGH,LOW,,https://docs.nvidia.com/cuda/cusparse/index.html,CUB sort/segmented-reduce for nonstandard sparse semantics,LIBRARY_BACKEND_ABSENT,MULTI_CALL_COMPOSITION_NOT_MATCHER_ONLY
aten_int4pack_mm_cpu,aten/src/ATen/native/cpu/int4mm_kernel.cpp,int4pack_mm_kernel,issues/aten_c_kernels/aten_int4pack_mm_cpu.c,float,M=32; K=64; N=48,dense_linear_algebra: int4pack_mm_kernel,dense_linear_algebra,memset_zero_1D_f32,PARTIAL_STAGE_ONLY,2,1,cuBLAS,cublasLtMatmul,SUBSET_WITH_CONSTRAINTS,whole when supported,"quantization scale/zero-point, accumulation width, packing and overflow must agree",cuBLASLt-supported integer layouts and alignments,finish raising residual loops; then quantized-matmul recognizer + cuBLASLt descriptor/runtime backend,HIGH,HIGH,,https://docs.nvidia.com/cuda/cublas/contents.html,cuDNN Matmul graph; CUTLASS templates,RELATED_CUBLAS_WRAPPERS_PRESENT_NEED_GENERALIZATION,RAISING_THEN_LIBRARY_LOWERING
aten_int8pack_mm_cpu,aten/src/ATen/native/cpu/int8mm_kernel.cpp,int8pack_mm_kernel,issues/aten_c_kernels/aten_int8pack_mm_cpu.c,float,M=32; K=64; N=48,dense_linear_algebra: int8pack_mm_kernel,dense_linear_algebra,memset_zero_2D_f32,PARTIAL_STAGE_ONLY,2,0,cuBLAS,cublasLtMatmul,SUBSET_WITH_CONSTRAINTS,whole when supported,"quantization scale/zero-point, accumulation width, packing and overflow must agree",cuBLASLt-supported integer layouts and alignments,preserve current partial match and partition residual graph; then quantized-matmul recognizer + cuBLASLt descriptor/runtime backend,HIGH,HIGH,,https://docs.nvidia.com/cuda/cublas/contents.html,cuDNN Matmul graph; CUTLASS templates,RELATED_CUBLAS_WRAPPERS_PRESENT_NEED_GENERALIZATION,GRAPH_PARTITION_RESIDUAL_THEN_LIBRARY_LOWERING
aten_int_mm_out_cpu,aten/src/ATen/native/LinearAlgebra.cpp,_int_mm_out_cpu,issues/aten_c_kernels/aten_int_mm_out_cpu.c,int,M=32; N=48; K=64,dense_linear_algebra: _int_mm,dense_linear_algebra,,NONE,2,0,cuBLAS,cublasLtMatmul,SUBSET_WITH_CONSTRAINTS,whole when supported,"quantization scale/zero-point, accumulation width, packing and overflow must agree",cuBLASLt-supported integer layouts and alignments,quantized-matmul recognizer + cuBLASLt descriptor/runtime backend,HIGH,HIGH,,https://docs.nvidia.com/cuda/cublas/contents.html,cuDNN Matmul graph; CUTLASS templates,RELATED_CUBLAS_WRAPPERS_PRESENT_NEED_GENERALIZATION,LEGALITY_SPECIALIZATION_AND_BACKEND
aten_isin_default_cpu,aten/src/ATen/native/cpu/TensorCompareKernel.cpp,isin_default_kernel_cpu,issues/aten_c_kernels/aten_isin_default_cpu.c,float/int,N=4096; M=257,set_membership: isin_default_kernel,set_membership,,NONE,3,0,CUB/Thrust,DeviceRadixSort/MergeSort/TopK/Select/RLE or binary search,BUILDING_BLOCKS_ONLY,sort/search/select stages,"stable ordering, NaNs, first-index/tie policy, multidimensional axes and returned indices",contiguous keys or explicit segments; arbitrary strided axes need layout conversion,CUB/Thrust backend + operation-specific composition,HIGH,MEDIUM,,https://nvidia.github.io/cccl/unstable/cub/api/device.html,cuTENSOR/cuDNN only when the indexing operation specializes to a regular affine tensor op,LIBRARY_BACKEND_ABSENT,MULTI_CALL_COMPOSITION_NOT_MATCHER_ONLY
aten_isneginf,aten/src/ATen/native/cpu/TensorCompareKernel.cpp,isneginf_kernel_impl,issues/aten_c_kernels/aten_isneginf.c,float,N=4096,pointwise_reduction_formula: isneginf_kernel_impl,pointwise_reduction_formula,,NONE,1,0,cuDNN,pointwise operations + reduction operation graph,EXACT_GRAPH_IF_SUPPORTED,whole if graph accepted,"body operations, NaN policy, reduction identity and reassociation must match",cuDNN supported modes/types/layout/alignment; fusion engines do not accept every arbitrary graph,extract expression DAG + graph legality/cost check + cuDNN plan lowering,HIGH,MEDIUM,,https://docs.nvidia.com/deeplearning/cudnn/latest/index.html,cuTENSOR for its fixed unary/binary operator subset; NPP for flat supported signals; Thrust transform,GENERAL_CUDNN_GRAPH_BACKEND_ABSENT,SEMANTIC_MATCHER_AND_LIBRARY_BACKEND
aten_isposinf,aten/src/ATen/native/cpu/TensorCompareKernel.cpp,isposinf_kernel_impl,issues/aten_c_kernels/aten_isposinf.c,float,N=4096,pointwise_reduction_formula: isposinf_kernel_impl,pointwise_reduction_formula,,NONE,1,0,cuDNN,pointwise operations + reduction operation graph,EXACT_GRAPH_IF_SUPPORTED,whole if graph accepted,"body operations, NaN policy, reduction identity and reassociation must match",cuDNN supported modes/types/layout/alignment; fusion engines do not accept every arbitrary graph,extract expression DAG + graph legality/cost check + cuDNN plan lowering,HIGH,MEDIUM,,https://docs.nvidia.com/deeplearning/cudnn/latest/index.html,cuTENSOR for its fixed unary/binary operator subset; NPP for flat supported signals; Thrust transform,GENERAL_CUDNN_GRAPH_BACKEND_ABSENT,SEMANTIC_MATCHER_AND_LIBRARY_BACKEND
aten_jagged_to_padded_cpu,aten/src/ATen/native/nested/NestedTensorTransformerFunctions.cpp,_jagged_to_padded_dense_forward_cpu,issues/aten_c_kernels/aten_jagged_to_padded_cpu.c,float/int,B=8; N=64,padding: _jagged_to_padded_dense_forward,padding,,NONE,0,2,NPP,nppiCopy*Border,SUBSET_WITH_CONSTRAINTS,2D image constant/replicate border subset,reflection/circular rules and backward accumulation are not generally covered,NPP 2D ROI/channel/dtype layouts only,finish raising residual loops; then specialize compatible image cases; otherwise composition,HIGH,LOW,,https://docs.nvidia.com/cuda/npp/,none identified with stronger whole-kernel semantics,LIBRARY_BACKEND_ABSENT,RAISING_THEN_LIBRARY_LOWERING
aten_joint_scaling_cpu,aten/src/ATen/native/ScaledBlas.cpp,get_joint_scaling,issues/aten_c_kernels/aten_joint_scaling_cpu.c,float,N=1024,pointwise_reduction_formula: get_joint_scaling,pointwise_reduction_formula,,NONE,2,0,cuDNN,pointwise operations + reduction operation graph,EXACT_GRAPH_IF_SUPPORTED,whole if graph accepted,"body operations, NaN policy, reduction identity and reassociation must match",cuDNN supported modes/types/layout/alignment; fusion engines do not accept every arbitrary graph,extract expression DAG + graph legality/cost check + cuDNN plan lowering,HIGH,MEDIUM,,https://docs.nvidia.com/deeplearning/cudnn/latest/index.html,cuTENSOR for its fixed unary/binary operator subset; NPP for flat supported signals; Thrust transform,GENERAL_CUDNN_GRAPH_BACKEND_ABSENT,SEMANTIC_MATCHER_AND_LIBRARY_BACKEND
aten_kaiser_window,aten/src/ATen/native/cpu/UnaryOpsKernel.cpp,kaiser_window_kernel,issues/aten_c_kernels/aten_kaiser_window.c,float,N=4096,compound_or_specialized: kaiser_window_kernel,compound_or_specialized,,NONE,1,0,none,no public whole-tensor NVIDIA library operation,NO_PUBLIC_LIBRARY_EQUIVALENT,none,scalar CUDA math/libdevice or recurrences are not a host-callable tensor library implementation,not applicable,retain raised code or permit a generated/custom GPU kernel,HIGH,NONE,A scalar device function may exist; that is not a link-only tensor-library lowering.,,scalar CUDA math/libdevice or generated kernel (not a link-only tensor API),NO_PUBLIC_LIBRARY_BACKEND_POSSIBLE,NO_LINK_ONLY_LIBRARY_ROUTE
aten_kron_impl_cpu,aten/src/ATen/native/LinearAlgebra.cpp,KronImpl,issues/aten_c_kernels/aten_kron_impl_cpu.c,float,A=16; B=12; C=8; D=10,tensor_contraction: KronImpl,tensor_contraction,,NONE,1,0,cuTENSOR,cutensorCreateContraction,EXACT_CONFIGURED_PRIMITIVE,whole,multiply-add reduction; alpha/beta and reassociation policy,modes/extents/strides express the affine accesses; real or complex supported types,iterator-count-independent contraction recognition + generic descriptor lowering,HIGH,HIGHEST,,https://docs.nvidia.com/cuda/cutensor/latest/api/cutensor.html,cuTensorNet for larger contraction networks; cuBLAS when flattenable to GEMM,GENERAL_CUTENSOR_BACKEND_ABSENT_CUTENSORNET_IS_NOT_EQUIVALENT,SEMANTIC_MATCHER_AND_LIBRARY_BACKEND
aten_kron_out_cpu,aten/src/ATen/native/LinearAlgebra.cpp,kron_out,issues/aten_c_kernels/aten_kron_out_cpu.c,float,A=16; B=12; C=8; D=10,tensor_contraction: kron,tensor_contraction,,NONE,1,0,cuTENSOR,cutensorCreateContraction,EXACT_CONFIGURED_PRIMITIVE,whole,multiply-add reduction; alpha/beta and reassociation policy,modes/extents/strides express the affine accesses; real or complex supported types,iterator-count-independent contraction recognition + generic descriptor lowering,HIGH,HIGHEST,,https://docs.nvidia.com/cuda/cutensor/latest/api/cutensor.html,cuTensorNet for larger contraction networks; cuBLAS when flattenable to GEMM,GENERAL_CUTENSOR_BACKEND_ABSENT_CUTENSORNET_IS_NOT_EQUIVALENT,SEMANTIC_MATCHER_AND_LIBRARY_BACKEND
aten_kthvalue_cpu,aten/src/ATen/native/Sorting.cpp,kthvalue_out_impl_cpu,issues/aten_c_kernels/aten_kthvalue_cpu.c,float/int,R=16; N=63,ordering_selection: kthvalue_impl,ordering_selection,cudaCopy1D_f32_tensor,PARTIAL_STAGE_ONLY,1,3,CUB/Thrust,DeviceRadixSort/MergeSort/TopK/Select/RLE or binary search,BUILDING_BLOCKS_ONLY,sort/search/select stages,"stable ordering, NaNs, first-index/tie policy, multidimensional axes and returned indices",contiguous keys or explicit segments; arbitrary strided axes need layout conversion,finish raising residual loops; then CUB/Thrust backend + operation-specific composition,HIGH,MEDIUM,,https://nvidia.github.io/cccl/unstable/cub/api/device.html,cuTENSOR/cuDNN only when the indexing operation specializes to a regular affine tensor op,LIBRARY_BACKEND_ABSENT,RAISING_THEN_LIBRARY_LOWERING
aten_l1_loss,aten/src/ATen/native/Loss.cpp,l1_loss,issues/aten_c_kernels/aten_l1_loss.c,float,N=256,loss: l1_loss,loss,,NONE,1,0,cuDNN,pointwise/reduction/matmul operation graph,BUILDING_BLOCKS_ONLY,arithmetic stages,"complete formula, index/label rules, state mutation, reductions and backward outputs",only graph nodes/layouts supported by cuDNN,extract and partition expression/stage graph; validate plan or keep raised code,HIGH,LOW,,https://docs.nvidia.com/deeplearning/cudnn/latest/index.html,none identified with stronger whole-kernel semantics,GENERAL_CUDNN_GRAPH_BACKEND_ABSENT,MULTI_CALL_COMPOSITION_NOT_MATCHER_ONLY
aten_laguerre_polynomial_l,aten/src/ATen/native/cpu/BinaryOpsKernel.cpp,laguerre_polynomial_l_kernel,issues/aten_c_kernels/aten_laguerre_polynomial_l.c,float,N=4096,special_function: laguerre_polynomial_l_kernel,special_function,,NONE,1,0,none,no public whole-tensor NVIDIA library operation,NO_PUBLIC_LIBRARY_EQUIVALENT,none,scalar CUDA math/libdevice or recurrences are not a host-callable tensor library implementation,not applicable,retain raised code or permit a generated/custom GPU kernel,HIGH,NONE,A scalar device function may exist; that is not a link-only tensor-library lowering.,,scalar CUDA math/libdevice or generated kernel (not a link-only tensor API),NO_PUBLIC_LIBRARY_BACKEND_POSSIBLE,NO_LINK_ONLY_LIBRARY_ROUTE
aten_layer_norm,aten/src/ATen/native/layer_norm.cpp,layer_norm,issues/aten_c_kernels/aten_layer_norm.c,float,N=128,normalization: layer_norm,normalization,,NONE,3,0,cuDNN,Batch/Layer/Group normalization graph,EXACT_GRAPH_IF_SUPPORTED,whole for supported normalization; otherwise normalization stages,"epsilon, training/inference, saved statistics, unbiased variance and backward outputs",cuDNN normalization layout/type/alignment restrictions,normalization semantic matcher + cuDNN graph-plan backend,HIGH,HIGH,,https://docs.nvidia.com/deeplearning/cudnn/latest/index.html,CUB segmented/device reduction; cuDNN graph; NPP flat-signal statistics,GENERAL_CUDNN_GRAPH_BACKEND_ABSENT,SEMANTIC_MATCHER_AND_LIBRARY_BACKEND
aten_layer_norm_backward_cpu,aten/src/ATen/native/cpu/layer_norm_kernel.cpp,LayerNormBackwardKernelImpl,issues/aten_c_kernels/aten_layer_norm_backward_cpu.c,float,B=16; D=64,normalization: LayerNormBackwardKernelImpl,normalization,memset_zero_1D_f32,PARTIAL_STAGE_ONLY,4,1,cuDNN,Batch/Layer/Group normalization graph,EXACT_GRAPH_IF_SUPPORTED,whole for supported normalization; otherwise normalization stages,"epsilon, training/inference, saved statistics, unbiased variance and backward outputs",cuDNN normalization layout/type/alignment restrictions,finish raising residual loops; then normalization semantic matcher + cuDNN graph-plan backend,HIGH,HIGH,,https://docs.nvidia.com/deeplearning/cudnn/latest/index.html,CUB segmented/device reduction; cuDNN graph; NPP flat-signal statistics,GENERAL_CUDNN_GRAPH_BACKEND_ABSENT,RAISING_THEN_LIBRARY_LOWERING
aten_layer_norm_cpu_backend,aten/src/ATen/native/cpu/layer_norm_kernel.cpp,LayerNormKernelImpl,issues/aten_c_kernels/aten_layer_norm_cpu_backend.c,float,B=16; D=64,normalization: LayerNormKernelImpl,normalization,,NONE,3,1,cuDNN,Batch/Layer/Group normalization graph,EXACT_GRAPH_IF_SUPPORTED,whole for supported normalization; otherwise normalization stages,"epsilon, training/inference, saved statistics, unbiased variance and backward outputs",cuDNN normalization layout/type/alignment restrictions,finish raising residual loops; then normalization semantic matcher + cuDNN graph-plan backend,HIGH,HIGH,,https://docs.nvidia.com/deeplearning/cudnn/latest/index.html,CUB segmented/device reduction; cuDNN graph; NPP flat-signal statistics,GENERAL_CUDNN_GRAPH_BACKEND_ABSENT,RAISING_THEN_LIBRARY_LOWERING
aten_lcm_i32,aten/src/ATen/native/cpu/BinaryOpsKernel.cpp,lcm_kernel,issues/aten_c_kernels/aten_lcm_i32.c,int,N=4096,compound_or_specialized: lcm_kernel,compound_or_specialized,,NONE,1,1,none,no public whole-tensor NVIDIA library operation,NO_PUBLIC_LIBRARY_EQUIVALENT,none,scalar CUDA math/libdevice or recurrences are not a host-callable tensor library implementation,not applicable,finish raising residual loops; then retain raised code or permit a generated/custom GPU kernel,HIGH,NONE,A scalar device function may exist; that is not a link-only tensor-library lowering.,,scalar CUDA math/libdevice or generated kernel (not a link-only tensor API),NO_PUBLIC_LIBRARY_BACKEND_POSSIBLE,RAISING_THEN_LIBRARY_LOWERING
aten_ldexp,aten/src/ATen/native/cpu/BinaryOpsKernel.cpp,ldexp_kernel,issues/aten_c_kernels/aten_ldexp.c,float/int,N=4096,pointwise_reduction_formula: ldexp_kernel,pointwise_reduction_formula,,NONE,1,0,cuDNN,pointwise operations + reduction operation graph,EXACT_GRAPH_IF_SUPPORTED,whole if graph accepted,"body operations, NaN policy, reduction identity and reassociation must match",cuDNN supported modes/types/layout/alignment; fusion engines do not accept every arbitrary graph,extract expression DAG + graph legality/cost check + cuDNN plan lowering,HIGH,MEDIUM,,https://docs.nvidia.com/deeplearning/cudnn/latest/index.html,cuTENSOR for its fixed unary/binary operator subset; NPP for flat supported signals; Thrust transform,GENERAL_CUDNN_GRAPH_BACKEND_ABSENT,SEMANTIC_MATCHER_AND_LIBRARY_BACKEND
aten_le,aten/src/ATen/native/cpu/BinaryOpsKernel.cpp,le_kernel,issues/aten_c_kernels/aten_le.c,float,N=4096,pointwise: le_kernel,pointwise,,NONE,1,0,cuDNN,Pointwise operation graph,EXACT_GRAPH_IF_SUPPORTED,whole if every node is supported,"rounding mode, integer division/modulo, NaN/signed-zero and backward formula must agree",broadcastable regular strides and cuDNN-supported data types/alignment,provenance-preserving expression DAG extraction + cuDNN graph backend,HIGH,HIGH,,https://docs.nvidia.com/deeplearning/cudnn/latest/index.html,cuTENSOR for its fixed unary/binary operator subset; NPP for flat supported signals; Thrust transform,GENERAL_CUDNN_GRAPH_BACKEND_ABSENT,SEMANTIC_MATCHER_AND_LIBRARY_BACKEND
aten_leaky_relu,aten/src/ATen/native/cpu/Activation.cpp,leaky_relu_kernel,issues/aten_c_kernels/aten_leaky_relu.c,float,N=256,pointwise: leaky_relu_kernel,pointwise,,NONE,1,0,cuDNN,Pointwise operation graph,EXACT_GRAPH_IF_SUPPORTED,whole if every node is supported,"rounding mode, integer division/modulo, NaN/signed-zero and backward formula must agree",broadcastable regular strides and cuDNN-supported data types/alignment,provenance-preserving expression DAG extraction + cuDNN graph backend,HIGH,HIGH,,https://docs.nvidia.com/deeplearning/cudnn/latest/index.html,cuTENSOR for its fixed unary/binary operator subset; NPP for flat supported signals; Thrust transform,GENERAL_CUDNN_GRAPH_BACKEND_ABSENT,SEMANTIC_MATCHER_AND_LIBRARY_BACKEND
aten_legendre_polynomial_p,aten/src/ATen/native/cpu/BinaryOpsKernel.cpp,legendre_polynomial_p_kernel,issues/aten_c_kernels/aten_legendre_polynomial_p.c,float,N=4096,special_function: legendre_polynomial_p_kernel,special_function,,NONE,1,0,none,no public whole-tensor NVIDIA library operation,NO_PUBLIC_LIBRARY_EQUIVALENT,none,scalar CUDA math/libdevice or recurrences are not a host-callable tensor library implementation,not applicable,retain raised code or permit a generated/custom GPU kernel,HIGH,NONE,A scalar device function may exist; that is not a link-only tensor-library lowering.,,scalar CUDA math/libdevice or generated kernel (not a link-only tensor API),NO_PUBLIC_LIBRARY_BACKEND_POSSIBLE,NO_LINK_ONLY_LIBRARY_ROUTE
aten_lerp,aten/src/ATen/native/cpu/LerpKernel.cpp,lerp_kernel,issues/aten_c_kernels/aten_lerp.c,float,N=256,pointwise: lerp_kernel,pointwise,,NONE,1,0,cuDNN,Pointwise operation graph,EXACT_GRAPH_IF_SUPPORTED,whole if every node is supported,"rounding mode, integer division/modulo, NaN/signed-zero and backward formula must agree",broadcastable regular strides and cuDNN-supported data types/alignment,provenance-preserving expression DAG extraction + cuDNN graph backend,HIGH,HIGH,,https://docs.nvidia.com/deeplearning/cudnn/latest/index.html,cuTENSOR for its fixed unary/binary operator subset; NPP for flat supported signals; Thrust transform,GENERAL_CUDNN_GRAPH_BACKEND_ABSENT,SEMANTIC_MATCHER_AND_LIBRARY_BACKEND
aten_lerp_scalar,aten/src/ATen/native/cpu/LerpKernel.cpp,lerp_kernel_scalar,issues/aten_c_kernels/aten_lerp_scalar.c,float,N=4096,pointwise: lerp_kernel_scalar,pointwise,,NONE,1,0,cuDNN,Pointwise operation graph,EXACT_GRAPH_IF_SUPPORTED,whole if every node is supported,"rounding mode, integer division/modulo, NaN/signed-zero and backward formula must agree",broadcastable regular strides and cuDNN-supported data types/alignment,provenance-preserving expression DAG extraction + cuDNN graph backend,HIGH,HIGH,,https://docs.nvidia.com/deeplearning/cudnn/latest/index.html,cuTENSOR for its fixed unary/binary operator subset; NPP for flat supported signals; Thrust transform,GENERAL_CUDNN_GRAPH_BACKEND_ABSENT,SEMANTIC_MATCHER_AND_LIBRARY_BACKEND
aten_lerp_scalar_cpu,aten/src/ATen/native/cpu/LerpKernel.cpp,lerp_scalar_kernel,issues/aten_c_kernels/aten_lerp_scalar_cpu.c,float,N=4096,pointwise: lerp_scalar_kernel,pointwise,,NONE,1,0,cuDNN,Pointwise operation graph,EXACT_GRAPH_IF_SUPPORTED,whole if every node is supported,"rounding mode, integer division/modulo, NaN/signed-zero and backward formula must agree",broadcastable regular strides and cuDNN-supported data types/alignment,provenance-preserving expression DAG extraction + cuDNN graph backend,HIGH,HIGH,,https://docs.nvidia.com/deeplearning/cudnn/latest/index.html,cuTENSOR for its fixed unary/binary operator subset; NPP for flat supported signals; Thrust transform,GENERAL_CUDNN_GRAPH_BACKEND_ABSENT,SEMANTIC_MATCHER_AND_LIBRARY_BACKEND
aten_lerp_tensor_cpu,aten/src/ATen/native/cpu/LerpKernel.cpp,lerp_tensor_kernel,issues/aten_c_kernels/aten_lerp_tensor_cpu.c,float,N=4096,pointwise: lerp_tensor_kernel,pointwise,,NONE,1,0,cuDNN,Pointwise operation graph,EXACT_GRAPH_IF_SUPPORTED,whole if every node is supported,"rounding mode, integer division/modulo, NaN/signed-zero and backward formula must agree",broadcastable regular strides and cuDNN-supported data types/alignment,provenance-preserving expression DAG extraction + cuDNN graph backend,HIGH,HIGH,,https://docs.nvidia.com/deeplearning/cudnn/latest/index.html,cuTENSOR for its fixed unary/binary operator subset; NPP for flat supported signals; Thrust transform,GENERAL_CUDNN_GRAPH_BACKEND_ABSENT,SEMANTIC_MATCHER_AND_LIBRARY_BACKEND
aten_lgamma,aten/src/ATen/native/cpu/UnaryOpsKernel.cpp,lgamma_kernel,issues/aten_c_kernels/aten_lgamma.c,float,N=4096,random_distribution: lgamma_kernel,random_distribution,,NONE,1,0,cuRAND,uniform/normal/lognormal/Poisson/Sobol generators,SUBSET_WITH_CONSTRAINTS,random draw stage or whole distribution subset,"ATen Philox generator state, seed/offset advancement, reproducibility and exact transform must match",cuRAND output type/count/alignment; many distributions need a transform,RNG-state proof + cuRAND backend; compose unsupported transforms,HIGH,LOW,,https://docs.nvidia.com/cuda/curand/host-api-overview.html,none identified with stronger whole-kernel semantics,LIBRARY_BACKEND_ABSENT,LEGALITY_SPECIALIZATION_AND_BACKEND
aten_linalg_powsum_cpu,aten/src/ATen/native/LinearAlgebra.cpp,linalg__powsum,issues/aten_c_kernels/aten_linalg_powsum_cpu.c,float,R=32; C=64,pointwise_reduction_formula: linalg__powsum,pointwise_reduction_formula,memset_zero_1D_f32,PARTIAL_STAGE_ONLY,2,0,cuDNN,pointwise operations + reduction operation graph,EXACT_GRAPH_IF_SUPPORTED,whole if graph accepted,"body operations, NaN policy, reduction identity and reassociation must match",cuDNN supported modes/types/layout/alignment; fusion engines do not accept every arbitrary graph,preserve current partial match and partition residual graph; then extract expression DAG + graph legality/cost check + cuDNN plan lowering,HIGH,MEDIUM,,https://docs.nvidia.com/deeplearning/cudnn/latest/index.html,cuTENSOR for its fixed unary/binary operator subset; NPP for flat supported signals; Thrust transform,GENERAL_CUDNN_GRAPH_BACKEND_ABSENT,GRAPH_PARTITION_RESIDUAL_THEN_LIBRARY_LOWERING
aten_linspace,aten/src/ATen/native/cpu/RangeFactoriesKernel.cpp,linspace_kernel,issues/aten_c_kernels/aten_linspace.c,float,N=4096,tensor_initialization: linspace_kernel,tensor_initialization,,NONE,1,0,CUB/Thrust,cudaMemcpy*/Memset or Thrust fill/sequence/transform,BUILDING_BLOCKS_ONLY,regular contiguous stages,"concatenation, combinations, diagonal/mask/index formulas need multiple calls or transforms",contiguous/regular pitched copies; arbitrary indexing is not memcpy,shape specialization and multi-call composition,HIGH,LOW,,https://nvidia.github.io/cccl/unstable/cub/api/device.html,cuTENSOR/cuDNN only when the indexing operation specializes to a regular affine tensor op,LIBRARY_BACKEND_ABSENT,MULTI_CALL_COMPOSITION_NOT_MATCHER_ONLY
aten_log10,aten/src/ATen/native/cpu/UnaryOpsKernel.cpp,log10_kernel,issues/aten_c_kernels/aten_log10.c,float,N=4096,pointwise: log10_kernel,pointwise,,NONE,1,0,cuDNN,Pointwise operation graph,EXACT_GRAPH_IF_SUPPORTED,whole if every node is supported,"rounding mode, integer division/modulo, NaN/signed-zero and backward formula must agree",broadcastable regular strides and cuDNN-supported data types/alignment,provenance-preserving expression DAG extraction + cuDNN graph backend,HIGH,HIGH,,https://docs.nvidia.com/deeplearning/cudnn/latest/index.html,cuTENSOR for its fixed unary/binary operator subset; NPP for flat supported signals; Thrust transform,GENERAL_CUDNN_GRAPH_BACKEND_ABSENT,SEMANTIC_MATCHER_AND_LIBRARY_BACKEND
aten_log1p,aten/src/ATen/native/cpu/UnaryOpsKernel.cpp,log1p_kernel,issues/aten_c_kernels/aten_log1p.c,float,N=4096,pointwise: log1p_kernel,pointwise,,NONE,1,0,cuDNN,Pointwise operation graph,EXACT_GRAPH_IF_SUPPORTED,whole if every node is supported,"rounding mode, integer division/modulo, NaN/signed-zero and backward formula must agree",broadcastable regular strides and cuDNN-supported data types/alignment,provenance-preserving expression DAG extraction + cuDNN graph backend,HIGH,HIGH,,https://docs.nvidia.com/deeplearning/cudnn/latest/index.html,cuTENSOR for its fixed unary/binary operator subset; NPP for flat supported signals; Thrust transform,GENERAL_CUDNN_GRAPH_BACKEND_ABSENT,SEMANTIC_MATCHER_AND_LIBRARY_BACKEND
aten_log2,aten/src/ATen/native/cpu/UnaryOpsKernel.cpp,log2_kernel,issues/aten_c_kernels/aten_log2.c,float,N=4096,pointwise: log2_kernel,pointwise,,NONE,1,0,cuDNN,Pointwise operation graph,EXACT_GRAPH_IF_SUPPORTED,whole if every node is supported,"rounding mode, integer division/modulo, NaN/signed-zero and backward formula must agree",broadcastable regular strides and cuDNN-supported data types/alignment,provenance-preserving expression DAG extraction + cuDNN graph backend,HIGH,HIGH,,https://docs.nvidia.com/deeplearning/cudnn/latest/index.html,cuTENSOR for its fixed unary/binary operator subset; NPP for flat supported signals; Thrust transform,GENERAL_CUDNN_GRAPH_BACKEND_ABSENT,SEMANTIC_MATCHER_AND_LIBRARY_BACKEND
aten_log_ndtr,aten/src/ATen/native/cpu/UnaryOpsKernel.cpp,log_ndtr_kernel,issues/aten_c_kernels/aten_log_ndtr.c,float,N=4096,pointwise: log_ndtr_kernel,pointwise,,NONE,1,0,cuDNN,Pointwise operation graph,EXACT_GRAPH_IF_SUPPORTED,whole if every node is supported,"rounding mode, integer division/modulo, NaN/signed-zero and backward formula must agree",broadcastable regular strides and cuDNN-supported data types/alignment,provenance-preserving expression DAG extraction + cuDNN graph backend,HIGH,HIGH,,https://docs.nvidia.com/deeplearning/cudnn/latest/index.html,cuTENSOR for its fixed unary/binary operator subset; NPP for flat supported signals; Thrust transform,GENERAL_CUDNN_GRAPH_BACKEND_ABSENT,SEMANTIC_MATCHER_AND_LIBRARY_BACKEND
aten_log_normal_cpu,aten/src/ATen/native/cpu/DistributionKernels.cpp,log_normal_kernel,issues/aten_c_kernels/aten_log_normal_cpu.c,float,N=4096,random_generation: log_normal_kernel,random_generation,,NONE,1,0,cuRAND,uniform/normal/lognormal/Poisson/Sobol generators,SUBSET_WITH_CONSTRAINTS,random draw stage or whole distribution subset,"ATen Philox generator state, seed/offset advancement, reproducibility and exact transform must match",cuRAND output type/count/alignment; many distributions need a transform,RNG-state proof + cuRAND backend; compose unsupported transforms,HIGH,LOW,,https://docs.nvidia.com/cuda/curand/host-api-overview.html,none identified with stronger whole-kernel semantics,LIBRARY_BACKEND_ABSENT,LEGALITY_SPECIALIZATION_AND_BACKEND
aten_log_sigmoid_backward_cpu,aten/src/ATen/native/cpu/Activation.cpp,log_sigmoid_backward_cpu_kernel,issues/aten_c_kernels/aten_log_sigmoid_backward_cpu.c,float,N=4096,pointwise: log_sigmoid_backward_kernel,pointwise,,NONE,1,0,cuDNN,Pointwise operation graph,EXACT_GRAPH_IF_SUPPORTED,whole if every node is supported,"rounding mode, integer division/modulo, NaN/signed-zero and backward formula must agree",broadcastable regular strides and cuDNN-supported data types/alignment,provenance-preserving expression DAG extraction + cuDNN graph backend,HIGH,HIGH,,https://docs.nvidia.com/deeplearning/cudnn/latest/index.html,cuTENSOR for its fixed unary/binary operator subset; NPP for flat supported signals; Thrust transform,GENERAL_CUDNN_GRAPH_BACKEND_ABSENT,SEMANTIC_MATCHER_AND_LIBRARY_BACKEND
aten_log_sigmoid_cpu,aten/src/ATen/native/cpu/Activation.cpp,log_sigmoid_cpu_kernel,issues/aten_c_kernels/aten_log_sigmoid_cpu.c,float,N=4096,pointwise: log_sigmoid_kernel,pointwise,,NONE,1,0,cuDNN,Pointwise operation graph,EXACT_GRAPH_IF_SUPPORTED,whole if every node is supported,"rounding mode, integer division/modulo, NaN/signed-zero and backward formula must agree",broadcastable regular strides and cuDNN-supported data types/alignment,provenance-preserving expression DAG extraction + cuDNN graph backend,HIGH,HIGH,,https://docs.nvidia.com/deeplearning/cudnn/latest/index.html,cuTENSOR for its fixed unary/binary operator subset; NPP for flat supported signals; Thrust transform,GENERAL_CUDNN_GRAPH_BACKEND_ABSENT,SEMANTIC_MATCHER_AND_LIBRARY_BACKEND
aten_logaddexp,aten/src/ATen/native/cpu/BinaryOpsKernel.cpp,logaddexp_kernel,issues/aten_c_kernels/aten_logaddexp.c,float,N=4096,pointwise_reduction_formula: logaddexp_kernel,pointwise_reduction_formula,,NONE,1,0,cuDNN,pointwise operations + reduction operation graph,EXACT_GRAPH_IF_SUPPORTED,whole if graph accepted,"body operations, NaN policy, reduction identity and reassociation must match",cuDNN supported modes/types/layout/alignment; fusion engines do not accept every arbitrary graph,extract expression DAG + graph legality/cost check + cuDNN plan lowering,HIGH,MEDIUM,,https://docs.nvidia.com/deeplearning/cudnn/latest/index.html,cuTENSOR for its fixed unary/binary operator subset; NPP for flat supported signals; Thrust transform,GENERAL_CUDNN_GRAPH_BACKEND_ABSENT,SEMANTIC_MATCHER_AND_LIBRARY_BACKEND
aten_logaddexp2,aten/src/ATen/native/cpu/BinaryOpsKernel.cpp,logaddexp2_kernel,issues/aten_c_kernels/aten_logaddexp2.c,float,N=4096,pointwise_reduction_formula: logaddexp2_kernel,pointwise_reduction_formula,,NONE,1,0,cuDNN,pointwise operations + reduction operation graph,EXACT_GRAPH_IF_SUPPORTED,whole if graph accepted,"body operations, NaN policy, reduction identity and reassociation must match",cuDNN supported modes/types/layout/alignment; fusion engines do not accept every arbitrary graph,extract expression DAG + graph legality/cost check + cuDNN plan lowering,HIGH,MEDIUM,,https://docs.nvidia.com/deeplearning/cudnn/latest/index.html,cuTENSOR for its fixed unary/binary operator subset; NPP for flat supported signals; Thrust transform,GENERAL_CUDNN_GRAPH_BACKEND_ABSENT,SEMANTIC_MATCHER_AND_LIBRARY_BACKEND
aten_logcumsumexp_cpu,aten/src/ATen/native/cpu/ReduceOpsKernel.cpp,logcumsumexp_cpu_kernel,issues/aten_c_kernels/aten_logcumsumexp_cpu.c,float,R=32; K=64,scan: logcumsumexp_kernel,scan,,NONE,1,1,CUB/Thrust,DeviceScan/DeviceSegmentedScan,SUBSET_WITH_CONSTRAINTS,whole for contiguous/segmented associative scans,"axis, inclusive convention, dtype accumulation, logsumexp stability and cummax indices/ties",scan axis must be contiguous or converted to explicit segments,finish raising residual loops; then scan matcher + CUB template backend + axis specialization,HIGH,HIGH,,https://nvidia.github.io/cccl/unstable/cub/api/device.html,cuTENSOR/cuDNN only when the indexing operation specializes to a regular affine tensor op,LIBRARY_BACKEND_ABSENT,RAISING_THEN_LIBRARY_LOWERING
aten_logical_and,aten/src/ATen/native/cpu/BinaryOpsKernel.cpp,logical_and_kernel,issues/aten_c_kernels/aten_logical_and.c,float,N=4096,pointwise: logical_and_kernel,pointwise,,NONE,1,0,cuDNN,Pointwise operation graph,EXACT_GRAPH_IF_SUPPORTED,whole if every node is supported,"rounding mode, integer division/modulo, NaN/signed-zero and backward formula must agree",broadcastable regular strides and cuDNN-supported data types/alignment,provenance-preserving expression DAG extraction + cuDNN graph backend,HIGH,HIGH,,https://docs.nvidia.com/deeplearning/cudnn/latest/index.html,cuTENSOR for its fixed unary/binary operator subset; NPP for flat supported signals; Thrust transform,GENERAL_CUDNN_GRAPH_BACKEND_ABSENT,SEMANTIC_MATCHER_AND_LIBRARY_BACKEND
aten_logical_not_f32,aten/src/ATen/native/cpu/UnaryOpsKernel.cpp,logical_not_kernel,issues/aten_c_kernels/aten_logical_not_f32.c,float,N=4096,pointwise: logical_not_kernel,pointwise,,NONE,1,0,cuDNN,Pointwise operation graph,EXACT_GRAPH_IF_SUPPORTED,whole if every node is supported,"rounding mode, integer division/modulo, NaN/signed-zero and backward formula must agree",broadcastable regular strides and cuDNN-supported data types/alignment,provenance-preserving expression DAG extraction + cuDNN graph backend,HIGH,HIGH,,https://docs.nvidia.com/deeplearning/cudnn/latest/index.html,cuTENSOR for its fixed unary/binary operator subset; NPP for flat supported signals; Thrust transform,GENERAL_CUDNN_GRAPH_BACKEND_ABSENT,SEMANTIC_MATCHER_AND_LIBRARY_BACKEND
aten_logical_or,aten/src/ATen/native/cpu/BinaryOpsKernel.cpp,logical_or_kernel,issues/aten_c_kernels/aten_logical_or.c,float,N=4096,pointwise: logical_or_kernel,pointwise,,NONE,1,0,cuDNN,Pointwise operation graph,EXACT_GRAPH_IF_SUPPORTED,whole if every node is supported,"rounding mode, integer division/modulo, NaN/signed-zero and backward formula must agree",broadcastable regular strides and cuDNN-supported data types/alignment,provenance-preserving expression DAG extraction + cuDNN graph backend,HIGH,HIGH,,https://docs.nvidia.com/deeplearning/cudnn/latest/index.html,cuTENSOR for its fixed unary/binary operator subset; NPP for flat supported signals; Thrust transform,GENERAL_CUDNN_GRAPH_BACKEND_ABSENT,SEMANTIC_MATCHER_AND_LIBRARY_BACKEND
aten_logical_xor,aten/src/ATen/native/cpu/BinaryOpsKernel.cpp,logical_xor_kernel,issues/aten_c_kernels/aten_logical_xor.c,float,N=4096,pointwise: logical_xor_kernel,pointwise,,NONE,1,0,cuDNN,Pointwise operation graph,EXACT_GRAPH_IF_SUPPORTED,whole if every node is supported,"rounding mode, integer division/modulo, NaN/signed-zero and backward formula must agree",broadcastable regular strides and cuDNN-supported data types/alignment,provenance-preserving expression DAG extraction + cuDNN graph backend,HIGH,HIGH,,https://docs.nvidia.com/deeplearning/cudnn/latest/index.html,cuTENSOR for its fixed unary/binary operator subset; NPP for flat supported signals; Thrust transform,GENERAL_CUDNN_GRAPH_BACKEND_ABSENT,SEMANTIC_MATCHER_AND_LIBRARY_BACKEND
aten_logit,aten/src/ATen/native/cpu/UnaryOpsKernel.cpp,logit_kernel,issues/aten_c_kernels/aten_logit.c,float,N=4096,pointwise_reduction_formula: logit_kernel,pointwise_reduction_formula,,NONE,1,0,cuDNN,pointwise operations + reduction operation graph,EXACT_GRAPH_IF_SUPPORTED,whole if graph accepted,"body operations, NaN policy, reduction identity and reassociation must match",cuDNN supported modes/types/layout/alignment; fusion engines do not accept every arbitrary graph,extract expression DAG + graph legality/cost check + cuDNN plan lowering,HIGH,MEDIUM,,https://docs.nvidia.com/deeplearning/cudnn/latest/index.html,cuTENSOR for its fixed unary/binary operator subset; NPP for flat supported signals; Thrust transform,GENERAL_CUDNN_GRAPH_BACKEND_ABSENT,SEMANTIC_MATCHER_AND_LIBRARY_BACKEND
aten_logit_backward,aten/src/ATen/native/cpu/BinaryOpsKernel.cpp,logit_backward_kernel,issues/aten_c_kernels/aten_logit_backward.c,float,N=4096,pointwise_reduction_formula: logit_backward_kernel,pointwise_reduction_formula,,NONE,1,0,cuDNN,pointwise operations + reduction operation graph,EXACT_GRAPH_IF_SUPPORTED,whole if graph accepted,"body operations, NaN policy, reduction identity and reassociation must match",cuDNN supported modes/types/layout/alignment; fusion engines do not accept every arbitrary graph,extract expression DAG + graph legality/cost check + cuDNN plan lowering,HIGH,MEDIUM,,https://docs.nvidia.com/deeplearning/cudnn/latest/index.html,cuTENSOR for its fixed unary/binary operator subset; NPP for flat supported signals; Thrust transform,GENERAL_CUDNN_GRAPH_BACKEND_ABSENT,SEMANTIC_MATCHER_AND_LIBRARY_BACKEND
aten_logspace_cpu,aten/src/ATen/native/RangeFactories.cpp,logspace_out,issues/aten_c_kernels/aten_logspace_cpu.c,float,N=256,tensor_initialization: logspace,tensor_initialization,,NONE,1,0,CUB/Thrust,cudaMemcpy*/Memset or Thrust fill/sequence/transform,BUILDING_BLOCKS_ONLY,regular contiguous stages,"concatenation, combinations, diagonal/mask/index formulas need multiple calls or transforms",contiguous/regular pitched copies; arbitrary indexing is not memcpy,shape specialization and multi-call composition,HIGH,LOW,,https://nvidia.github.io/cccl/unstable/cub/api/device.html,cuTENSOR/cuDNN only when the indexing operation specializes to a regular affine tensor op,LIBRARY_BACKEND_ABSENT,MULTI_CALL_COMPOSITION_NOT_MATCHER_ONLY
aten_lower_bound_cpu,aten/src/ATen/native/Bucketization.cpp,cus_lower_bound,issues/aten_c_kernels/aten_lower_bound_cpu.c,float/int,N=256; M=128,search: cus_lower_bound,search,,NONE,0,2,CUB/Thrust,DeviceRadixSort/MergeSort/TopK/Select/RLE or binary search,BUILDING_BLOCKS_ONLY,sort/search/select stages,"stable ordering, NaNs, first-index/tie policy, multidimensional axes and returned indices",contiguous keys or explicit segments; arbitrary strided axes need layout conversion,finish raising residual loops; then CUB/Thrust backend + operation-specific composition,HIGH,MEDIUM,,https://nvidia.github.io/cccl/unstable/cub/api/device.html,cuTENSOR/cuDNN only when the indexing operation specializes to a regular affine tensor op,LIBRARY_BACKEND_ABSENT,RAISING_THEN_LIBRARY_LOWERING
aten_lshift_i32,aten/src/ATen/native/cpu/BinaryOpsKernel.cpp,lshift_kernel,issues/aten_c_kernels/aten_lshift_i32.c,int,N=4096,integer_pointwise: lshift_kernel,integer_pointwise,,NONE,1,0,NPP,signal logical/shift primitives,SUBSET_WITH_CONSTRAINTS,whole only for flat supported integer signals,"signed shifts, overflow and scalar-vs-vector operands must agree",NPP fixed integer types and contiguous 1D signal representation,layout/type specialization + NPP wrapper; retain nonmatching cases,HIGH,LOW,,https://docs.nvidia.com/cuda/npp/,none identified with stronger whole-kernel semantics,LIBRARY_BACKEND_ABSENT,LEGALITY_SPECIALIZATION_AND_BACKEND
aten_lt,aten/src/ATen/native/cpu/BinaryOpsKernel.cpp,lt_kernel,issues/aten_c_kernels/aten_lt.c,float,N=4096,pointwise: lt_kernel,pointwise,,NONE,1,0,cuDNN,Pointwise operation graph,EXACT_GRAPH_IF_SUPPORTED,whole if every node is supported,"rounding mode, integer division/modulo, NaN/signed-zero and backward formula must agree",broadcastable regular strides and cuDNN-supported data types/alignment,provenance-preserving expression DAG extraction + cuDNN graph backend,HIGH,HIGH,,https://docs.nvidia.com/deeplearning/cudnn/latest/index.html,cuTENSOR for its fixed unary/binary operator subset; NPP for flat supported signals; Thrust transform,GENERAL_CUDNN_GRAPH_BACKEND_ABSENT,SEMANTIC_MATCHER_AND_LIBRARY_BACKEND
aten_masked_fill_cpu,aten/src/ATen/native/cpu/IndexKernel.cpp,masked_fill_kernel,issues/aten_c_kernels/aten_masked_fill_cpu.c,float/int,R=32; K=64; S=128,tensor_initialization: masked_fill_kernel,tensor_initialization,,NONE,1,0,CUB/Thrust,cudaMemcpy*/Memset or Thrust fill/sequence/transform,BUILDING_BLOCKS_ONLY,regular contiguous stages,"concatenation, combinations, diagonal/mask/index formulas need multiple calls or transforms",contiguous/regular pitched copies; arbitrary indexing is not memcpy,shape specialization and multi-call composition,HIGH,LOW,,https://nvidia.github.io/cccl/unstable/cub/api/device.html,cuTENSOR/cuDNN only when the indexing operation specializes to a regular affine tensor op,LIBRARY_BACKEND_ABSENT,MULTI_CALL_COMPOSITION_NOT_MATCHER_ONLY
aten_masked_scale,aten/src/ATen/native/cpu/AmpGradScalerKernels.cpp,_amp_foreach_non_finite_check_and_unscale_cpu_kernel,issues/aten_c_kernels/aten_masked_scale.c,float,N=4096,pointwise_formula: _amp_foreach_non_finite_check_and_unscale_kernel,pointwise_formula,,NONE,1,0,cuDNN,Pointwise operation graph,EXACT_GRAPH_IF_SUPPORTED,whole if every node is supported,"rounding mode, integer division/modulo, NaN/signed-zero and backward formula must agree",broadcastable regular strides and cuDNN-supported data types/alignment,provenance-preserving expression DAG extraction + cuDNN graph backend,HIGH,HIGH,,https://docs.nvidia.com/deeplearning/cudnn/latest/index.html,cuTENSOR for its fixed unary/binary operator subset; NPP for flat supported signals; Thrust transform,GENERAL_CUDNN_GRAPH_BACKEND_ABSENT,SEMANTIC_MATCHER_AND_LIBRARY_BACKEND
aten_masked_scatter_backward_cpu,aten/src/ATen/native/TensorAdvancedIndexing.cpp,masked_scatter_backward_symint,issues/aten_c_kernels/aten_masked_scatter_backward_cpu.c,float/int,N=512,indexed_scatter_reduce: masked_scatter_backward_symint,indexed_scatter_reduce,,NONE,0,1,CUB/Thrust,gather/scatter/select or sort/reduce-by-key primitives,BUILDING_BLOCKS_ONLY,indexing stages,"bounds/negative indices, duplicate destinations, atomic reduction, determinism and write order",index arrays and flattened affine addressing; patch operations need index generation,finish raising residual loops; then indexed-op semantic matcher + collision proof or reduce-by-key composition,HIGH,MEDIUM,,https://nvidia.github.io/cccl/unstable/cub/api/device.html,cuTENSOR/cuDNN only when the indexing operation specializes to a regular affine tensor op,LIBRARY_BACKEND_ABSENT,RAISING_THEN_LIBRARY_LOWERING
aten_masked_scatter_cpu,aten/src/ATen/native/cpu/IndexKernel.cpp,masked_scatter_kernel,issues/aten_c_kernels/aten_masked_scatter_cpu.c,float/int,R=32; K=64; S=128,indexed_data_movement: masked_scatter_kernel,indexed_data_movement,,NONE,0,1,CUB/Thrust,gather/scatter/select or sort/reduce-by-key primitives,BUILDING_BLOCKS_ONLY,indexing stages,"bounds/negative indices, duplicate destinations, atomic reduction, determinism and write order",index arrays and flattened affine addressing; patch operations need index generation,finish raising residual loops; then indexed-op semantic matcher + collision proof or reduce-by-key composition,HIGH,MEDIUM,,https://nvidia.github.io/cccl/unstable/cub/api/device.html,cuTENSOR/cuDNN only when the indexing operation specializes to a regular affine tensor op,LIBRARY_BACKEND_ABSENT,RAISING_THEN_LIBRARY_LOWERING
aten_masked_select_cpu,aten/src/ATen/native/cpu/IndexKernel.cpp,masked_select_kernel,issues/aten_c_kernels/aten_masked_select_cpu.c,float/int,R=32; K=64; S=128,indexed_data_movement: masked_select_kernel,indexed_data_movement,,NONE,0,1,CUB/Thrust,gather/scatter/select or sort/reduce-by-key primitives,BUILDING_BLOCKS_ONLY,indexing stages,"bounds/negative indices, duplicate destinations, atomic reduction, determinism and write order",index arrays and flattened affine addressing; patch operations need index generation,finish raising residual loops; then indexed-op semantic matcher + collision proof or reduce-by-key composition,HIGH,MEDIUM,,https://nvidia.github.io/cccl/unstable/cub/api/device.html,cuTENSOR/cuDNN only when the indexing operation specializes to a regular affine tensor op,LIBRARY_BACKEND_ABSENT,RAISING_THEN_LIBRARY_LOWERING
aten_masked_select_serial_cpu,aten/src/ATen/native/cpu/IndexKernel.cpp,masked_select_serial_kernel,issues/aten_c_kernels/aten_masked_select_serial_cpu.c,float/int,R=32; K=64; S=128,indexed_data_movement: masked_select_serial_kernel,indexed_data_movement,,NONE,0,1,CUB/Thrust,gather/scatter/select or sort/reduce-by-key primitives,BUILDING_BLOCKS_ONLY,indexing stages,"bounds/negative indices, duplicate destinations, atomic reduction, determinism and write order",index arrays and flattened affine addressing; patch operations need index generation,finish raising residual loops; then indexed-op semantic matcher + collision proof or reduce-by-key composition,HIGH,MEDIUM,,https://nvidia.github.io/cccl/unstable/cub/api/device.html,cuTENSOR/cuDNN only when the indexing operation specializes to a regular affine tensor op,LIBRARY_BACKEND_ABSENT,RAISING_THEN_LIBRARY_LOWERING
aten_max_all_cpu,aten/src/ATen/native/cpu/ReduceAllOpsKernel.cpp,max_all_kernel_impl,issues/aten_c_kernels/aten_max_all_cpu.c,float,N=4096,reduction: max_all_kernel_impl,reduction,,NONE,1,0,cuTENSOR,cutensorCreateReduction,EXACT_CONFIGURED_PRIMITIVE,whole,associative ADD/MUL/MIN/MAX and permitted reassociation; boolean/integer types are restricted,regular affine tensor modes and supported data/compute type,generic reduction matcher + cuTENSOR descriptor lowering,HIGH,HIGH,,https://docs.nvidia.com/cuda/cutensor/latest/api/cutensor.html,CUB segmented/device reduction; cuDNN graph; NPP flat-signal statistics,GENERAL_CUTENSOR_BACKEND_ABSENT_CUTENSORNET_IS_NOT_EQUIVALENT,SEMANTIC_MATCHER_AND_LIBRARY_BACKEND
aten_max_pool1d_cpu,aten/src/ATen/native/cpu/MaxPooling.cpp,max_pool1d_impl,issues/aten_c_kernels/aten_max_pool1d_cpu.c,float/int,B=1; C=2; I0=6; O0=(I0,pooling: max_pool1d_impl,pooling,cudaCopy1D_f32_tensor,PARTIAL_STAGE_ONLY,5,1,cuDNN,Resample forward/backward (MAXPOOL/AVGPOOL),EXACT_FIXED_CALL,whole,"padding inclusion, NaN propagation, max-index and tie behavior must match",regular fixed windows/strides/dilations in supported layouts,finish raising residual loops; then pool descriptor matcher + generic forward/backward lowering,HIGH,HIGH,,https://docs.nvidia.com/deeplearning/cudnn/latest/index.html,NPP for compatible 2D image cases; implicit-GEMM via cuBLAS/CUTLASS for convolution,RELATED_CUDNN_WRAPPERS_PRESENT_NEED_GENERALIZATION,RAISING_THEN_LIBRARY_LOWERING
aten_max_pool3d_backward_cpu,aten/src/ATen/native/cpu/MaxPoolKernel.cpp,max_pool3d_backward_kernel_impl,issues/aten_c_kernels/aten_max_pool3d_backward_cpu.c,float/int,B=1; C=2; I0=6; O0=(I0; I1=7; O1=(I1; I2=8; O2=(I2,pooling: max_pool3d_backward_kernel_impl,pooling,memset_zero_1D_f32,PARTIAL_STAGE_ONLY,1,4,cuDNN,Resample forward/backward (MAXPOOL/AVGPOOL),EXACT_FIXED_CALL,whole,"padding inclusion, NaN propagation, max-index and tie behavior must match",regular fixed windows/strides/dilations in supported layouts,finish raising residual loops; then pool descriptor matcher + generic forward/backward lowering,HIGH,HIGH,,https://docs.nvidia.com/deeplearning/cudnn/latest/index.html,NPP for compatible 2D image cases; implicit-GEMM via cuBLAS/CUTLASS for convolution,RELATED_CUDNN_WRAPPERS_PRESENT_NEED_GENERALIZATION,RAISING_THEN_LIBRARY_LOWERING
aten_max_pool3d_cpu,aten/src/ATen/native/cpu/MaxPoolKernel.cpp,max_pool3d_kernel_impl,issues/aten_c_kernels/aten_max_pool3d_cpu.c,float/int,B=1; C=2; I0=6; O0=(I0; I1=7; O1=(I1; I2=8; O2=(I2,pooling: max_pool3d_kernel_impl,pooling,cudaCopy1D_f32_tensor,PARTIAL_STAGE_ONLY,5,6,cuDNN,Resample forward/backward (MAXPOOL/AVGPOOL),EXACT_FIXED_CALL,whole,"padding inclusion, NaN propagation, max-index and tie behavior must match",regular fixed windows/strides/dilations in supported layouts,finish raising residual loops; then pool descriptor matcher + generic forward/backward lowering,HIGH,HIGH,,https://docs.nvidia.com/deeplearning/cudnn/latest/index.html,NPP for compatible 2D image cases; implicit-GEMM via cuBLAS/CUTLASS for convolution,RELATED_CUDNN_WRAPPERS_PRESENT_NEED_GENERALIZATION,RAISING_THEN_LIBRARY_LOWERING
aten_max_reduce_cpu,aten/src/ATen/native/cpu/TensorCompareKernel.cpp,max_kernel_impl,issues/aten_c_kernels/aten_max_reduce_cpu.c,float,N=4096,reduction: max_kernel_impl,reduction,,NONE,1,0,cuTENSOR,cutensorCreateReduction,EXACT_CONFIGURED_PRIMITIVE,whole,associative ADD/MUL/MIN/MAX and permitted reassociation; boolean/integer types are restricted,regular affine tensor modes and supported data/compute type,generic reduction matcher + cuTENSOR descriptor lowering,HIGH,HIGH,,https://docs.nvidia.com/cuda/cutensor/latest/api/cutensor.html,CUB segmented/device reduction; cuDNN graph; NPP flat-signal statistics,GENERAL_CUTENSOR_BACKEND_ABSENT_CUTENSORNET_IS_NOT_EQUIVALENT,SEMANTIC_MATCHER_AND_LIBRARY_BACKEND
aten_max_unpool2d_cpu,aten/src/ATen/native/cpu/MaxUnpoolKernel.cpp,max_unpool2d_kernel_impl,issues/aten_c_kernels/aten_max_unpool2d_cpu.c,float/int,C=2; N=64; O=256,indexed_scatter: max_unpool2d_kernel_impl,indexed_scatter,memset_zero_1D_f32,PARTIAL_STAGE_ONLY,1,2,CUB/Thrust,gather/scatter/select or sort/reduce-by-key primitives,BUILDING_BLOCKS_ONLY,indexing stages,"bounds/negative indices, duplicate destinations, atomic reduction, determinism and write order",index arrays and flattened affine addressing; patch operations need index generation,finish raising residual loops; then indexed-op semantic matcher + collision proof or reduce-by-key composition,HIGH,MEDIUM,,https://nvidia.github.io/cccl/unstable/cub/api/device.html,cuTENSOR/cuDNN only when the indexing operation specializes to a regular affine tensor op,LIBRARY_BACKEND_ABSENT,RAISING_THEN_LIBRARY_LOWERING
aten_max_unpool3d_cpu,aten/src/ATen/native/cpu/MaxUnpoolKernel.cpp,max_unpool3d_kernel_impl,issues/aten_c_kernels/aten_max_unpool3d_cpu.c,float/int,C=2; N=64; O=512,indexed_scatter: max_unpool3d_kernel_impl,indexed_scatter,memset_zero_1D_f32,PARTIAL_STAGE_ONLY,1,2,CUB/Thrust,gather/scatter/select or sort/reduce-by-key primitives,BUILDING_BLOCKS_ONLY,indexing stages,"bounds/negative indices, duplicate destinations, atomic reduction, determinism and write order",index arrays and flattened affine addressing; patch operations need index generation,finish raising residual loops; then indexed-op semantic matcher + collision proof or reduce-by-key composition,HIGH,MEDIUM,,https://nvidia.github.io/cccl/unstable/cub/api/device.html,cuTENSOR/cuDNN only when the indexing operation specializes to a regular affine tensor op,LIBRARY_BACKEND_ABSENT,RAISING_THEN_LIBRARY_LOWERING
aten_max_unpool_backward_cpu,aten/src/ATen/native/cpu/MaxUnpoolKernel.cpp,cpu_max_unpool_backward,issues/aten_c_kernels/aten_max_unpool_backward_cpu.c,float/int,N=512; O=2048,indexed_scatter: cpu_max_unpool_backward,indexed_scatter,,NONE,1,0,CUB/Thrust,gather/scatter/select or sort/reduce-by-key primitives,BUILDING_BLOCKS_ONLY,indexing stages,"bounds/negative indices, duplicate destinations, atomic reduction, determinism and write order",index arrays and flattened affine addressing; patch operations need index generation,indexed-op semantic matcher + collision proof or reduce-by-key composition,HIGH,MEDIUM,,https://nvidia.github.io/cccl/unstable/cub/api/device.html,cuTENSOR/cuDNN only when the indexing operation specializes to a regular affine tensor op,LIBRARY_BACKEND_ABSENT,MULTI_CALL_COMPOSITION_NOT_MATCHER_ONLY
aten_max_values_cpu,aten/src/ATen/native/cpu/ReduceOpsKernel.cpp,max_values_kernel_impl,issues/aten_c_kernels/aten_max_values_cpu.c,float,R=32; K=64,reduction: max_values_kernel_impl,reduction,cudaCopy1D_f32_tensor,PARTIAL_STAGE_ONLY,2,0,cuTENSOR,cutensorCreateReduction,EXACT_CONFIGURED_PRIMITIVE,whole,associative ADD/MUL/MIN/MAX and permitted reassociation; boolean/integer types are restricted,regular affine tensor modes and supported data/compute type,preserve current partial match and partition residual graph; then generic reduction matcher + cuTENSOR descriptor lowering,HIGH,HIGH,,https://docs.nvidia.com/cuda/cutensor/latest/api/cutensor.html,CUB segmented/device reduction; cuDNN graph; NPP flat-signal statistics,GENERAL_CUTENSOR_BACKEND_ABSENT_CUTENSORNET_IS_NOT_EQUIVALENT,GRAPH_PARTITION_RESIDUAL_THEN_LIBRARY_LOWERING
aten_maximum,aten/src/ATen/native/cpu/BinaryOpsKernel.cpp,maximum_kernel,issues/aten_c_kernels/aten_maximum.c,float,N=4096,pointwise: maximum_kernel,pointwise,,NONE,1,0,cuDNN,Pointwise operation graph,EXACT_GRAPH_IF_SUPPORTED,whole if every node is supported,"rounding mode, integer division/modulo, NaN/signed-zero and backward formula must agree",broadcastable regular strides and cuDNN-supported data types/alignment,provenance-preserving expression DAG extraction + cuDNN graph backend,HIGH,HIGH,,https://docs.nvidia.com/deeplearning/cudnn/latest/index.html,cuTENSOR for its fixed unary/binary operator subset; NPP for flat supported signals; Thrust transform,GENERAL_CUDNN_GRAPH_BACKEND_ABSENT,SEMANTIC_MATCHER_AND_LIBRARY_BACKEND
aten_mean,aten/src/ATen/native/ReduceOps.cpp,mean,issues/aten_c_kernels/aten_mean.c,double,N=256,reduction: mean,reduction,,NONE,1,0,cuTENSOR,cutensorCreateReduction plus elementwise stages,BUILDING_BLOCKS_ONLY,reduction stage,variance/norm/mean scaling or nested metadata requires extra stages; reduction order may differ,regular affine tensor modes/strides and supported reduction operator,"raise stages, partition graph, and lower generic reduction descriptors",HIGH,MEDIUM,,https://docs.nvidia.com/cuda/cutensor/latest/api/cutensor.html,CUB segmented/device reduction; cuDNN graph; NPP flat-signal statistics,GENERAL_CUTENSOR_BACKEND_ABSENT_CUTENSORNET_IS_NOT_EQUIVALENT,MULTI_CALL_COMPOSITION_NOT_MATCHER_ONLY
aten_median_indices_cpu,aten/src/ATen/native/Sorting.cpp,median_with_indices_impl,issues/aten_c_kernels/aten_median_indices_cpu.c,float/int,R=16; N=63,ordering_selection: median_with_indices_impl,ordering_selection,cudaCopy1D_f32_tensor,PARTIAL_STAGE_ONLY,2,3,CUB/Thrust,DeviceRadixSort/MergeSort/TopK/Select/RLE or binary search,BUILDING_BLOCKS_ONLY,sort/search/select stages,"stable ordering, NaNs, first-index/tie policy, multidimensional axes and returned indices",contiguous keys or explicit segments; arbitrary strided axes need layout conversion,finish raising residual loops; then CUB/Thrust backend + operation-specific composition,HIGH,MEDIUM,,https://nvidia.github.io/cccl/unstable/cub/api/device.html,cuTENSOR/cuDNN only when the indexing operation specializes to a regular affine tensor op,LIBRARY_BACKEND_ABSENT,RAISING_THEN_LIBRARY_LOWERING
aten_min_all_cpu,aten/src/ATen/native/cpu/ReduceAllOpsKernel.cpp,min_all_kernel_impl,issues/aten_c_kernels/aten_min_all_cpu.c,float,N=4096,reduction: min_all_kernel_impl,reduction,,NONE,1,0,cuTENSOR,cutensorCreateReduction,EXACT_CONFIGURED_PRIMITIVE,whole,associative ADD/MUL/MIN/MAX and permitted reassociation; boolean/integer types are restricted,regular affine tensor modes and supported data/compute type,generic reduction matcher + cuTENSOR descriptor lowering,HIGH,HIGH,,https://docs.nvidia.com/cuda/cutensor/latest/api/cutensor.html,CUB segmented/device reduction; cuDNN graph; NPP flat-signal statistics,GENERAL_CUTENSOR_BACKEND_ABSENT_CUTENSORNET_IS_NOT_EQUIVALENT,SEMANTIC_MATCHER_AND_LIBRARY_BACKEND
aten_min_reduce_cpu,aten/src/ATen/native/cpu/TensorCompareKernel.cpp,min_kernel_impl,issues/aten_c_kernels/aten_min_reduce_cpu.c,float,N=4096,reduction: min_kernel_impl,reduction,,NONE,1,0,cuTENSOR,cutensorCreateReduction,EXACT_CONFIGURED_PRIMITIVE,whole,associative ADD/MUL/MIN/MAX and permitted reassociation; boolean/integer types are restricted,regular affine tensor modes and supported data/compute type,generic reduction matcher + cuTENSOR descriptor lowering,HIGH,HIGH,,https://docs.nvidia.com/cuda/cutensor/latest/api/cutensor.html,CUB segmented/device reduction; cuDNN graph; NPP flat-signal statistics,GENERAL_CUTENSOR_BACKEND_ABSENT_CUTENSORNET_IS_NOT_EQUIVALENT,SEMANTIC_MATCHER_AND_LIBRARY_BACKEND
aten_min_values_cpu,aten/src/ATen/native/cpu/ReduceOpsKernel.cpp,min_values_kernel_impl,issues/aten_c_kernels/aten_min_values_cpu.c,float,R=32; K=64,reduction: min_values_kernel_impl,reduction,cudaCopy1D_f32_tensor,PARTIAL_STAGE_ONLY,2,0,cuTENSOR,cutensorCreateReduction,EXACT_CONFIGURED_PRIMITIVE,whole,associative ADD/MUL/MIN/MAX and permitted reassociation; boolean/integer types are restricted,regular affine tensor modes and supported data/compute type,preserve current partial match and partition residual graph; then generic reduction matcher + cuTENSOR descriptor lowering,HIGH,HIGH,,https://docs.nvidia.com/cuda/cutensor/latest/api/cutensor.html,CUB segmented/device reduction; cuDNN graph; NPP flat-signal statistics,GENERAL_CUTENSOR_BACKEND_ABSENT_CUTENSORNET_IS_NOT_EQUIVALENT,GRAPH_PARTITION_RESIDUAL_THEN_LIBRARY_LOWERING
aten_minimum,aten/src/ATen/native/cpu/BinaryOpsKernel.cpp,minimum_kernel,issues/aten_c_kernels/aten_minimum.c,float,N=4096,pointwise: minimum_kernel,pointwise,,NONE,1,0,cuDNN,Pointwise operation graph,EXACT_GRAPH_IF_SUPPORTED,whole if every node is supported,"rounding mode, integer division/modulo, NaN/signed-zero and backward formula must agree",broadcastable regular strides and cuDNN-supported data types/alignment,provenance-preserving expression DAG extraction + cuDNN graph backend,HIGH,HIGH,,https://docs.nvidia.com/deeplearning/cudnn/latest/index.html,cuTENSOR for its fixed unary/binary operator subset; NPP for flat supported signals; Thrust transform,GENERAL_CUDNN_GRAPH_BACKEND_ABSENT,SEMANTIC_MATCHER_AND_LIBRARY_BACKEND
aten_mish_backward,aten/src/ATen/native/cpu/Activation.cpp,mish_backward_kernel,issues/aten_c_kernels/aten_mish_backward.c,float,N=4096,pointwise_formula: mish_backward_kernel,pointwise_formula,,NONE,1,0,cuDNN,Pointwise operation graph,EXACT_GRAPH_IF_SUPPORTED,whole if every node is supported,"rounding mode, integer division/modulo, NaN/signed-zero and backward formula must agree",broadcastable regular strides and cuDNN-supported data types/alignment,provenance-preserving expression DAG extraction + cuDNN graph backend,HIGH,HIGH,,https://docs.nvidia.com/deeplearning/cudnn/latest/index.html,cuTENSOR for its fixed unary/binary operator subset; NPP for flat supported signals; Thrust transform,GENERAL_CUDNN_GRAPH_BACKEND_ABSENT,SEMANTIC_MATCHER_AND_LIBRARY_BACKEND
aten_mode_cpu,aten/src/ATen/native/cpu/TensorCompareKernel.cpp,mode_kernel_impl,issues/aten_c_kernels/aten_mode_cpu.c,float/int,N=64,statistical_mode: mode_kernel_impl,statistical_mode,cudaCopy1D_f32_tensor,PARTIAL_STAGE_ONLY,3,2,CUB/Thrust,DeviceReduce/SegmentedReduce on value-index pairs; sort+RLE for mode,BUILDING_BLOCKS_ONLY,algorithmic stages,"ATen first-index/tie, NaN and stable-order rules need a custom pair comparator/composition",flatten/segment the requested tensor axis; strided axes may require permutation,finish raising residual loops; then CUB template backend + index-aware matcher + composition,HIGH,MEDIUM,,https://nvidia.github.io/cccl/unstable/cub/api/device.html,cuTENSOR/cuDNN only when the indexing operation specializes to a regular affine tensor op,LIBRARY_BACKEND_ABSENT,RAISING_THEN_LIBRARY_LOWERING
aten_modified_bessel_i0,aten/src/ATen/native/cpu/UnaryOpsKernel.cpp,modified_bessel_i0_kernel,issues/aten_c_kernels/aten_modified_bessel_i0.c,float,N=4096,special_function: modified_bessel_i0_kernel,special_function,,NONE,1,0,none,no public whole-tensor NVIDIA library operation,NO_PUBLIC_LIBRARY_EQUIVALENT,none,scalar CUDA math/libdevice or recurrences are not a host-callable tensor library implementation,not applicable,retain raised code or permit a generated/custom GPU kernel,HIGH,NONE,A scalar device function may exist; that is not a link-only tensor-library lowering.,,scalar CUDA math/libdevice or generated kernel (not a link-only tensor API),NO_PUBLIC_LIBRARY_BACKEND_POSSIBLE,NO_LINK_ONLY_LIBRARY_ROUTE
aten_modified_bessel_i1,aten/src/ATen/native/cpu/UnaryOpsKernel.cpp,modified_bessel_i1_kernel,issues/aten_c_kernels/aten_modified_bessel_i1.c,float,N=4096,special_function: modified_bessel_i1_kernel,special_function,,NONE,1,0,none,no public whole-tensor NVIDIA library operation,NO_PUBLIC_LIBRARY_EQUIVALENT,none,scalar CUDA math/libdevice or recurrences are not a host-callable tensor library implementation,not applicable,retain raised code or permit a generated/custom GPU kernel,HIGH,NONE,A scalar device function may exist; that is not a link-only tensor-library lowering.,,scalar CUDA math/libdevice or generated kernel (not a link-only tensor API),NO_PUBLIC_LIBRARY_BACKEND_POSSIBLE,NO_LINK_ONLY_LIBRARY_ROUTE
aten_modified_bessel_k0,aten/src/ATen/native/cpu/UnaryOpsKernel.cpp,modified_bessel_k0_kernel,issues/aten_c_kernels/aten_modified_bessel_k0.c,float,N=4096,special_function: modified_bessel_k0_kernel,special_function,,NONE,1,0,none,no public whole-tensor NVIDIA library operation,NO_PUBLIC_LIBRARY_EQUIVALENT,none,scalar CUDA math/libdevice or recurrences are not a host-callable tensor library implementation,not applicable,retain raised code or permit a generated/custom GPU kernel,HIGH,NONE,A scalar device function may exist; that is not a link-only tensor-library lowering.,,scalar CUDA math/libdevice or generated kernel (not a link-only tensor API),NO_PUBLIC_LIBRARY_BACKEND_POSSIBLE,NO_LINK_ONLY_LIBRARY_ROUTE
aten_modified_bessel_k1,aten/src/ATen/native/cpu/UnaryOpsKernel.cpp,modified_bessel_k1_kernel,issues/aten_c_kernels/aten_modified_bessel_k1.c,float,N=4096,special_function: modified_bessel_k1_kernel,special_function,,NONE,1,0,none,no public whole-tensor NVIDIA library operation,NO_PUBLIC_LIBRARY_EQUIVALENT,none,scalar CUDA math/libdevice or recurrences are not a host-callable tensor library implementation,not applicable,retain raised code or permit a generated/custom GPU kernel,HIGH,NONE,A scalar device function may exist; that is not a link-only tensor-library lowering.,,scalar CUDA math/libdevice or generated kernel (not a link-only tensor API),NO_PUBLIC_LIBRARY_BACKEND_POSSIBLE,NO_LINK_ONLY_LIBRARY_ROUTE
aten_mse_backward,aten/src/ATen/native/cpu/PointwiseOpsKernel.cpp,mse_backward_cpu_kernel,issues/aten_c_kernels/aten_mse_backward.c,float,N=4096,pointwise_formula: mse_backward_kernel,pointwise_formula,,NONE,1,0,cuDNN,Pointwise operation graph,EXACT_GRAPH_IF_SUPPORTED,whole if every node is supported,"rounding mode, integer division/modulo, NaN/signed-zero and backward formula must agree",broadcastable regular strides and cuDNN-supported data types/alignment,provenance-preserving expression DAG extraction + cuDNN graph backend,HIGH,HIGH,,https://docs.nvidia.com/deeplearning/cudnn/latest/index.html,cuTENSOR for its fixed unary/binary operator subset; NPP for flat supported signals; Thrust transform,GENERAL_CUDNN_GRAPH_BACKEND_ABSENT,SEMANTIC_MATCHER_AND_LIBRARY_BACKEND
aten_mse_elementwise,aten/src/ATen/native/cpu/BinaryOpsKernel.cpp,mse_kernel,issues/aten_c_kernels/aten_mse_elementwise.c,float,N=4096,pointwise_formula: mse_kernel,pointwise_formula,,NONE,1,0,cuDNN,Pointwise operation graph,EXACT_GRAPH_IF_SUPPORTED,whole if every node is supported,"rounding mode, integer division/modulo, NaN/signed-zero and backward formula must agree",broadcastable regular strides and cuDNN-supported data types/alignment,provenance-preserving expression DAG extraction + cuDNN graph backend,HIGH,HIGH,,https://docs.nvidia.com/deeplearning/cudnn/latest/index.html,cuTENSOR for its fixed unary/binary operator subset; NPP for flat supported signals; Thrust transform,GENERAL_CUDNN_GRAPH_BACKEND_ABSENT,SEMANTIC_MATCHER_AND_LIBRARY_BACKEND
aten_mse_loss,aten/src/ATen/native/Loss.cpp,mse_loss,issues/aten_c_kernels/aten_mse_loss.c,float,N=256,pointwise_formula: mse_loss,pointwise_formula,,NONE,2,0,cuDNN,Pointwise operation graph,EXACT_GRAPH_IF_SUPPORTED,whole if every node is supported,"rounding mode, integer division/modulo, NaN/signed-zero and backward formula must agree",broadcastable regular strides and cuDNN-supported data types/alignment,provenance-preserving expression DAG extraction + cuDNN graph backend,HIGH,HIGH,,https://docs.nvidia.com/deeplearning/cudnn/latest/index.html,cuTENSOR for its fixed unary/binary operator subset; NPP for flat supported signals; Thrust transform,GENERAL_CUDNN_GRAPH_BACKEND_ABSENT,SEMANTIC_MATCHER_AND_LIBRARY_BACKEND
aten_mul,aten/src/ATen/native/cpu/BinaryOpsKernel.cpp,mul_kernel,issues/aten_c_kernels/aten_mul.c,float,N=4096,pointwise: mul_kernel,pointwise,,NONE,1,0,cuDNN,Pointwise operation graph,EXACT_GRAPH_IF_SUPPORTED,whole if every node is supported,"rounding mode, integer division/modulo, NaN/signed-zero and backward formula must agree",broadcastable regular strides and cuDNN-supported data types/alignment,provenance-preserving expression DAG extraction + cuDNN graph backend,HIGH,HIGH,,https://docs.nvidia.com/deeplearning/cudnn/latest/index.html,cuTENSOR for its fixed unary/binary operator subset; NPP for flat supported signals; Thrust transform,GENERAL_CUDNN_GRAPH_BACKEND_ABSENT,SEMANTIC_MATCHER_AND_LIBRARY_BACKEND
aten_multi_margin_loss_backward_cpu,aten/src/ATen/native/LossMultiMargin.cpp,multi_margin_loss_backward_cpu_kernel,issues/aten_c_kernels/aten_multi_margin_loss_backward_cpu.c,float/int,B=32; C=16,loss: multi_margin_loss_backward_kernel,loss,memset_zero_1D_f32,PARTIAL_STAGE_ONLY,1,2,cuDNN,pointwise/reduction/matmul operation graph,BUILDING_BLOCKS_ONLY,arithmetic stages,"complete formula, index/label rules, state mutation, reductions and backward outputs",only graph nodes/layouts supported by cuDNN,finish raising residual loops; then extract and partition expression/stage graph; validate plan or keep raised code,HIGH,LOW,,https://docs.nvidia.com/deeplearning/cudnn/latest/index.html,none identified with stronger whole-kernel semantics,GENERAL_CUDNN_GRAPH_BACKEND_ABSENT,RAISING_THEN_LIBRARY_LOWERING
aten_multi_margin_loss_cpu,aten/src/ATen/native/LossMultiMargin.cpp,multi_margin_loss_cpu_kernel,issues/aten_c_kernels/aten_multi_margin_loss_cpu.c,float/int,B=32; C=16,loss: multi_margin_loss_kernel,loss,,NONE,1,1,cuDNN,pointwise/reduction/matmul operation graph,BUILDING_BLOCKS_ONLY,arithmetic stages,"complete formula, index/label rules, state mutation, reductions and backward outputs",only graph nodes/layouts supported by cuDNN,finish raising residual loops; then extract and partition expression/stage graph; validate plan or keep raised code,HIGH,LOW,,https://docs.nvidia.com/deeplearning/cudnn/latest/index.html,none identified with stronger whole-kernel semantics,GENERAL_CUDNN_GRAPH_BACKEND_ABSENT,RAISING_THEN_LIBRARY_LOWERING
aten_multilabel_margin_loss_backward_cpu,aten/src/ATen/native/LossMultiLabelMargin.cpp,multilabel_margin_loss_backward_out_frame,issues/aten_c_kernels/aten_multilabel_margin_loss_backward_cpu.c,float/int,B=16; C=16; L=4,loss: multilabel_margin_loss_backward_frame,loss,memset_zero_1D_f32,PARTIAL_STAGE_ONLY,3,3,cuDNN,pointwise/reduction/matmul operation graph,BUILDING_BLOCKS_ONLY,arithmetic stages,"complete formula, index/label rules, state mutation, reductions and backward outputs",only graph nodes/layouts supported by cuDNN,finish raising residual loops; then extract and partition expression/stage graph; validate plan or keep raised code,HIGH,LOW,,https://docs.nvidia.com/deeplearning/cudnn/latest/index.html,none identified with stronger whole-kernel semantics,GENERAL_CUDNN_GRAPH_BACKEND_ABSENT,RAISING_THEN_LIBRARY_LOWERING
aten_multilabel_margin_loss_forward_cpu,aten/src/ATen/native/LossMultiLabelMargin.cpp,multilabel_margin_loss_forward_out_frame,issues/aten_c_kernels/aten_multilabel_margin_loss_forward_cpu.c,float/int,B=16; C=16; L=4,loss: multilabel_margin_loss_forward_frame,loss,,NONE,1,3,cuDNN,pointwise/reduction/matmul operation graph,BUILDING_BLOCKS_ONLY,arithmetic stages,"complete formula, index/label rules, state mutation, reductions and backward outputs",only graph nodes/layouts supported by cuDNN,finish raising residual loops; then extract and partition expression/stage graph; validate plan or keep raised code,HIGH,LOW,,https://docs.nvidia.com/deeplearning/cudnn/latest/index.html,none identified with stronger whole-kernel semantics,GENERAL_CUDNN_GRAPH_BACKEND_ABSENT,RAISING_THEN_LIBRARY_LOWERING
aten_multinomial_with_replacement_cpu,aten/src/ATen/native/cpu/MultinomialKernel.cpp,multinomial_with_replacement_kernel_impl,issues/aten_c_kernels/aten_multinomial_with_replacement_cpu.c,float/int,B=8; C=32; S=16,categorical_sampling: multinomial_with_replacement_kernel_impl,categorical_sampling,,NONE,1,3,cuRAND,uniform/normal/lognormal/Poisson/Sobol generators,SUBSET_WITH_CONSTRAINTS,random draw stage or whole distribution subset,"ATen Philox generator state, seed/offset advancement, reproducibility and exact transform must match",cuRAND output type/count/alignment; many distributions need a transform,finish raising residual loops; then RNG-state proof + cuRAND backend; compose unsupported transforms,HIGH,LOW,,https://docs.nvidia.com/cuda/curand/host-api-overview.html,none identified with stronger whole-kernel semantics,LIBRARY_BACKEND_ABSENT,RAISING_THEN_LIBRARY_LOWERING
aten_nan_to_num,aten/src/ATen/native/cpu/UnaryOpsKernel.cpp,nan_to_num_kernel,issues/aten_c_kernels/aten_nan_to_num.c,float,N=4096,pointwise_formula: nan_to_num_kernel,pointwise_formula,,NONE,1,0,cuDNN,Pointwise operation graph,EXACT_GRAPH_IF_SUPPORTED,whole if every node is supported,"rounding mode, integer division/modulo, NaN/signed-zero and backward formula must agree",broadcastable regular strides and cuDNN-supported data types/alignment,provenance-preserving expression DAG extraction + cuDNN graph backend,HIGH,HIGH,,https://docs.nvidia.com/deeplearning/cudnn/latest/index.html,cuTENSOR for its fixed unary/binary operator subset; NPP for flat supported signals; Thrust transform,GENERAL_CUDNN_GRAPH_BACKEND_ABSENT,SEMANTIC_MATCHER_AND_LIBRARY_BACKEND
aten_nansum_cpu,aten/src/ATen/native/cpu/SumKernel.cpp,nansum_kernel_impl,issues/aten_c_kernels/aten_nansum_cpu.c,float,R=16; K=64; TOP=8,nan_ignoring_reduction: nansum_kernel_impl,nan_ignoring_reduction,memset_zero_1D_f32,PARTIAL_STAGE_ONLY,2,0,cuDNN,pointwise operations + reduction operation graph,EXACT_GRAPH_IF_SUPPORTED,whole if graph accepted,"body operations, NaN policy, reduction identity and reassociation must match",cuDNN supported modes/types/layout/alignment; fusion engines do not accept every arbitrary graph,preserve current partial match and partition residual graph; then extract expression DAG + graph legality/cost check + cuDNN plan lowering,HIGH,MEDIUM,,https://docs.nvidia.com/deeplearning/cudnn/latest/index.html,CUB segmented/device reduction; cuDNN graph; NPP flat-signal statistics,GENERAL_CUDNN_GRAPH_BACKEND_ABSENT,GRAPH_PARTITION_RESIDUAL_THEN_LIBRARY_LOWERING
aten_ndtri,aten/src/ATen/native/cpu/UnaryOpsKernel.cpp,ndtri_kernel,issues/aten_c_kernels/aten_ndtri.c,float,N=4096,special_function: ndtri_kernel,special_function,,NONE,1,0,none,no public whole-tensor NVIDIA library operation,NO_PUBLIC_LIBRARY_EQUIVALENT,none,scalar CUDA math/libdevice or recurrences are not a host-callable tensor library implementation,not applicable,retain raised code or permit a generated/custom GPU kernel,HIGH,NONE,A scalar device function may exist; that is not a link-only tensor-library lowering.,,scalar CUDA math/libdevice or generated kernel (not a link-only tensor API),NO_PUBLIC_LIBRARY_BACKEND_POSSIBLE,NO_LINK_ONLY_LIBRARY_ROUTE
aten_ne,aten/src/ATen/native/cpu/BinaryOpsKernel.cpp,ne_kernel,issues/aten_c_kernels/aten_ne.c,float,N=4096,pointwise: ne_kernel,pointwise,,NONE,1,0,cuDNN,Pointwise operation graph,EXACT_GRAPH_IF_SUPPORTED,whole if every node is supported,"rounding mode, integer division/modulo, NaN/signed-zero and backward formula must agree",broadcastable regular strides and cuDNN-supported data types/alignment,provenance-preserving expression DAG extraction + cuDNN graph backend,HIGH,HIGH,,https://docs.nvidia.com/deeplearning/cudnn/latest/index.html,cuTENSOR for its fixed unary/binary operator subset; NPP for flat supported signals; Thrust transform,GENERAL_CUDNN_GRAPH_BACKEND_ABSENT,SEMANTIC_MATCHER_AND_LIBRARY_BACKEND
aten_nested_all_cpu,aten/src/ATen/native/nested/NestedTensorMath.cpp,NestedTensor_all,issues/aten_c_kernels/aten_nested_all_cpu.c,int,B=8; N=64,reduction: NestedTensor_all,reduction,,NONE,0,2,cuTENSOR,cutensorCreateReduction plus elementwise stages,BUILDING_BLOCKS_ONLY,reduction stage,variance/norm/mean scaling or nested metadata requires extra stages; reduction order may differ,regular affine tensor modes/strides and supported reduction operator,"finish raising residual loops; then raise stages, partition graph, and lower generic reduction descriptors",HIGH,MEDIUM,,https://docs.nvidia.com/cuda/cutensor/latest/api/cutensor.html,CUB segmented/device reduction; cuDNN graph; NPP flat-signal statistics,GENERAL_CUTENSOR_BACKEND_ABSENT_CUTENSORNET_IS_NOT_EQUIVALENT,RAISING_THEN_LIBRARY_LOWERING
aten_nested_batch_offsets_cpu,aten/src/ATen/native/nested/NestedTensorTransformerFunctions.cpp,NestedTensor_batch_offsets_from_size_tensor,issues/aten_c_kernels/aten_nested_batch_offsets_cpu.c,int,B=64,scan: NestedTensor_batch_offsets_from_size_tensor,scan,,NONE,1,0,CUB/Thrust,DeviceScan/DeviceSegmentedScan,SUBSET_WITH_CONSTRAINTS,whole for contiguous/segmented associative scans,"axis, inclusive convention, dtype accumulation, logsumexp stability and cummax indices/ties",scan axis must be contiguous or converted to explicit segments,scan matcher + CUB template backend + axis specialization,HIGH,HIGH,,https://nvidia.github.io/cccl/unstable/cub/api/device.html,cuTENSOR/cuDNN only when the indexing operation specializes to a regular affine tensor op,LIBRARY_BACKEND_ABSENT,LEGALITY_SPECIALIZATION_AND_BACKEND
aten_nested_from_padded_cpu,aten/src/ATen/native/nested/NestedTensorMath.cpp,nested_from_padded_generic,issues/aten_c_kernels/aten_nested_from_padded_cpu.c,float/int,B=8; P=80,padding: nested_from_padded_generic,padding,,NONE,1,0,NPP,nppiCopy*Border,SUBSET_WITH_CONSTRAINTS,2D image constant/replicate border subset,reflection/circular rules and backward accumulation are not generally covered,NPP 2D ROI/channel/dtype layouts only,specialize compatible image cases; otherwise composition,HIGH,LOW,,https://docs.nvidia.com/cuda/npp/,none identified with stronger whole-kernel semantics,LIBRARY_BACKEND_ABSENT,LEGALITY_SPECIALIZATION_AND_BACKEND
aten_nested_pad_cpu,aten/src/ATen/native/nested/NestedTensorMath.cpp,pad_tensor_to_shape,issues/aten_c_kernels/aten_nested_pad_cpu.c,float,B=8; N=64; P=80,padding: pad_tensor_to_shape,padding,,NONE,1,0,NPP,nppiCopy*Border,SUBSET_WITH_CONSTRAINTS,2D image constant/replicate border subset,reflection/circular rules and backward accumulation are not generally covered,NPP 2D ROI/channel/dtype layouts only,specialize compatible image cases; otherwise composition,HIGH,LOW,,https://docs.nvidia.com/cuda/npp/,none identified with stronger whole-kernel semantics,LIBRARY_BACKEND_ABSENT,LEGALITY_SPECIALIZATION_AND_BACKEND
aten_nested_select_cpu,aten/src/ATen/native/nested/NestedTensorMath.cpp,select_nested,issues/aten_c_kernels/aten_nested_select_cpu.c,float/int,B=8; N=64,data_movement: select_nested,data_movement,,NONE,1,0,CUDA Runtime,cudaMemcpy*/Memset or Thrust fill/sequence/transform,BUILDING_BLOCKS_ONLY,regular contiguous stages,"concatenation, combinations, diagonal/mask/index formulas need multiple calls or transforms",contiguous/regular pitched copies; arbitrary indexing is not memcpy,shape specialization and multi-call composition,HIGH,LOW,,https://docs.nvidia.com/cuda/cuda-runtime-api/,none identified with stronger whole-kernel semantics,LIBRARY_BACKEND_ABSENT,MULTI_CALL_COMPOSITION_NOT_MATCHER_ONLY
aten_nested_softmax_backward_cpu,aten/src/ATen/native/nested/NestedTensorBackward.cpp,nested_softmax_backward,issues/aten_c_kernels/aten_nested_softmax_backward_cpu.c,float,B=8; N=64,ragged_softmax: nested_softmax_backward,ragged_softmax,cublasSdot,PARTIAL_STAGE_ONLY,2,1,CUB/Thrust,segmented max/sum reductions plus pointwise transforms,BUILDING_BLOCKS_ONLY,softmax stages,"ragged offsets, stable max-subtraction, empty rows, dropout RNG state and backward semantics",explicit segment offsets over contiguous values,finish raising residual loops; then CUB segmented-reduction backend + multi-stage composition,HIGH,MEDIUM,,https://nvidia.github.io/cccl/unstable/cub/api/device.html,cuTENSOR/cuDNN only when the indexing operation specializes to a regular affine tensor op,LIBRARY_BACKEND_ABSENT,RAISING_THEN_LIBRARY_LOWERING
aten_nested_softmax_cpu,aten/src/ATen/native/nested/NestedTensorMath.cpp,softmax_nested,issues/aten_c_kernels/aten_nested_softmax_cpu.c,float/int,B=8; N=64,ragged_softmax: softmax_nested,ragged_softmax,,NONE,0,3,CUB/Thrust,segmented max/sum reductions plus pointwise transforms,BUILDING_BLOCKS_ONLY,softmax stages,"ragged offsets, stable max-subtraction, empty rows, dropout RNG state and backward semantics",explicit segment offsets over contiguous values,finish raising residual loops; then CUB segmented-reduction backend + multi-stage composition,HIGH,MEDIUM,,https://nvidia.github.io/cccl/unstable/cub/api/device.html,cuTENSOR/cuDNN only when the indexing operation specializes to a regular affine tensor op,LIBRARY_BACKEND_ABSENT,RAISING_THEN_LIBRARY_LOWERING
aten_nested_softmax_dropout_cpu,aten/src/ATen/native/nested/NestedTensorTransformerFunctions.cpp,NestedTensor_softmax_dropout,issues/aten_c_kernels/aten_nested_softmax_dropout_cpu.c,float,B=8; N=64,ragged_softmax: NestedTensor_softmax_dropout,ragged_softmax,,NONE,2,1,CUB/Thrust,segmented max/sum reductions plus pointwise transforms,BUILDING_BLOCKS_ONLY,softmax stages,"ragged offsets, stable max-subtraction, empty rows, dropout RNG state and backward semantics",explicit segment offsets over contiguous values,finish raising residual loops; then CUB segmented-reduction backend + multi-stage composition,HIGH,MEDIUM,,https://nvidia.github.io/cccl/unstable/cub/api/device.html,cuTENSOR/cuDNN only when the indexing operation specializes to a regular affine tensor op,LIBRARY_BACKEND_ABSENT,RAISING_THEN_LIBRARY_LOWERING
aten_nested_sum_backward_cpu,aten/src/ATen/native/nested/NestedTensorBackward.cpp,_nested_sum_backward_cpu,issues/aten_c_kernels/aten_nested_sum_backward_cpu.c,float,B=8; N=64,reduction: _nested_sum_backward,reduction,,NONE,1,0,cuTENSOR,cutensorCreateReduction plus elementwise stages,BUILDING_BLOCKS_ONLY,reduction stage,variance/norm/mean scaling or nested metadata requires extra stages; reduction order may differ,regular affine tensor modes/strides and supported reduction operator,"raise stages, partition graph, and lower generic reduction descriptors",HIGH,MEDIUM,,https://docs.nvidia.com/cuda/cutensor/latest/api/cutensor.html,CUB segmented/device reduction; cuDNN graph; NPP flat-signal statistics,GENERAL_CUTENSOR_BACKEND_ABSENT_CUTENSORNET_IS_NOT_EQUIVALENT,MULTI_CALL_COMPOSITION_NOT_MATCHER_ONLY
aten_nested_sum_dim_cpu,aten/src/ATen/native/nested/NestedTensorMath.cpp,NestedTensor_sum_dim_CPU,issues/aten_c_kernels/aten_nested_sum_dim_cpu.c,float/int,B=8; N=64,reduction: NestedTensor_sum_dim_CPU,reduction,,NONE,0,2,cuTENSOR,cutensorCreateReduction plus elementwise stages,BUILDING_BLOCKS_ONLY,reduction stage,variance/norm/mean scaling or nested metadata requires extra stages; reduction order may differ,regular affine tensor modes/strides and supported reduction operator,"finish raising residual loops; then raise stages, partition graph, and lower generic reduction descriptors",HIGH,MEDIUM,,https://docs.nvidia.com/cuda/cutensor/latest/api/cutensor.html,CUB segmented/device reduction; cuDNN graph; NPP flat-signal statistics,GENERAL_CUTENSOR_BACKEND_ABSENT_CUTENSORNET_IS_NOT_EQUIVALENT,RAISING_THEN_LIBRARY_LOWERING
aten_nested_to_mask_cpu,aten/src/ATen/native/nested/NestedTensorTransformerFunctions.cpp,NestedTensor_to_mask,issues/aten_c_kernels/aten_nested_to_mask_cpu.c,int,B=8; N=64,index_generation: NestedTensor_to_mask,index_generation,,NONE,1,0,CUB/Thrust,cudaMemcpy*/Memset or Thrust fill/sequence/transform,BUILDING_BLOCKS_ONLY,regular contiguous stages,"concatenation, combinations, diagonal/mask/index formulas need multiple calls or transforms",contiguous/regular pitched copies; arbitrary indexing is not memcpy,shape specialization and multi-call composition,HIGH,LOW,,https://nvidia.github.io/cccl/unstable/cub/api/device.html,cuTENSOR/cuDNN only when the indexing operation specializes to a regular affine tensor op,LIBRARY_BACKEND_ABSENT,MULTI_CALL_COMPOSITION_NOT_MATCHER_ONLY
aten_nested_to_padded_cpu,aten/src/ATen/native/nested/NestedTensorMath.cpp,NestedTensor_to_padded_tensor_generic,issues/aten_c_kernels/aten_nested_to_padded_cpu.c,float/int,B=8; P=80,padding: NestedTensor_to_padded_tensor_generic,padding,,NONE,1,0,NPP,nppiCopy*Border,SUBSET_WITH_CONSTRAINTS,2D image constant/replicate border subset,reflection/circular rules and backward accumulation are not generally covered,NPP 2D ROI/channel/dtype layouts only,specialize compatible image cases; otherwise composition,HIGH,LOW,,https://docs.nvidia.com/cuda/npp/,none identified with stronger whole-kernel semantics,LIBRARY_BACKEND_ABSENT,LEGALITY_SPECIALIZATION_AND_BACKEND
aten_nested_where_cpu,aten/src/ATen/native/nested/NestedTensorUnaryOps.cpp,NestedTensor_where,issues/aten_c_kernels/aten_nested_where_cpu.c,float/int,B=8; N=64,indexed_data_movement: NestedTensor_where,indexed_data_movement,,NONE,1,0,CUB/Thrust,gather/scatter/select or sort/reduce-by-key primitives,BUILDING_BLOCKS_ONLY,indexing stages,"bounds/negative indices, duplicate destinations, atomic reduction, determinism and write order",index arrays and flattened affine addressing; patch operations need index generation,indexed-op semantic matcher + collision proof or reduce-by-key composition,HIGH,MEDIUM,,https://nvidia.github.io/cccl/unstable/cub/api/device.html,cuTENSOR/cuDNN only when the indexing operation specializes to a regular affine tensor op,LIBRARY_BACKEND_ABSENT,MULTI_CALL_COMPOSITION_NOT_MATCHER_ONLY
aten_nested_where_out_cpu,aten/src/ATen/native/nested/NestedTensorUnaryOps.cpp,NestedTensor_where_out,issues/aten_c_kernels/aten_nested_where_out_cpu.c,float/int,B=8; N=64,indexed_data_movement: NestedTensor_where,indexed_data_movement,,NONE,1,0,CUB/Thrust,gather/scatter/select or sort/reduce-by-key primitives,BUILDING_BLOCKS_ONLY,indexing stages,"bounds/negative indices, duplicate destinations, atomic reduction, determinism and write order",index arrays and flattened affine addressing; patch operations need index generation,indexed-op semantic matcher + collision proof or reduce-by-key composition,HIGH,MEDIUM,,https://nvidia.github.io/cccl/unstable/cub/api/device.html,cuTENSOR/cuDNN only when the indexing operation specializes to a regular affine tensor op,LIBRARY_BACKEND_ABSENT,MULTI_CALL_COMPOSITION_NOT_MATCHER_ONLY
aten_nextafter,aten/src/ATen/native/cpu/BinaryOpsKernel.cpp,nextafter_kernel,issues/aten_c_kernels/aten_nextafter.c,float,N=4096,compound_or_specialized: nextafter_kernel,compound_or_specialized,,NONE,1,0,none,no public whole-tensor NVIDIA library operation,NO_PUBLIC_LIBRARY_EQUIVALENT,none,scalar CUDA math/libdevice or recurrences are not a host-callable tensor library implementation,not applicable,retain raised code or permit a generated/custom GPU kernel,HIGH,NONE,A scalar device function may exist; that is not a link-only tensor-library lowering.,,scalar CUDA math/libdevice or generated kernel (not a link-only tensor API),NO_PUBLIC_LIBRARY_BACKEND_POSSIBLE,NO_LINK_ONLY_LIBRARY_ROUTE
aten_nll_loss2d_backward_cpu,aten/src/ATen/native/LossNLL2d.cpp,nll_loss2d_backward_out_frame,issues/aten_c_kernels/aten_nll_loss2d_backward_cpu.c,float/int,B=4; C=8; H=16; W=16,loss: nll_loss2d_backward_frame,loss,,NONE,0,4,cuDNN,pointwise/reduction/matmul operation graph,BUILDING_BLOCKS_ONLY,arithmetic stages,"complete formula, index/label rules, state mutation, reductions and backward outputs",only graph nodes/layouts supported by cuDNN,finish raising residual loops; then extract and partition expression/stage graph; validate plan or keep raised code,HIGH,LOW,,https://docs.nvidia.com/deeplearning/cudnn/latest/index.html,none identified with stronger whole-kernel semantics,GENERAL_CUDNN_GRAPH_BACKEND_ABSENT,RAISING_THEN_LIBRARY_LOWERING
aten_nll_loss2d_forward_cpu,aten/src/ATen/native/LossNLL2d.cpp,nll_loss2d_forward_out_frame,issues/aten_c_kernels/aten_nll_loss2d_forward_cpu.c,float/int,B=4; C=8; H=16; W=16,loss: nll_loss2d_forward_frame,loss,,NONE,1,0,cuDNN,pointwise/reduction/matmul operation graph,BUILDING_BLOCKS_ONLY,arithmetic stages,"complete formula, index/label rules, state mutation, reductions and backward outputs",only graph nodes/layouts supported by cuDNN,extract and partition expression/stage graph; validate plan or keep raised code,HIGH,LOW,,https://docs.nvidia.com/deeplearning/cudnn/latest/index.html,none identified with stronger whole-kernel semantics,GENERAL_CUDNN_GRAPH_BACKEND_ABSENT,MULTI_CALL_COMPOSITION_NOT_MATCHER_ONLY
aten_nll_loss_backward_cpu,aten/src/ATen/native/LossNLL.cpp,nll_loss_backward_out_frame,issues/aten_c_kernels/aten_nll_loss_backward_cpu.c,float/int,B=32; C=16,loss: nll_loss_backward_frame,loss,memset_zero_2D_f32,PARTIAL_STAGE_ONLY,1,1,cuDNN,pointwise/reduction/matmul operation graph,BUILDING_BLOCKS_ONLY,arithmetic stages,"complete formula, index/label rules, state mutation, reductions and backward outputs",only graph nodes/layouts supported by cuDNN,finish raising residual loops; then extract and partition expression/stage graph; validate plan or keep raised code,HIGH,LOW,,https://docs.nvidia.com/deeplearning/cudnn/latest/index.html,none identified with stronger whole-kernel semantics,GENERAL_CUDNN_GRAPH_BACKEND_ABSENT,RAISING_THEN_LIBRARY_LOWERING
aten_nll_loss_forward_cpu,aten/src/ATen/native/LossNLL.cpp,nll_loss_out_frame,issues/aten_c_kernels/aten_nll_loss_forward_cpu.c,float/int,B=32; C=16,loss: nll_loss_frame,loss,,NONE,0,1,cuDNN,pointwise/reduction/matmul operation graph,BUILDING_BLOCKS_ONLY,arithmetic stages,"complete formula, index/label rules, state mutation, reductions and backward outputs",only graph nodes/layouts supported by cuDNN,finish raising residual loops; then extract and partition expression/stage graph; validate plan or keep raised code,HIGH,LOW,,https://docs.nvidia.com/deeplearning/cudnn/latest/index.html,none identified with stronger whole-kernel semantics,GENERAL_CUDNN_GRAPH_BACKEND_ABSENT,RAISING_THEN_LIBRARY_LOWERING
aten_nonzero_out_cpu,aten/src/ATen/native/TensorAdvancedIndexing.cpp,nonzero_out_cpu,issues/aten_c_kernels/aten_nonzero_out_cpu.c,float/int,R=32; C=64,indexed_data_movement: nonzero,indexed_data_movement,,NONE,0,2,CUB/Thrust,gather/scatter/select or sort/reduce-by-key primitives,BUILDING_BLOCKS_ONLY,indexing stages,"bounds/negative indices, duplicate destinations, atomic reduction, determinism and write order",index arrays and flattened affine addressing; patch operations need index generation,finish raising residual loops; then indexed-op semantic matcher + collision proof or reduce-by-key composition,HIGH,MEDIUM,,https://nvidia.github.io/cccl/unstable/cub/api/device.html,cuTENSOR/cuDNN only when the indexing operation specializes to a regular affine tensor op,LIBRARY_BACKEND_ABSENT,RAISING_THEN_LIBRARY_LOWERING
aten_norm_cpu,aten/src/ATen/native/cpu/ReduceOpsKernel.cpp,norm_kernel_tensor_iterator_impl,issues/aten_c_kernels/aten_norm_cpu.c,float,R=32; K=64,reduction: norm_kernel_tensor_iterator_impl,reduction,"cutensorUnary_sqrt_f32,memset_zero_1D_f32",PARTIAL_STAGE_ONLY,3,0,cuTENSOR,cutensorCreateReduction plus elementwise stages,BUILDING_BLOCKS_ONLY,reduction stage,variance/norm/mean scaling or nested metadata requires extra stages; reduction order may differ,regular affine tensor modes/strides and supported reduction operator,"preserve current partial match and partition residual graph; then raise stages, partition graph, and lower generic reduction descriptors",HIGH,MEDIUM,,https://docs.nvidia.com/cuda/cutensor/latest/api/cutensor.html,CUB segmented/device reduction; cuDNN graph; NPP flat-signal statistics,GENERAL_CUTENSOR_BACKEND_ABSENT_CUTENSORNET_IS_NOT_EQUIVALENT,GRAPH_PARTITION_RESIDUAL_THEN_LIBRARY_LOWERING
aten_normal_cpu,aten/src/ATen/native/cpu/DistributionKernels.cpp,normal_kernel,issues/aten_c_kernels/aten_normal_cpu.c,float,N=4096,random_generation: normal_kernel,random_generation,,NONE,1,0,cuRAND,uniform/normal/lognormal/Poisson/Sobol generators,SUBSET_WITH_CONSTRAINTS,random draw stage or whole distribution subset,"ATen Philox generator state, seed/offset advancement, reproducibility and exact transform must match",cuRAND output type/count/alignment; many distributions need a transform,RNG-state proof + cuRAND backend; compose unsupported transforms,HIGH,LOW,,https://docs.nvidia.com/cuda/curand/host-api-overview.html,none identified with stronger whole-kernel semantics,LIBRARY_BACKEND_ABSENT,LEGALITY_SPECIALIZATION_AND_BACKEND
aten_or_reduce_cpu,aten/src/ATen/native/cpu/ReduceOpsKernel.cpp,or_kernel_impl,issues/aten_c_kernels/aten_or_reduce_cpu.c,int,R=32; K=64,reduction: or_kernel_impl,reduction,,NONE,2,0,CUB/Thrust,DeviceReduce with logical/bitwise operator,SUBSET_WITH_CONSTRAINTS,whole for a flat/segmented supported type,"logical versus bitwise interpretation, identity, integer type and empty input",flattened contiguous range or explicit tensor-axis segments,CUB reduction backend + boolean/integer semantic matcher,HIGH,MEDIUM,,https://nvidia.github.io/cccl/unstable/cub/api/device.html,CUB segmented/device reduction; cuDNN graph; NPP flat-signal statistics,LIBRARY_BACKEND_ABSENT,LEGALITY_SPECIALIZATION_AND_BACKEND
aten_padded_to_jagged_cpu,aten/src/ATen/native/nested/NestedTensorTransformerFunctions.cpp,_padded_dense_to_jagged_forward_cpu,issues/aten_c_kernels/aten_padded_to_jagged_cpu.c,float/int,B=8; N=64,padding: _padded_dense_to_jagged_forward,padding,,NONE,0,2,NPP,nppiCopy*Border,SUBSET_WITH_CONSTRAINTS,2D image constant/replicate border subset,reflection/circular rules and backward accumulation are not generally covered,NPP 2D ROI/channel/dtype layouts only,finish raising residual loops; then specialize compatible image cases; otherwise composition,HIGH,LOW,,https://docs.nvidia.com/cuda/npp/,none identified with stronger whole-kernel semantics,LIBRARY_BACKEND_ABSENT,RAISING_THEN_LIBRARY_LOWERING
aten_pdist_backward_cpu,aten/src/ATen/native/cpu/DistanceOpsKernel.cpp,pdist_backward_kernel_impl,issues/aten_c_kernels/aten_pdist_backward_cpu.c,float,N=16; M=12; D=32,distance: pdist_backward_kernel_impl,distance,memset_zero_2D_f32,PARTIAL_STAGE_ONLY,1,6,cuDNN,pointwise/reduction/matmul operation graph,BUILDING_BLOCKS_ONLY,arithmetic stages,"complete formula, index/label rules, state mutation, reductions and backward outputs",only graph nodes/layouts supported by cuDNN,finish raising residual loops; then extract and partition expression/stage graph; validate plan or keep raised code,HIGH,LOW,,https://docs.nvidia.com/deeplearning/cudnn/latest/index.html,none identified with stronger whole-kernel semantics,GENERAL_CUDNN_GRAPH_BACKEND_ABSENT,RAISING_THEN_LIBRARY_LOWERING
aten_pdist_forward_cpu,aten/src/ATen/native/cpu/DistanceOpsKernel.cpp,pdist_forward_kernel_impl,issues/aten_c_kernels/aten_pdist_forward_cpu.c,float,N=16; M=12; D=32,distance: pdist_forward_kernel_impl,distance,,NONE,1,3,cuDNN,pointwise/reduction/matmul operation graph,BUILDING_BLOCKS_ONLY,arithmetic stages,"complete formula, index/label rules, state mutation, reductions and backward outputs",only graph nodes/layouts supported by cuDNN,finish raising residual loops; then extract and partition expression/stage graph; validate plan or keep raised code,HIGH,LOW,,https://docs.nvidia.com/deeplearning/cudnn/latest/index.html,none identified with stronger whole-kernel semantics,GENERAL_CUDNN_GRAPH_BACKEND_ABSENT,RAISING_THEN_LIBRARY_LOWERING
aten_permute_sparse_coo_cpu,aten/src/ATen/native/TensorShape.cpp,permute_sparse_coo,issues/aten_c_kernels/aten_permute_sparse_coo_cpu.c,int,D=3; N=512,sparse_indexed_elementwise: permute_sparse_coo,sparse_indexed_elementwise,,NONE,1,0,cuSPARSE,sparse descriptors plus CUB segmented/indexed primitives,BUILDING_BLOCKS_ONLY,storage and reduction stages,"implicit zeros, duplicates, segment boundaries, gradients and reduction/softmax semantics",standard sparse storage; arbitrary indexed formulas remain outside cuSPARSE,mixed cuSPARSE+CUB graph composition; not a one-call matcher,HIGH,LOW,,https://docs.nvidia.com/cuda/cusparse/index.html,CUB sort/segmented-reduce for nonstandard sparse semantics,LIBRARY_BACKEND_ABSENT,MULTI_CALL_COMPOSITION_NOT_MATCHER_ONLY
aten_pixel_shuffle,aten/src/ATen/native/PixelShuffle.cpp,pixel_shuffle,issues/aten_c_kernels/aten_pixel_shuffle.c,float,B=2; C=3; R=2; H=4; W=4,tensor_permutation: pixel_shuffle,tensor_permutation,,NONE,1,0,cuTENSOR,cutensorPermute,EXACT_CONFIGURED_PRIMITIVE,whole for affine permutation/broadcast,pure data rearrangement with no overlapping writes,positive explicit strides/modes; shuffle/repeat must be representable without index-dependent modulo,affine-map-to-mode extraction + generic permutation lowering,HIGH,HIGH,,https://docs.nvidia.com/cuda/cutensor/latest/api/cutensor.html,none identified with stronger whole-kernel semantics,GENERAL_CUTENSOR_BACKEND_ABSENT_CUTENSORNET_IS_NOT_EQUIVALENT,SEMANTIC_MATCHER_AND_LIBRARY_BACKEND
aten_pixel_shuffle_cpu_backend,aten/src/ATen/native/cpu/PixelShuffleKernel.cpp,pixel_shuffle_kernel_impl,issues/aten_c_kernels/aten_pixel_shuffle_cpu_backend.c,float,B=1; C=3; H=8; W=8; RATIO=2,tensor_permutation: pixel_shuffle_kernel_impl,tensor_permutation,,NONE,1,0,cuTENSOR,cutensorPermute,EXACT_CONFIGURED_PRIMITIVE,whole for affine permutation/broadcast,pure data rearrangement with no overlapping writes,positive explicit strides/modes; shuffle/repeat must be representable without index-dependent modulo,affine-map-to-mode extraction + generic permutation lowering,HIGH,HIGH,,https://docs.nvidia.com/cuda/cutensor/latest/api/cutensor.html,none identified with stronger whole-kernel semantics,GENERAL_CUTENSOR_BACKEND_ABSENT_CUTENSORNET_IS_NOT_EQUIVALENT,SEMANTIC_MATCHER_AND_LIBRARY_BACKEND
aten_pixel_unshuffle_cpu_backend,aten/src/ATen/native/cpu/PixelShuffleKernel.cpp,pixel_unshuffle_kernel_impl,issues/aten_c_kernels/aten_pixel_unshuffle_cpu_backend.c,float,B=1; C=3; H=8; W=8; RATIO=2,tensor_permutation: pixel_unshuffle_kernel_impl,tensor_permutation,,NONE,1,0,cuTENSOR,cutensorPermute,EXACT_CONFIGURED_PRIMITIVE,whole for affine permutation/broadcast,pure data rearrangement with no overlapping writes,positive explicit strides/modes; shuffle/repeat must be representable without index-dependent modulo,affine-map-to-mode extraction + generic permutation lowering,HIGH,HIGH,,https://docs.nvidia.com/cuda/cutensor/latest/api/cutensor.html,none identified with stronger whole-kernel semantics,GENERAL_CUTENSOR_BACKEND_ABSENT_CUTENSORNET_IS_NOT_EQUIVALENT,SEMANTIC_MATCHER_AND_LIBRARY_BACKEND
aten_poisson_transform_cpu,aten/src/ATen/native/Distributions.cpp,_s_poisson_cpu,issues/aten_c_kernels/aten_poisson_transform_cpu.c,float/int,N=1024; T=64,random_generation: _s_poisson,random_generation,,NONE,0,2,cuRAND,uniform/normal/lognormal/Poisson/Sobol generators,SUBSET_WITH_CONSTRAINTS,random draw stage or whole distribution subset,"ATen Philox generator state, seed/offset advancement, reproducibility and exact transform must match",cuRAND output type/count/alignment; many distributions need a transform,finish raising residual loops; then RNG-state proof + cuRAND backend; compose unsupported transforms,HIGH,LOW,,https://docs.nvidia.com/cuda/curand/host-api-overview.html,none identified with stronger whole-kernel semantics,LIBRARY_BACKEND_ABSENT,RAISING_THEN_LIBRARY_LOWERING
aten_polar_scalarized,aten/src/ATen/native/cpu/ComplexKernel.cpp,polar_kernel,issues/aten_c_kernels/aten_polar_scalarized.c,float,N=4096,complex_construction: polar_kernel,complex_construction,,NONE,2,0,cuDNN,SIN/COS/MUL pointwise operation graph,EXACT_GRAPH_IF_SUPPORTED,whole,construct real/imaginary output with the same polar convention and exceptional values,regular real input tensors and representable complex output storage,expression graph extraction + complex-layout-aware cuDNN graph lowering,HIGH,LOW,,https://docs.nvidia.com/deeplearning/cudnn/latest/index.html,none identified with stronger whole-kernel semantics,GENERAL_CUDNN_GRAPH_BACKEND_ABSENT,SEMANTIC_MATCHER_AND_LIBRARY_BACKEND
aten_polygamma,aten/src/ATen/native/cpu/UnaryOpsKernel.cpp,polygamma_kernel,issues/aten_c_kernels/aten_polygamma.c,float/int,N=4096,random_distribution: polygamma_kernel,random_distribution,,NONE,1,0,cuRAND,uniform/normal/lognormal/Poisson/Sobol generators,SUBSET_WITH_CONSTRAINTS,random draw stage or whole distribution subset,"ATen Philox generator state, seed/offset advancement, reproducibility and exact transform must match",cuRAND output type/count/alignment; many distributions need a transform,RNG-state proof + cuRAND backend; compose unsupported transforms,HIGH,LOW,,https://docs.nvidia.com/cuda/curand/host-api-overview.html,none identified with stronger whole-kernel semantics,LIBRARY_BACKEND_ABSENT,LEGALITY_SPECIALIZATION_AND_BACKEND
aten_pow,aten/src/ATen/native/cpu/PowKernel.cpp,pow_tensor_tensor_kernel,issues/aten_c_kernels/aten_pow.c,float,N=4096,pointwise: pow_tensor_tensor_kernel,pointwise,,NONE,1,0,cuDNN,Pointwise operation graph,EXACT_GRAPH_IF_SUPPORTED,whole if every node is supported,"rounding mode, integer division/modulo, NaN/signed-zero and backward formula must agree",broadcastable regular strides and cuDNN-supported data types/alignment,provenance-preserving expression DAG extraction + cuDNN graph backend,HIGH,HIGH,,https://docs.nvidia.com/deeplearning/cudnn/latest/index.html,cuTENSOR for its fixed unary/binary operator subset; NPP for flat supported signals; Thrust transform,GENERAL_CUDNN_GRAPH_BACKEND_ABSENT,SEMANTIC_MATCHER_AND_LIBRARY_BACKEND
aten_pow_tensor_scalar,aten/src/ATen/native/cpu/PowKernel.cpp,pow_tensor_scalar_kernel,issues/aten_c_kernels/aten_pow_tensor_scalar.c,float,N=4096,pointwise: pow_tensor_scalar_kernel,pointwise,,NONE,1,0,cuDNN,Pointwise operation graph,EXACT_GRAPH_IF_SUPPORTED,whole if every node is supported,"rounding mode, integer division/modulo, NaN/signed-zero and backward formula must agree",broadcastable regular strides and cuDNN-supported data types/alignment,provenance-preserving expression DAG extraction + cuDNN graph backend,HIGH,HIGH,,https://docs.nvidia.com/deeplearning/cudnn/latest/index.html,cuTENSOR for its fixed unary/binary operator subset; NPP for flat supported signals; Thrust transform,GENERAL_CUDNN_GRAPH_BACKEND_ABSENT,SEMANTIC_MATCHER_AND_LIBRARY_BACKEND
aten_powsum_cpu,aten/src/ATen/native/cpu/ReduceOpsKernel.cpp,powsum_kernel_tensor_iterator_impl,issues/aten_c_kernels/aten_powsum_cpu.c,float,R=32; K=64,pointwise_reduction_formula: powsum_kernel_tensor_iterator_impl,pointwise_reduction_formula,memset_zero_1D_f32,PARTIAL_STAGE_ONLY,2,0,cuDNN,pointwise operations + reduction operation graph,EXACT_GRAPH_IF_SUPPORTED,whole if graph accepted,"body operations, NaN policy, reduction identity and reassociation must match",cuDNN supported modes/types/layout/alignment; fusion engines do not accept every arbitrary graph,preserve current partial match and partition residual graph; then extract expression DAG + graph legality/cost check + cuDNN plan lowering,HIGH,MEDIUM,,https://docs.nvidia.com/deeplearning/cudnn/latest/index.html,cuTENSOR for its fixed unary/binary operator subset; NPP for flat supported signals; Thrust transform,GENERAL_CUDNN_GRAPH_BACKEND_ABSENT,GRAPH_PARTITION_RESIDUAL_THEN_LIBRARY_LOWERING
aten_prod,aten/src/ATen/native/cpu/ReduceOpsKernel.cpp,prod_kernel,issues/aten_c_kernels/aten_prod.c,float,N=256,reduction: prod_kernel,reduction,,NONE,1,0,cuTENSOR,cutensorCreateReduction,EXACT_CONFIGURED_PRIMITIVE,whole,associative ADD/MUL/MIN/MAX and permitted reassociation; boolean/integer types are restricted,regular affine tensor modes and supported data/compute type,generic reduction matcher + cuTENSOR descriptor lowering,HIGH,HIGH,,https://docs.nvidia.com/cuda/cutensor/latest/api/cutensor.html,CUB segmented/device reduction; cuDNN graph; NPP flat-signal statistics,GENERAL_CUTENSOR_BACKEND_ABSENT_CUTENSORNET_IS_NOT_EQUIVALENT,SEMANTIC_MATCHER_AND_LIBRARY_BACKEND
aten_put_cpu,aten/src/ATen/native/cpu/IndexKernel.cpp,put_kernel,issues/aten_c_kernels/aten_put_cpu.c,float/int,R=32; K=64; S=128,indexed_data_movement: put_kernel,indexed_data_movement,,NONE,0,1,CUB/Thrust,gather/scatter/select or sort/reduce-by-key primitives,BUILDING_BLOCKS_ONLY,indexing stages,"bounds/negative indices, duplicate destinations, atomic reduction, determinism and write order",index arrays and flattened affine addressing; patch operations need index generation,finish raising residual loops; then indexed-op semantic matcher + collision proof or reduce-by-key composition,HIGH,MEDIUM,,https://nvidia.github.io/cccl/unstable/cub/api/device.html,cuTENSOR/cuDNN only when the indexing operation specializes to a regular affine tensor op,LIBRARY_BACKEND_ABSENT,RAISING_THEN_LIBRARY_LOWERING
aten_quant_col_offsets_cpu,aten/src/ATen/native/QuantizedLinear.cpp,CalcColOffsetsTranspose,issues/aten_c_kernels/aten_quant_col_offsets_cpu.c,int,K=64; N=48,column_reduction: CalcColOffsetsTranspose,column_reduction,,NONE,3,0,CUB/Thrust,DeviceHistogram or DeviceReduce,SUBSET_WITH_CONSTRAINTS,whole for supported binning/reduction,"bin-edge inclusivity, out-of-range/NaN handling and weighted/multidimensional bins",supported sample/bin types; histogramdd may require linearized keys,histogram matcher + CUB backend + semantic guards,HIGH,MEDIUM,,https://nvidia.github.io/cccl/unstable/cub/api/device.html,CUB segmented/device reduction; cuDNN graph; NPP flat-signal statistics,LIBRARY_BACKEND_ABSENT,LEGALITY_SPECIALIZATION_AND_BACKEND
aten_quant_saturation_cpu,aten/src/ATen/native/QuantizedLinear.cpp,HandleWeightsSaturation,issues/aten_c_kernels/aten_quant_saturation_cpu.c,int,N=4096,pointwise_reduction_formula: HandleWeightsSaturation,pointwise_reduction_formula,,NONE,1,0,cuDNN,pointwise operations + reduction operation graph,EXACT_GRAPH_IF_SUPPORTED,whole if graph accepted,"body operations, NaN policy, reduction identity and reassociation must match",cuDNN supported modes/types/layout/alignment; fusion engines do not accept every arbitrary graph,extract expression DAG + graph legality/cost check + cuDNN plan lowering,HIGH,MEDIUM,,https://docs.nvidia.com/deeplearning/cudnn/latest/index.html,cuTENSOR for its fixed unary/binary operator subset; NPP for flat supported signals; Thrust transform,GENERAL_CUDNN_GRAPH_BACKEND_ABSENT,SEMANTIC_MATCHER_AND_LIBRARY_BACKEND
aten_quick_select_cpu,aten/src/ATen/native/Sorting.cpp,quick_select_template,issues/aten_c_kernels/aten_quick_select_cpu.c,float/int,N=127,ordering_selection: quick_select_template,ordering_selection,,NONE,0,2,CUB/Thrust,DeviceRadixSort/MergeSort/TopK/Select/RLE or binary search,BUILDING_BLOCKS_ONLY,sort/search/select stages,"stable ordering, NaNs, first-index/tie policy, multidimensional axes and returned indices",contiguous keys or explicit segments; arbitrary strided axes need layout conversion,finish raising residual loops; then CUB/Thrust backend + operation-specific composition,HIGH,MEDIUM,,https://nvidia.github.io/cccl/unstable/cub/api/device.html,cuTENSOR/cuDNN only when the indexing operation specializes to a regular affine tensor op,LIBRARY_BACKEND_ABSENT,RAISING_THEN_LIBRARY_LOWERING
aten_random_cpu,aten/src/ATen/native/cpu/DistributionKernels.cpp,random_kernel,issues/aten_c_kernels/aten_random_cpu.c,int,N=4096,random_distribution: random_kernel,random_distribution,,NONE,1,0,cuRAND,uniform/normal/lognormal/Poisson/Sobol generators,SUBSET_WITH_CONSTRAINTS,random draw stage or whole distribution subset,"ATen Philox generator state, seed/offset advancement, reproducibility and exact transform must match",cuRAND output type/count/alignment; many distributions need a transform,RNG-state proof + cuRAND backend; compose unsupported transforms,HIGH,LOW,,https://docs.nvidia.com/cuda/curand/host-api-overview.html,none identified with stronger whole-kernel semantics,LIBRARY_BACKEND_ABSENT,LEGALITY_SPECIALIZATION_AND_BACKEND
aten_random_from_to_cpu,aten/src/ATen/native/cpu/DistributionKernels.cpp,random_from_to_kernel,issues/aten_c_kernels/aten_random_from_to_cpu.c,int,N=4096,random_distribution: random_from_to_kernel,random_distribution,,NONE,1,0,cuRAND,uniform/normal/lognormal/Poisson/Sobol generators,SUBSET_WITH_CONSTRAINTS,random draw stage or whole distribution subset,"ATen Philox generator state, seed/offset advancement, reproducibility and exact transform must match",cuRAND output type/count/alignment; many distributions need a transform,RNG-state proof + cuRAND backend; compose unsupported transforms,HIGH,LOW,,https://docs.nvidia.com/cuda/curand/host-api-overview.html,none identified with stronger whole-kernel semantics,LIBRARY_BACKEND_ABSENT,LEGALITY_SPECIALIZATION_AND_BACKEND
aten_random_full_64_bits_range_cpu,aten/src/ATen/native/cpu/DistributionKernels.cpp,random_full_64_bits_range_kernel,issues/aten_c_kernels/aten_random_full_64_bits_range_cpu.c,unknown,N=4096,random_distribution: random_full_64_bits_range_kernel,random_distribution,,NONE,1,0,cuRAND,uniform/normal/lognormal/Poisson/Sobol generators,SUBSET_WITH_CONSTRAINTS,random draw stage or whole distribution subset,"ATen Philox generator state, seed/offset advancement, reproducibility and exact transform must match",cuRAND output type/count/alignment; many distributions need a transform,RNG-state proof + cuRAND backend; compose unsupported transforms,HIGH,LOW,,https://docs.nvidia.com/cuda/curand/host-api-overview.html,none identified with stronger whole-kernel semantics,LIBRARY_BACKEND_ABSENT,LEGALITY_SPECIALIZATION_AND_BACKEND
aten_randperm_cpu,aten/src/ATen/native/TensorFactories.cpp,randperm_cpu,issues/aten_c_kernels/aten_randperm_cpu.c,int,N=256,random_distribution: randperm,random_distribution,,NONE,1,1,cuRAND,uniform/normal/lognormal/Poisson/Sobol generators,SUBSET_WITH_CONSTRAINTS,random draw stage or whole distribution subset,"ATen Philox generator state, seed/offset advancement, reproducibility and exact transform must match",cuRAND output type/count/alignment; many distributions need a transform,finish raising residual loops; then RNG-state proof + cuRAND backend; compose unsupported transforms,HIGH,LOW,,https://docs.nvidia.com/cuda/curand/host-api-overview.html,none identified with stronger whole-kernel semantics,LIBRARY_BACKEND_ABSENT,RAISING_THEN_LIBRARY_LOWERING
aten_range_out_cpu,aten/src/ATen/native/RangeFactories.cpp,range_out,issues/aten_c_kernels/aten_range_out_cpu.c,float,N=256,tensor_initialization: range,tensor_initialization,,NONE,1,0,CUB/Thrust,cudaMemcpy*/Memset or Thrust fill/sequence/transform,BUILDING_BLOCKS_ONLY,regular contiguous stages,"concatenation, combinations, diagonal/mask/index formulas need multiple calls or transforms",contiguous/regular pitched copies; arbitrary indexing is not memcpy,shape specialization and multi-call composition,HIGH,LOW,,https://nvidia.github.io/cccl/unstable/cub/api/device.html,cuTENSOR/cuDNN only when the indexing operation specializes to a regular affine tensor op,LIBRARY_BACKEND_ABSENT,MULTI_CALL_COMPOSITION_NOT_MATCHER_ONLY
aten_reflect_conj_tri_cpu,aten/src/ATen/native/BatchLinearAlgebraKernel.cpp,apply_reflect_conj_tri_single,issues/aten_c_kernels/aten_reflect_conj_tri_cpu.c,float,N=64,matrix_factorization: apply_reflect_conj_tri_single,matrix_factorization,,NONE,2,0,cuSOLVER,dense eig/LU/QR helper APIs,BUILDING_BLOCKS_ONLY,factorization or helper stage,the extracted helper may only reflect/unpack pivots rather than perform the factorization,cuSOLVER column-major dense layouts/types/workspaces,recognize enclosing factorization; helper alone is not a cuSOLVER call,HIGH,LOW,,https://docs.nvidia.com/cuda/cusolver/contents.html,none identified with stronger whole-kernel semantics,LIBRARY_BACKEND_ABSENT,MULTI_CALL_COMPOSITION_NOT_MATCHER_ONLY
aten_reflection_pad1d_backward_cpu,aten/src/ATen/native/cpu/PaddingKernel.cpp,reflection_pad1d_backward_kernel_impl,issues/aten_c_kernels/aten_reflection_pad1d_backward_cpu.c,float,B=1; C=2; I0=4; P0=2; O0=(I0+2*P0),padding: reflection_pad1d_backward_kernel_impl,padding,memset_zero_1D_f32,PARTIAL_STAGE_ONLY,1,2,NPP,nppiCopy*Border,SUBSET_WITH_CONSTRAINTS,2D image constant/replicate border subset,reflection/circular rules and backward accumulation are not generally covered,NPP 2D ROI/channel/dtype layouts only,finish raising residual loops; then specialize compatible image cases; otherwise composition,HIGH,LOW,,https://docs.nvidia.com/cuda/npp/,none identified with stronger whole-kernel semantics,LIBRARY_BACKEND_ABSENT,RAISING_THEN_LIBRARY_LOWERING
aten_reflection_pad1d_cpu,aten/src/ATen/native/cpu/PaddingKernel.cpp,reflection_pad1d_kernel_impl,issues/aten_c_kernels/aten_reflection_pad1d_cpu.c,float,B=1; C=2; I0=4; P0=2; O0=(I0+2*P0),padding: reflection_pad1d_kernel_impl,padding,,NONE,1,0,NPP,nppiCopy*Border,SUBSET_WITH_CONSTRAINTS,2D image constant/replicate border subset,reflection/circular rules and backward accumulation are not generally covered,NPP 2D ROI/channel/dtype layouts only,specialize compatible image cases; otherwise composition,HIGH,LOW,,https://docs.nvidia.com/cuda/npp/,none identified with stronger whole-kernel semantics,LIBRARY_BACKEND_ABSENT,LEGALITY_SPECIALIZATION_AND_BACKEND
aten_reflection_pad2d,aten/src/ATen/native/ReflectionPad.cpp,reflection_pad2d,issues/aten_c_kernels/aten_reflection_pad2d.c,float,C=3; H=8; W=8,padding: reflection_pad2d,padding,,NONE,1,0,NPP,nppiCopy*Border,SUBSET_WITH_CONSTRAINTS,2D image constant/replicate border subset,reflection/circular rules and backward accumulation are not generally covered,NPP 2D ROI/channel/dtype layouts only,specialize compatible image cases; otherwise composition,HIGH,LOW,,https://docs.nvidia.com/cuda/npp/,none identified with stronger whole-kernel semantics,LIBRARY_BACKEND_ABSENT,LEGALITY_SPECIALIZATION_AND_BACKEND
aten_reflection_pad2d_backward_cpu,aten/src/ATen/native/cpu/PaddingKernel.cpp,reflection_pad2d_backward_kernel_impl,issues/aten_c_kernels/aten_reflection_pad2d_backward_cpu.c,float,B=1; C=2; I0=4; P0=2; O0=(I0+2*P0); I1=5; P1=2; O1=(I1+2*P1),padding: reflection_pad2d_backward_kernel_impl,padding,memset_zero_1D_f32,PARTIAL_STAGE_ONLY,1,3,NPP,nppiCopy*Border,SUBSET_WITH_CONSTRAINTS,2D image constant/replicate border subset,reflection/circular rules and backward accumulation are not generally covered,NPP 2D ROI/channel/dtype layouts only,finish raising residual loops; then specialize compatible image cases; otherwise composition,HIGH,LOW,,https://docs.nvidia.com/cuda/npp/,none identified with stronger whole-kernel semantics,LIBRARY_BACKEND_ABSENT,RAISING_THEN_LIBRARY_LOWERING
aten_reflection_pad2d_cpu,aten/src/ATen/native/cpu/PaddingKernel.cpp,reflection_pad2d_kernel_impl,issues/aten_c_kernels/aten_reflection_pad2d_cpu.c,float,B=1; C=2; I0=4; P0=2; O0=(I0+2*P0); I1=5; P1=2; O1=(I1+2*P1),padding: reflection_pad2d_kernel_impl,padding,,NONE,1,0,NPP,nppiCopy*Border,SUBSET_WITH_CONSTRAINTS,2D image constant/replicate border subset,reflection/circular rules and backward accumulation are not generally covered,NPP 2D ROI/channel/dtype layouts only,specialize compatible image cases; otherwise composition,HIGH,LOW,,https://docs.nvidia.com/cuda/npp/,none identified with stronger whole-kernel semantics,LIBRARY_BACKEND_ABSENT,LEGALITY_SPECIALIZATION_AND_BACKEND
aten_reflection_pad3d_backward_cpu,aten/src/ATen/native/cpu/PaddingKernel.cpp,reflection_pad3d_backward_kernel_impl,issues/aten_c_kernels/aten_reflection_pad3d_backward_cpu.c,float,B=1; C=2; I0=4; P0=2; O0=(I0+2*P0); I1=5; P1=2; O1=(I1+2*P1); I2=6; P2=2; O2=(I2+2*P2),padding: reflection_pad3d_backward_kernel_impl,padding,memset_zero_1D_f32,PARTIAL_STAGE_ONLY,1,4,NPP,nppiCopy*Border,SUBSET_WITH_CONSTRAINTS,2D image constant/replicate border subset,reflection/circular rules and backward accumulation are not generally covered,NPP 2D ROI/channel/dtype layouts only,finish raising residual loops; then specialize compatible image cases; otherwise composition,HIGH,LOW,,https://docs.nvidia.com/cuda/npp/,none identified with stronger whole-kernel semantics,LIBRARY_BACKEND_ABSENT,RAISING_THEN_LIBRARY_LOWERING
aten_reflection_pad3d_cpu,aten/src/ATen/native/cpu/PaddingKernel.cpp,reflection_pad3d_kernel_impl,issues/aten_c_kernels/aten_reflection_pad3d_cpu.c,float,B=1; C=2; I0=4; P0=2; O0=(I0+2*P0); I1=5; P1=2; O1=(I1+2*P1); I2=6; P2=2; O2=(I2+2*P2),padding: reflection_pad3d_kernel_impl,padding,,NONE,1,0,NPP,nppiCopy*Border,SUBSET_WITH_CONSTRAINTS,2D image constant/replicate border subset,reflection/circular rules and backward accumulation are not generally covered,NPP 2D ROI/channel/dtype layouts only,specialize compatible image cases; otherwise composition,HIGH,LOW,,https://docs.nvidia.com/cuda/npp/,none identified with stronger whole-kernel semantics,LIBRARY_BACKEND_ABSENT,LEGALITY_SPECIALIZATION_AND_BACKEND
aten_remainder,aten/src/ATen/native/cpu/BinaryOpsKernel.cpp,remainder_kernel,issues/aten_c_kernels/aten_remainder.c,float,N=4096,pointwise: remainder_kernel,pointwise,,NONE,1,0,cuDNN,Pointwise operation graph,EXACT_GRAPH_IF_SUPPORTED,whole if every node is supported,"rounding mode, integer division/modulo, NaN/signed-zero and backward formula must agree",broadcastable regular strides and cuDNN-supported data types/alignment,provenance-preserving expression DAG extraction + cuDNN graph backend,HIGH,HIGH,,https://docs.nvidia.com/deeplearning/cudnn/latest/index.html,cuTENSOR for its fixed unary/binary operator subset; NPP for flat supported signals; Thrust transform,GENERAL_CUDNN_GRAPH_BACKEND_ABSENT,SEMANTIC_MATCHER_AND_LIBRARY_BACKEND
aten_renorm_scale_factor,aten/src/ATen/native/cpu/RenormKernel.cpp,renorm_scale_factor_impl,issues/aten_c_kernels/aten_renorm_scale_factor.c,float,N=4096,normalization: renorm_scale_factor_impl,normalization,,NONE,1,0,cuDNN,Batch/Layer/Group normalization graph,SUBSET_WITH_CONSTRAINTS,whole for supported normalization; otherwise normalization stages,"epsilon, training/inference, saved statistics, unbiased variance and backward outputs",cuDNN normalization layout/type/alignment restrictions,normalization semantic matcher + cuDNN graph-plan backend,HIGH,HIGH,,https://docs.nvidia.com/deeplearning/cudnn/latest/index.html,CUB segmented/device reduction; cuDNN graph; NPP flat-signal statistics,GENERAL_CUDNN_GRAPH_BACKEND_ABSENT,LEGALITY_SPECIALIZATION_AND_BACKEND
aten_repeat_compute_cpu,aten/src/ATen/native/Repeat.cpp,compute_cpu,issues/aten_c_kernels/aten_repeat_compute_cpu.c,float,N=64; R=4,tensor_permutation: compute,tensor_permutation,,NONE,1,0,cuTENSOR,cutensorPermute,EXACT_CONFIGURED_PRIMITIVE,whole for affine permutation/broadcast,pure data rearrangement with no overlapping writes,positive explicit strides/modes; shuffle/repeat must be representable without index-dependent modulo,affine-map-to-mode extraction + generic permutation lowering,HIGH,HIGH,,https://docs.nvidia.com/cuda/cutensor/latest/api/cutensor.html,none identified with stronger whole-kernel semantics,GENERAL_CUTENSOR_BACKEND_ABSENT_CUTENSORNET_IS_NOT_EQUIVALENT,SEMANTIC_MATCHER_AND_LIBRARY_BACKEND
aten_repeat_tensor_shape_cpu,aten/src/ATen/native/TensorShape.cpp,repeat,issues/aten_c_kernels/aten_repeat_tensor_shape_cpu.c,float,N=64; R=4,tensor_permutation: repeat,tensor_permutation,,NONE,1,0,cuTENSOR,cutensorPermute,EXACT_CONFIGURED_PRIMITIVE,whole for affine permutation/broadcast,pure data rearrangement with no overlapping writes,positive explicit strides/modes; shuffle/repeat must be representable without index-dependent modulo,affine-map-to-mode extraction + generic permutation lowering,HIGH,HIGH,,https://docs.nvidia.com/cuda/cutensor/latest/api/cutensor.html,none identified with stronger whole-kernel semantics,GENERAL_CUTENSOR_BACKEND_ABSENT_CUTENSORNET_IS_NOT_EQUIVALENT,SEMANTIC_MATCHER_AND_LIBRARY_BACKEND
aten_replication_pad1d_backward_cpu,aten/src/ATen/native/cpu/PaddingKernel.cpp,replication_pad1d_backward_kernel_impl,issues/aten_c_kernels/aten_replication_pad1d_backward_cpu.c,float,B=1; C=2; I0=4; P0=2; O0=(I0+2*P0),padding: replication_pad1d_backward_kernel_impl,padding,memset_zero_1D_f32,PARTIAL_STAGE_ONLY,1,2,NPP,nppiCopy*Border,SUBSET_WITH_CONSTRAINTS,2D image constant/replicate border subset,reflection/circular rules and backward accumulation are not generally covered,NPP 2D ROI/channel/dtype layouts only,finish raising residual loops; then specialize compatible image cases; otherwise composition,HIGH,LOW,,https://docs.nvidia.com/cuda/npp/,none identified with stronger whole-kernel semantics,LIBRARY_BACKEND_ABSENT,RAISING_THEN_LIBRARY_LOWERING
aten_replication_pad1d_cpu,aten/src/ATen/native/cpu/PaddingKernel.cpp,replication_pad1d_kernel_impl,issues/aten_c_kernels/aten_replication_pad1d_cpu.c,float,B=1; C=2; I0=4; P0=2; O0=(I0+2*P0),padding: replication_pad1d_kernel_impl,padding,,NONE,1,0,NPP,nppiCopy*Border,SUBSET_WITH_CONSTRAINTS,2D image constant/replicate border subset,reflection/circular rules and backward accumulation are not generally covered,NPP 2D ROI/channel/dtype layouts only,specialize compatible image cases; otherwise composition,HIGH,LOW,,https://docs.nvidia.com/cuda/npp/,none identified with stronger whole-kernel semantics,LIBRARY_BACKEND_ABSENT,LEGALITY_SPECIALIZATION_AND_BACKEND
aten_replication_pad2d,aten/src/ATen/native/ReplicationPadding.cpp,replication_pad2d,issues/aten_c_kernels/aten_replication_pad2d.c,float,C=3; H=8; W=8,padding: replication_pad2d,padding,,NONE,1,0,NPP,nppiCopy*Border,SUBSET_WITH_CONSTRAINTS,2D image constant/replicate border subset,reflection/circular rules and backward accumulation are not generally covered,NPP 2D ROI/channel/dtype layouts only,specialize compatible image cases; otherwise composition,HIGH,LOW,,https://docs.nvidia.com/cuda/npp/,none identified with stronger whole-kernel semantics,LIBRARY_BACKEND_ABSENT,LEGALITY_SPECIALIZATION_AND_BACKEND
aten_replication_pad2d_backward_cpu,aten/src/ATen/native/cpu/PaddingKernel.cpp,replication_pad2d_backward_kernel_impl,issues/aten_c_kernels/aten_replication_pad2d_backward_cpu.c,float,B=1; C=2; I0=4; P0=2; O0=(I0+2*P0); I1=5; P1=2; O1=(I1+2*P1),padding: replication_pad2d_backward_kernel_impl,padding,memset_zero_1D_f32,PARTIAL_STAGE_ONLY,1,3,NPP,nppiCopy*Border,SUBSET_WITH_CONSTRAINTS,2D image constant/replicate border subset,reflection/circular rules and backward accumulation are not generally covered,NPP 2D ROI/channel/dtype layouts only,finish raising residual loops; then specialize compatible image cases; otherwise composition,HIGH,LOW,,https://docs.nvidia.com/cuda/npp/,none identified with stronger whole-kernel semantics,LIBRARY_BACKEND_ABSENT,RAISING_THEN_LIBRARY_LOWERING
aten_replication_pad2d_cpu,aten/src/ATen/native/cpu/PaddingKernel.cpp,replication_pad2d_kernel_impl,issues/aten_c_kernels/aten_replication_pad2d_cpu.c,float,B=1; C=2; I0=4; P0=2; O0=(I0+2*P0); I1=5; P1=2; O1=(I1+2*P1),padding: replication_pad2d_kernel_impl,padding,,NONE,1,0,NPP,nppiCopy*Border,SUBSET_WITH_CONSTRAINTS,2D image constant/replicate border subset,reflection/circular rules and backward accumulation are not generally covered,NPP 2D ROI/channel/dtype layouts only,specialize compatible image cases; otherwise composition,HIGH,LOW,,https://docs.nvidia.com/cuda/npp/,none identified with stronger whole-kernel semantics,LIBRARY_BACKEND_ABSENT,LEGALITY_SPECIALIZATION_AND_BACKEND
aten_replication_pad3d_backward_cpu,aten/src/ATen/native/cpu/PaddingKernel.cpp,replication_pad3d_backward_kernel_impl,issues/aten_c_kernels/aten_replication_pad3d_backward_cpu.c,float,B=1; C=2; I0=4; P0=2; O0=(I0+2*P0); I1=5; P1=2; O1=(I1+2*P1); I2=6; P2=2; O2=(I2+2*P2),padding: replication_pad3d_backward_kernel_impl,padding,memset_zero_1D_f32,PARTIAL_STAGE_ONLY,1,4,NPP,nppiCopy*Border,SUBSET_WITH_CONSTRAINTS,2D image constant/replicate border subset,reflection/circular rules and backward accumulation are not generally covered,NPP 2D ROI/channel/dtype layouts only,finish raising residual loops; then specialize compatible image cases; otherwise composition,HIGH,LOW,,https://docs.nvidia.com/cuda/npp/,none identified with stronger whole-kernel semantics,LIBRARY_BACKEND_ABSENT,RAISING_THEN_LIBRARY_LOWERING
aten_replication_pad3d_cpu,aten/src/ATen/native/cpu/PaddingKernel.cpp,replication_pad3d_kernel_impl,issues/aten_c_kernels/aten_replication_pad3d_cpu.c,float,B=1; C=2; I0=4; P0=2; O0=(I0+2*P0); I1=5; P1=2; O1=(I1+2*P1); I2=6; P2=2; O2=(I2+2*P2),padding: replication_pad3d_kernel_impl,padding,,NONE,1,0,NPP,nppiCopy*Border,SUBSET_WITH_CONSTRAINTS,2D image constant/replicate border subset,reflection/circular rules and backward accumulation are not generally covered,NPP 2D ROI/channel/dtype layouts only,specialize compatible image cases; otherwise composition,HIGH,LOW,,https://docs.nvidia.com/cuda/npp/,none identified with stronger whole-kernel semantics,LIBRARY_BACKEND_ABSENT,LEGALITY_SPECIALIZATION_AND_BACKEND
aten_round,aten/src/ATen/native/cpu/UnaryOpsKernel.cpp,round_kernel,issues/aten_c_kernels/aten_round.c,float,N=4096,pointwise: round_kernel,pointwise,,NONE,1,0,cuDNN,Pointwise operation graph,EXACT_GRAPH_IF_SUPPORTED,whole if every node is supported,"rounding mode, integer division/modulo, NaN/signed-zero and backward formula must agree",broadcastable regular strides and cuDNN-supported data types/alignment,provenance-preserving expression DAG extraction + cuDNN graph backend,HIGH,HIGH,,https://docs.nvidia.com/deeplearning/cudnn/latest/index.html,cuTENSOR for its fixed unary/binary operator subset; NPP for flat supported signals; Thrust transform,GENERAL_CUDNN_GRAPH_BACKEND_ABSENT,SEMANTIC_MATCHER_AND_LIBRARY_BACKEND
aten_round_decimals,aten/src/ATen/native/cpu/UnaryOpsKernel.cpp,round_decimals_kernel,issues/aten_c_kernels/aten_round_decimals.c,float,N=4096,pointwise: round_decimals_kernel,pointwise,,NONE,1,0,cuDNN,Pointwise operation graph,EXACT_GRAPH_IF_SUPPORTED,whole if every node is supported,"rounding mode, integer division/modulo, NaN/signed-zero and backward formula must agree",broadcastable regular strides and cuDNN-supported data types/alignment,provenance-preserving expression DAG extraction + cuDNN graph backend,HIGH,HIGH,,https://docs.nvidia.com/deeplearning/cudnn/latest/index.html,cuTENSOR for its fixed unary/binary operator subset; NPP for flat supported signals; Thrust transform,GENERAL_CUDNN_GRAPH_BACKEND_ABSENT,SEMANTIC_MATCHER_AND_LIBRARY_BACKEND
aten_rowwise_prune_cpu,aten/src/ATen/native/RowwisePrune.cpp,_rowwise_prune_helper,issues/aten_c_kernels/aten_rowwise_prune_cpu.c,float/int,R=64; C=32,reduce_and_compact: _rowwise_prune_helper,reduce_and_compact,memset_zero_1D_f32,PARTIAL_STAGE_ONLY,3,0,CUB/Thrust,gather/scatter/select or sort/reduce-by-key primitives,BUILDING_BLOCKS_ONLY,indexing stages,"bounds/negative indices, duplicate destinations, atomic reduction, determinism and write order",index arrays and flattened affine addressing; patch operations need index generation,preserve current partial match and partition residual graph; then indexed-op semantic matcher + collision proof or reduce-by-key composition,HIGH,MEDIUM,,https://nvidia.github.io/cccl/unstable/cub/api/device.html,cuTENSOR/cuDNN only when the indexing operation specializes to a regular affine tensor op,LIBRARY_BACKEND_ABSENT,GRAPH_PARTITION_RESIDUAL_THEN_LIBRARY_LOWERING
aten_rshift_i32,aten/src/ATen/native/cpu/BinaryOpsKernel.cpp,rshift_kernel,issues/aten_c_kernels/aten_rshift_i32.c,int,N=4096,integer_pointwise: rshift_kernel,integer_pointwise,,NONE,1,0,NPP,signal logical/shift primitives,SUBSET_WITH_CONSTRAINTS,whole only for flat supported integer signals,"signed shifts, overflow and scalar-vs-vector operands must agree",NPP fixed integer types and contiguous 1D signal representation,layout/type specialization + NPP wrapper; retain nonmatching cases,HIGH,LOW,,https://docs.nvidia.com/cuda/npp/,none identified with stronger whole-kernel semantics,LIBRARY_BACKEND_ABSENT,LEGALITY_SPECIALIZATION_AND_BACKEND
aten_rsqrt,aten/src/ATen/native/cpu/UnaryOpsKernel.cpp,rsqrt_kernel,issues/aten_c_kernels/aten_rsqrt.c,float,N=4096,pointwise: rsqrt_kernel,pointwise,,NONE,1,0,cuDNN,Pointwise operation graph,EXACT_GRAPH_IF_SUPPORTED,whole if every node is supported,"rounding mode, integer division/modulo, NaN/signed-zero and backward formula must agree",broadcastable regular strides and cuDNN-supported data types/alignment,provenance-preserving expression DAG extraction + cuDNN graph backend,HIGH,HIGH,,https://docs.nvidia.com/deeplearning/cudnn/latest/index.html,cuTENSOR for its fixed unary/binary operator subset; NPP for flat supported signals; Thrust transform,GENERAL_CUDNN_GRAPH_BACKEND_ABSENT,SEMANTIC_MATCHER_AND_LIBRARY_BACKEND
aten_sample_poisson_transform_cpu,aten/src/ATen/native/Distributions.cpp,sample_poisson,issues/aten_c_kernels/aten_sample_poisson_transform_cpu.c,float/int,N=1024,random_generation: sample_poisson,random_generation,,NONE,0,2,cuRAND,uniform/normal/lognormal/Poisson/Sobol generators,SUBSET_WITH_CONSTRAINTS,random draw stage or whole distribution subset,"ATen Philox generator state, seed/offset advancement, reproducibility and exact transform must match",cuRAND output type/count/alignment; many distributions need a transform,finish raising residual loops; then RNG-state proof + cuRAND backend; compose unsupported transforms,HIGH,LOW,,https://docs.nvidia.com/cuda/curand/host-api-overview.html,none identified with stronger whole-kernel semantics,LIBRARY_BACKEND_ABSENT,RAISING_THEN_LIBRARY_LOWERING
aten_sampled_addmm_sparse_csr_cpu,aten/src/ATen/native/cpu/SampledAddmmKernel.cpp,sampled_addmm_sparse_csr_kernel,issues/aten_c_kernels/aten_sampled_addmm_sparse_csr_cpu.c,float/int,R=16; K=32; C=24; NNZ=96,sparse_linear_algebra: sampled_addmm_sparse_csr_kernel,sparse_linear_algebra,,NONE,1,2,cuSPARSE,SpMV/SpMM/SpGEMM/SDDMM,SUBSET_WITH_CONSTRAINTS,whole for standardized sparse algebra,"reduction operator (usually plus-times), duplicate entries, sortedness, transpose and alpha/beta","supported COO/CSR/CSC/BSR formats, index widths, data types and layouts",finish raising residual loops; then sparse descriptor extraction + cuSPARSE generic-API backend,HIGH,HIGHEST,,https://docs.nvidia.com/cuda/cusparse/index.html,CUB sort/segmented-reduce for nonstandard sparse semantics,LIBRARY_BACKEND_ABSENT,RAISING_THEN_LIBRARY_LOWERING
aten_scaled_modified_bessel_k0,aten/src/ATen/native/cpu/scaled_modified_bessel_k0.cpp,scaled_modified_bessel_k0_kernel,issues/aten_c_kernels/aten_scaled_modified_bessel_k0.c,float,N=4096,special_function: scaled_modified_bessel_k0_kernel,special_function,,NONE,1,0,none,no public whole-tensor NVIDIA library operation,NO_PUBLIC_LIBRARY_EQUIVALENT,none,scalar CUDA math/libdevice or recurrences are not a host-callable tensor library implementation,not applicable,retain raised code or permit a generated/custom GPU kernel,HIGH,NONE,A scalar device function may exist; that is not a link-only tensor-library lowering.,,scalar CUDA math/libdevice or generated kernel (not a link-only tensor API),NO_PUBLIC_LIBRARY_BACKEND_POSSIBLE,NO_LINK_ONLY_LIBRARY_ROUTE
aten_scaled_modified_bessel_k1,aten/src/ATen/native/cpu/scaled_modified_bessel_k1.cpp,scaled_modified_bessel_k1_kernel,issues/aten_c_kernels/aten_scaled_modified_bessel_k1.c,float,N=4096,special_function: scaled_modified_bessel_k1_kernel,special_function,,NONE,1,0,none,no public whole-tensor NVIDIA library operation,NO_PUBLIC_LIBRARY_EQUIVALENT,none,scalar CUDA math/libdevice or recurrences are not a host-callable tensor library implementation,not applicable,retain raised code or permit a generated/custom GPU kernel,HIGH,NONE,A scalar device function may exist; that is not a link-only tensor-library lowering.,,scalar CUDA math/libdevice or generated kernel (not a link-only tensor API),NO_PUBLIC_LIBRARY_BACKEND_POSSIBLE,NO_LINK_ONLY_LIBRARY_ROUTE
aten_scatter_add_cpu,aten/src/ATen/native/cpu/ScatterGatherKernel.cpp,scatter_add_cpu_kernel,issues/aten_c_kernels/aten_scatter_add_cpu.c,float/int,R=32; K=64; S=128,indexed_scatter_reduce: scatter_add_kernel,indexed_scatter_reduce,,NONE,0,2,CUB/Thrust,gather/scatter/select or sort/reduce-by-key primitives,BUILDING_BLOCKS_ONLY,indexing stages,"bounds/negative indices, duplicate destinations, atomic reduction, determinism and write order",index arrays and flattened affine addressing; patch operations need index generation,finish raising residual loops; then indexed-op semantic matcher + collision proof or reduce-by-key composition,HIGH,MEDIUM,,https://nvidia.github.io/cccl/unstable/cub/api/device.html,cuTENSOR/cuDNN only when the indexing operation specializes to a regular affine tensor op,LIBRARY_BACKEND_ABSENT,RAISING_THEN_LIBRARY_LOWERING
aten_scatter_add_expanded_index_cpu,aten/src/ATen/native/cpu/ScatterGatherKernel.cpp,scatter_add_expanded_index_kernel,issues/aten_c_kernels/aten_scatter_add_expanded_index_cpu.c,float/int,R=32; K=64; S=128,indexed_scatter_reduce: scatter_add_expanded_index_kernel,indexed_scatter_reduce,,NONE,0,2,CUB/Thrust,gather/scatter/select or sort/reduce-by-key primitives,BUILDING_BLOCKS_ONLY,indexing stages,"bounds/negative indices, duplicate destinations, atomic reduction, determinism and write order",index arrays and flattened affine addressing; patch operations need index generation,finish raising residual loops; then indexed-op semantic matcher + collision proof or reduce-by-key composition,HIGH,MEDIUM,,https://nvidia.github.io/cccl/unstable/cub/api/device.html,cuTENSOR/cuDNN only when the indexing operation specializes to a regular affine tensor op,LIBRARY_BACKEND_ABSENT,RAISING_THEN_LIBRARY_LOWERING
aten_scatter_cpu,aten/src/ATen/native/cpu/ScatterGatherKernel.cpp,scatter_cpu_kernel,issues/aten_c_kernels/aten_scatter_cpu.c,float/int,R=32; K=64; S=128,indexed_data_movement: scatter_kernel,indexed_data_movement,,NONE,0,2,CUB/Thrust,gather/scatter/select or sort/reduce-by-key primitives,BUILDING_BLOCKS_ONLY,indexing stages,"bounds/negative indices, duplicate destinations, atomic reduction, determinism and write order",index arrays and flattened affine addressing; patch operations need index generation,finish raising residual loops; then indexed-op semantic matcher + collision proof or reduce-by-key composition,HIGH,MEDIUM,,https://nvidia.github.io/cccl/unstable/cub/api/device.html,cuTENSOR/cuDNN only when the indexing operation specializes to a regular affine tensor op,LIBRARY_BACKEND_ABSENT,RAISING_THEN_LIBRARY_LOWERING
aten_scatter_fill_cpu,aten/src/ATen/native/cpu/ScatterGatherKernel.cpp,scatter_fill_cpu_kernel,issues/aten_c_kernels/aten_scatter_fill_cpu.c,float/int,R=32; K=64; S=128,indexed_data_movement: scatter_fill_kernel,indexed_data_movement,,NONE,0,2,CUB/Thrust,gather/scatter/select or sort/reduce-by-key primitives,BUILDING_BLOCKS_ONLY,indexing stages,"bounds/negative indices, duplicate destinations, atomic reduction, determinism and write order",index arrays and flattened affine addressing; patch operations need index generation,finish raising residual loops; then indexed-op semantic matcher + collision proof or reduce-by-key composition,HIGH,MEDIUM,,https://nvidia.github.io/cccl/unstable/cub/api/device.html,cuTENSOR/cuDNN only when the indexing operation specializes to a regular affine tensor op,LIBRARY_BACKEND_ABSENT,RAISING_THEN_LIBRARY_LOWERING
aten_scatter_reduce_cpu,aten/src/ATen/native/cpu/ScatterGatherKernel.cpp,scatter_reduce_cpu_kernel,issues/aten_c_kernels/aten_scatter_reduce_cpu.c,float/int,R=32; K=64; S=128,indexed_scatter_reduce: scatter_reduce_kernel,indexed_scatter_reduce,,NONE,0,2,CUB/Thrust,gather/scatter/select or sort/reduce-by-key primitives,BUILDING_BLOCKS_ONLY,indexing stages,"bounds/negative indices, duplicate destinations, atomic reduction, determinism and write order",index arrays and flattened affine addressing; patch operations need index generation,finish raising residual loops; then indexed-op semantic matcher + collision proof or reduce-by-key composition,HIGH,MEDIUM,,https://nvidia.github.io/cccl/unstable/cub/api/device.html,cuTENSOR/cuDNN only when the indexing operation specializes to a regular affine tensor op,LIBRARY_BACKEND_ABSENT,RAISING_THEN_LIBRARY_LOWERING
aten_scatter_reduce_expanded_index_cpu,aten/src/ATen/native/cpu/ScatterGatherKernel.cpp,scatter_reduce_expanded_index_kernel,issues/aten_c_kernels/aten_scatter_reduce_expanded_index_cpu.c,float/int,R=32; K=64; S=128,indexed_scatter_reduce: scatter_reduce_expanded_index_kernel,indexed_scatter_reduce,,NONE,0,2,CUB/Thrust,gather/scatter/select or sort/reduce-by-key primitives,BUILDING_BLOCKS_ONLY,indexing stages,"bounds/negative indices, duplicate destinations, atomic reduction, determinism and write order",index arrays and flattened affine addressing; patch operations need index generation,finish raising residual loops; then indexed-op semantic matcher + collision proof or reduce-by-key composition,HIGH,MEDIUM,,https://nvidia.github.io/cccl/unstable/cub/api/device.html,cuTENSOR/cuDNN only when the indexing operation specializes to a regular affine tensor op,LIBRARY_BACKEND_ABSENT,RAISING_THEN_LIBRARY_LOWERING
aten_scatter_reduce_two_cpu,aten/src/ATen/native/cpu/ScatterGatherKernel.cpp,scatter_reduce_two_cpu_kernel,issues/aten_c_kernels/aten_scatter_reduce_two_cpu.c,float/int,R=32; K=64; S=128,indexed_scatter_reduce: scatter_reduce_two_kernel,indexed_scatter_reduce,,NONE,0,2,CUB/Thrust,gather/scatter/select or sort/reduce-by-key primitives,BUILDING_BLOCKS_ONLY,indexing stages,"bounds/negative indices, duplicate destinations, atomic reduction, determinism and write order",index arrays and flattened affine addressing; patch operations need index generation,finish raising residual loops; then indexed-op semantic matcher + collision proof or reduce-by-key composition,HIGH,MEDIUM,,https://nvidia.github.io/cccl/unstable/cub/api/device.html,cuTENSOR/cuDNN only when the indexing operation specializes to a regular affine tensor op,LIBRARY_BACKEND_ABSENT,RAISING_THEN_LIBRARY_LOWERING
aten_scatter_scalar_reduce_cpu,aten/src/ATen/native/cpu/ScatterGatherKernel.cpp,scatter_scalar_reduce_cpu_kernel,issues/aten_c_kernels/aten_scatter_scalar_reduce_cpu.c,float/int,R=32; K=64; S=128,indexed_scatter_reduce: scatter_scalar_reduce_kernel,indexed_scatter_reduce,,NONE,0,2,CUB/Thrust,gather/scatter/select or sort/reduce-by-key primitives,BUILDING_BLOCKS_ONLY,indexing stages,"bounds/negative indices, duplicate destinations, atomic reduction, determinism and write order",index arrays and flattened affine addressing; patch operations need index generation,finish raising residual loops; then indexed-op semantic matcher + collision proof or reduce-by-key composition,HIGH,MEDIUM,,https://nvidia.github.io/cccl/unstable/cub/api/device.html,cuTENSOR/cuDNN only when the indexing operation specializes to a regular affine tensor op,LIBRARY_BACKEND_ABSENT,RAISING_THEN_LIBRARY_LOWERING
aten_searchsorted_cpu,aten/src/ATen/native/Bucketization.cpp,searchsorted_cpu_contiguous,issues/aten_c_kernels/aten_searchsorted_cpu.c,float/int,N=256; M=128,ordering_selection: searchsorted_contiguous,ordering_selection,,NONE,0,2,CUB/Thrust,DeviceRadixSort/MergeSort/TopK/Select/RLE or binary search,BUILDING_BLOCKS_ONLY,sort/search/select stages,"stable ordering, NaNs, first-index/tie policy, multidimensional axes and returned indices",contiguous keys or explicit segments; arbitrary strided axes need layout conversion,finish raising residual loops; then CUB/Thrust backend + operation-specific composition,HIGH,MEDIUM,,https://nvidia.github.io/cccl/unstable/cub/api/device.html,cuTENSOR/cuDNN only when the indexing operation specializes to a regular affine tensor op,LIBRARY_BACKEND_ABSENT,RAISING_THEN_LIBRARY_LOWERING
aten_segment_reduce_lengths_backward_cpu,aten/src/ATen/native/SegmentReduce.cpp,_segment_reduce_cpu_lengths_backward_kernel1,issues/aten_c_kernels/aten_segment_reduce_lengths_backward_cpu.c,float/int,SEG=16; N=128,segmented_reduction: _segment_reduce_lengths_backward_kernel1,segmented_reduction,,NONE,0,2,CUB/Thrust,DeviceSegmentedReduce/AdjacentDifference,SUBSET_WITH_CONSTRAINTS,whole for direct primitive; otherwise central/boundary stages,"empty segments, indices/ties, scale, boundary formula and backward accumulation",explicit contiguous segments/offsets,finish raising residual loops; then CUB backend + segment/boundary extraction,HIGH,MEDIUM,,https://nvidia.github.io/cccl/unstable/cub/api/device.html,CUB segmented/device reduction; cuDNN graph; NPP flat-signal statistics,LIBRARY_BACKEND_ABSENT,RAISING_THEN_LIBRARY_LOWERING
aten_segment_reduce_lengths_cpu,aten/src/ATen/native/SegmentReduce.cpp,_segment_reduce_lengths_cpu_kernel1,issues/aten_c_kernels/aten_segment_reduce_lengths_cpu.c,float/int,SEG=16; N=128,segmented_reduction: _segment_reduce_lengths_kernel1,segmented_reduction,,NONE,0,2,CUB/Thrust,DeviceSegmentedReduce/AdjacentDifference,SUBSET_WITH_CONSTRAINTS,whole for direct primitive; otherwise central/boundary stages,"empty segments, indices/ties, scale, boundary formula and backward accumulation",explicit contiguous segments/offsets,finish raising residual loops; then CUB backend + segment/boundary extraction,HIGH,MEDIUM,,https://nvidia.github.io/cccl/unstable/cub/api/device.html,CUB segmented/device reduction; cuDNN graph; NPP flat-signal statistics,LIBRARY_BACKEND_ABSENT,RAISING_THEN_LIBRARY_LOWERING
aten_sgn_complex_scalarized,aten/src/ATen/native/cpu/UnaryOpsKernel.cpp,sgn_kernel,issues/aten_c_kernels/aten_sgn_complex_scalarized.c,float,N=4096,complex_layout: sgn_kernel,complex_layout,,NONE,1,0,cuTENSOR,cutensorPermute with CONJ/IDENTITY,SUBSET_WITH_CONSTRAINTS,conjugate/permutation stage,angle/sign/conjugate-symmetry fill may contain formulas or overlapping writes,regular complex FP32/FP64 tensors and affine permutation,split pure conjugate/permutation stages; compose remaining work,HIGH,MEDIUM,,https://docs.nvidia.com/cuda/cutensor/latest/api/cutensor.html,none identified with stronger whole-kernel semantics,GENERAL_CUTENSOR_BACKEND_ABSENT_CUTENSORNET_IS_NOT_EQUIVALENT,LEGALITY_SPECIALIZATION_AND_BACKEND
aten_shrink_backward,aten/src/ATen/native/cpu/Activation.cpp,shrink_backward_kernel,issues/aten_c_kernels/aten_shrink_backward.c,float,N=4096,pointwise_formula: shrink_backward_kernel,pointwise_formula,,NONE,1,0,cuDNN,Pointwise operation graph,EXACT_GRAPH_IF_SUPPORTED,whole if every node is supported,"rounding mode, integer division/modulo, NaN/signed-zero and backward formula must agree",broadcastable regular strides and cuDNN-supported data types/alignment,provenance-preserving expression DAG extraction + cuDNN graph backend,HIGH,HIGH,,https://docs.nvidia.com/deeplearning/cudnn/latest/index.html,cuTENSOR for its fixed unary/binary operator subset; NPP for flat supported signals; Thrust transform,GENERAL_CUDNN_GRAPH_BACKEND_ABSENT,SEMANTIC_MATCHER_AND_LIBRARY_BACKEND
aten_sigmoid_backward,aten/src/ATen/native/cpu/BinaryOpsKernel.cpp,sigmoid_backward_kernel,issues/aten_c_kernels/aten_sigmoid_backward.c,float,N=4096,pointwise: sigmoid_backward_kernel,pointwise,,NONE,1,0,cuDNN,Pointwise operation graph,EXACT_GRAPH_IF_SUPPORTED,whole if every node is supported,"rounding mode, integer division/modulo, NaN/signed-zero and backward formula must agree",broadcastable regular strides and cuDNN-supported data types/alignment,provenance-preserving expression DAG extraction + cuDNN graph backend,HIGH,HIGH,,https://docs.nvidia.com/deeplearning/cudnn/latest/index.html,cuTENSOR for its fixed unary/binary operator subset; NPP for flat supported signals; Thrust transform,GENERAL_CUDNN_GRAPH_BACKEND_ABSENT,SEMANTIC_MATCHER_AND_LIBRARY_BACKEND
aten_sign,aten/src/ATen/native/cpu/UnaryOpsKernel.cpp,sign_kernel,issues/aten_c_kernels/aten_sign.c,float,N=4096,pointwise: sign_kernel,pointwise,,NONE,1,0,cuDNN,Pointwise operation graph,EXACT_GRAPH_IF_SUPPORTED,whole if every node is supported,"rounding mode, integer division/modulo, NaN/signed-zero and backward formula must agree",broadcastable regular strides and cuDNN-supported data types/alignment,provenance-preserving expression DAG extraction + cuDNN graph backend,HIGH,HIGH,,https://docs.nvidia.com/deeplearning/cudnn/latest/index.html,cuTENSOR for its fixed unary/binary operator subset; NPP for flat supported signals; Thrust transform,GENERAL_CUDNN_GRAPH_BACKEND_ABSENT,SEMANTIC_MATCHER_AND_LIBRARY_BACKEND
aten_signbit,aten/src/ATen/native/cpu/UnaryOpsKernel.cpp,signbit_kernel,issues/aten_c_kernels/aten_signbit.c,float,N=4096,pointwise: signbit_kernel,pointwise,,NONE,1,0,cuDNN,Pointwise operation graph,EXACT_GRAPH_IF_SUPPORTED,whole if every node is supported,"rounding mode, integer division/modulo, NaN/signed-zero and backward formula must agree",broadcastable regular strides and cuDNN-supported data types/alignment,provenance-preserving expression DAG extraction + cuDNN graph backend,HIGH,HIGH,,https://docs.nvidia.com/deeplearning/cudnn/latest/index.html,cuTENSOR for its fixed unary/binary operator subset; NPP for flat supported signals; Thrust transform,GENERAL_CUDNN_GRAPH_BACKEND_ABSENT,SEMANTIC_MATCHER_AND_LIBRARY_BACKEND
aten_silu_backward,aten/src/ATen/native/cpu/Activation.cpp,silu_backward_kernel,issues/aten_c_kernels/aten_silu_backward.c,float,N=4096,pointwise: silu_backward_kernel,pointwise,,NONE,1,0,cuDNN,Pointwise operation graph,EXACT_GRAPH_IF_SUPPORTED,whole if every node is supported,"rounding mode, integer division/modulo, NaN/signed-zero and backward formula must agree",broadcastable regular strides and cuDNN-supported data types/alignment,provenance-preserving expression DAG extraction + cuDNN graph backend,HIGH,HIGH,,https://docs.nvidia.com/deeplearning/cudnn/latest/index.html,cuTENSOR for its fixed unary/binary operator subset; NPP for flat supported signals; Thrust transform,GENERAL_CUDNN_GRAPH_BACKEND_ABSENT,SEMANTIC_MATCHER_AND_LIBRARY_BACKEND
aten_sinc,aten/src/ATen/native/cpu/UnaryOpsKernel.cpp,sinc_kernel,issues/aten_c_kernels/aten_sinc.c,float,N=4096,pointwise_reduction_formula: sinc_kernel,pointwise_reduction_formula,,NONE,1,0,cuDNN,pointwise operations + reduction operation graph,EXACT_GRAPH_IF_SUPPORTED,whole if graph accepted,"body operations, NaN policy, reduction identity and reassociation must match",cuDNN supported modes/types/layout/alignment; fusion engines do not accept every arbitrary graph,extract expression DAG + graph legality/cost check + cuDNN plan lowering,HIGH,MEDIUM,,https://docs.nvidia.com/deeplearning/cudnn/latest/index.html,cuTENSOR for its fixed unary/binary operator subset; NPP for flat supported signals; Thrust transform,GENERAL_CUDNN_GRAPH_BACKEND_ABSENT,SEMANTIC_MATCHER_AND_LIBRARY_BACKEND
aten_slow_conv3d_backward_input_cpu,aten/src/ATen/native/ConvolutionMM3d.cpp,slow_conv3d_backward_out_cpu_template,issues/aten_c_kernels/aten_slow_conv3d_backward_input_cpu.c,float,C=2; O=3; D=6; H=7; W=8; K=3,indexed_data_movement: slow_conv3d_backward_template,indexed_data_movement,,NONE,1,1,CUB/Thrust,gather/scatter/select or sort/reduce-by-key primitives,BUILDING_BLOCKS_ONLY,indexing stages,"bounds/negative indices, duplicate destinations, atomic reduction, determinism and write order",index arrays and flattened affine addressing; patch operations need index generation,finish raising residual loops; then indexed-op semantic matcher + collision proof or reduce-by-key composition,HIGH,MEDIUM,,https://nvidia.github.io/cccl/unstable/cub/api/device.html,cuTENSOR/cuDNN only when the indexing operation specializes to a regular affine tensor op,LIBRARY_BACKEND_ABSENT,RAISING_THEN_LIBRARY_LOWERING
aten_slow_conv3d_backward_weight_cpu,aten/src/ATen/native/ConvolutionMM3d.cpp,slow_conv3d_backward_parameters_out_cpu_template,issues/aten_c_kernels/aten_slow_conv3d_backward_weight_cpu.c,float,C=2; O=3; D=6; H=7; W=8; K=3,convolution: slow_conv3d_backward_parameters_template,convolution,,NONE,1,1,cuDNN,Convolution forward/backward-data/backward-filter,EXACT_FIXED_CALL,whole,padding/dilation/groups/transposition and accumulation policy must match,cuDNN tensor/filter layouts and supported types; conv_tbc may need a layout transform,finish raising residual loops; then convolution descriptor extraction + missing forward/backward wrappers,HIGH,HIGHEST,,https://docs.nvidia.com/deeplearning/cudnn/latest/index.html,NPP for compatible 2D image cases; implicit-GEMM via cuBLAS/CUTLASS for convolution,RELATED_CUDNN_WRAPPERS_PRESENT_NEED_GENERALIZATION,RAISING_THEN_LIBRARY_LOWERING
aten_smooth_l1_backward,aten/src/ATen/native/cpu/PointwiseOpsKernel.cpp,smooth_l1_backward_cpu_kernel,issues/aten_c_kernels/aten_smooth_l1_backward.c,float,N=4096,pointwise_formula: smooth_l1_backward_kernel,pointwise_formula,,NONE,1,0,cuDNN,Pointwise operation graph,EXACT_GRAPH_IF_SUPPORTED,whole if every node is supported,"rounding mode, integer division/modulo, NaN/signed-zero and backward formula must agree",broadcastable regular strides and cuDNN-supported data types/alignment,provenance-preserving expression DAG extraction + cuDNN graph backend,HIGH,HIGH,,https://docs.nvidia.com/deeplearning/cudnn/latest/index.html,cuTENSOR for its fixed unary/binary operator subset; NPP for flat supported signals; Thrust transform,GENERAL_CUDNN_GRAPH_BACKEND_ABSENT,SEMANTIC_MATCHER_AND_LIBRARY_BACKEND
aten_smooth_l1_elementwise,aten/src/ATen/native/cpu/BinaryOpsKernel.cpp,smooth_l1_kernel,issues/aten_c_kernels/aten_smooth_l1_elementwise.c,float,N=4096,pointwise_formula: smooth_l1_kernel,pointwise_formula,,NONE,1,0,cuDNN,Pointwise operation graph,EXACT_GRAPH_IF_SUPPORTED,whole if every node is supported,"rounding mode, integer division/modulo, NaN/signed-zero and backward formula must agree",broadcastable regular strides and cuDNN-supported data types/alignment,provenance-preserving expression DAG extraction + cuDNN graph backend,HIGH,HIGH,,https://docs.nvidia.com/deeplearning/cudnn/latest/index.html,cuTENSOR for its fixed unary/binary operator subset; NPP for flat supported signals; Thrust transform,GENERAL_CUDNN_GRAPH_BACKEND_ABSENT,SEMANTIC_MATCHER_AND_LIBRARY_BACKEND
aten_sobol_draw_cpu,aten/src/ATen/native/SobolEngineOps.cpp,_sobol_engine_draw,issues/aten_c_kernels/aten_sobol_draw_cpu.c,float,N=256; D=8,random_generation: _sobol_engine_draw,random_generation,,NONE,0,3,cuRAND,uniform/normal/lognormal/Poisson/Sobol generators,SUBSET_WITH_CONSTRAINTS,random draw stage or whole distribution subset,"ATen Philox generator state, seed/offset advancement, reproducibility and exact transform must match",cuRAND output type/count/alignment; many distributions need a transform,finish raising residual loops; then RNG-state proof + cuRAND backend; compose unsupported transforms,HIGH,LOW,,https://docs.nvidia.com/cuda/curand/host-api-overview.html,none identified with stronger whole-kernel semantics,LIBRARY_BACKEND_ABSENT,RAISING_THEN_LIBRARY_LOWERING
aten_sobol_fast_forward_cpu,aten/src/ATen/native/SobolEngineOps.cpp,_sobol_engine_ff_,issues/aten_c_kernels/aten_sobol_fast_forward_cpu.c,unknown,N=256; D=8,random_generation: _sobol_engine_ff_,random_generation,,NONE,1,1,cuRAND,uniform/normal/lognormal/Poisson/Sobol generators,SUBSET_WITH_CONSTRAINTS,random draw stage or whole distribution subset,"ATen Philox generator state, seed/offset advancement, reproducibility and exact transform must match",cuRAND output type/count/alignment; many distributions need a transform,finish raising residual loops; then RNG-state proof + cuRAND backend; compose unsupported transforms,HIGH,LOW,,https://docs.nvidia.com/cuda/curand/host-api-overview.html,none identified with stronger whole-kernel semantics,LIBRARY_BACKEND_ABSENT,RAISING_THEN_LIBRARY_LOWERING
aten_sobol_initialize_cpu,aten/src/ATen/native/SobolEngineOps.cpp,_sobol_engine_initialize_state_,issues/aten_c_kernels/aten_sobol_initialize_cpu.c,unknown,D=8,random_generation: _sobol_engine_initialize_state_,random_generation,,NONE,1,0,cuRAND,uniform/normal/lognormal/Poisson/Sobol generators,SUBSET_WITH_CONSTRAINTS,random draw stage or whole distribution subset,"ATen Philox generator state, seed/offset advancement, reproducibility and exact transform must match",cuRAND output type/count/alignment; many distributions need a transform,RNG-state proof + cuRAND backend; compose unsupported transforms,HIGH,LOW,,https://docs.nvidia.com/cuda/curand/host-api-overview.html,none identified with stronger whole-kernel semantics,LIBRARY_BACKEND_ABSENT,LEGALITY_SPECIALIZATION_AND_BACKEND
aten_sobol_scramble_cpu,aten/src/ATen/native/SobolEngineOps.cpp,_sobol_engine_scramble_,issues/aten_c_kernels/aten_sobol_scramble_cpu.c,unknown,D=8,random_generation: _sobol_engine_scramble_,random_generation,,NONE,1,0,cuRAND,uniform/normal/lognormal/Poisson/Sobol generators,SUBSET_WITH_CONSTRAINTS,random draw stage or whole distribution subset,"ATen Philox generator state, seed/offset advancement, reproducibility and exact transform must match",cuRAND output type/count/alignment; many distributions need a transform,RNG-state proof + cuRAND backend; compose unsupported transforms,HIGH,LOW,,https://docs.nvidia.com/cuda/curand/host-api-overview.html,none identified with stronger whole-kernel semantics,LIBRARY_BACKEND_ABSENT,LEGALITY_SPECIALIZATION_AND_BACKEND
aten_softplus,aten/src/ATen/native/cpu/Activation.cpp,softplus_kernel,issues/aten_c_kernels/aten_softplus.c,float,N=256,pointwise: softplus_kernel,pointwise,,NONE,1,0,cuTENSOR,cutensorPermute/elementwise + CUTENSOR_OP_SOFT_PLUS,EXACT_CONFIGURED_PRIMITIVE,whole,real floating input; preserve ATen NaN/signed-zero behavior where relevant,explicit modes/strides; cuTENSOR real FP16/BF16/FP32/FP64,generic cuTENSOR descriptor lowering + semantic matcher,HIGH,HIGH,,https://docs.nvidia.com/cuda/cutensor/latest/api/cutensor.html,cuTENSOR for its fixed unary/binary operator subset; NPP for flat supported signals; Thrust transform,GENERAL_CUTENSOR_BACKEND_ABSENT_CUTENSORNET_IS_NOT_EQUIVALENT,SEMANTIC_MATCHER_AND_LIBRARY_BACKEND
aten_softplus_backward,aten/src/ATen/native/cpu/Activation.cpp,softplus_backward_kernel,issues/aten_c_kernels/aten_softplus_backward.c,float,N=4096,pointwise: softplus_backward_kernel,pointwise,,NONE,1,0,cuDNN,Pointwise operation graph,EXACT_GRAPH_IF_SUPPORTED,whole if every node is supported,"rounding mode, integer division/modulo, NaN/signed-zero and backward formula must agree",broadcastable regular strides and cuDNN-supported data types/alignment,provenance-preserving expression DAG extraction + cuDNN graph backend,HIGH,HIGH,,https://docs.nvidia.com/deeplearning/cudnn/latest/index.html,cuTENSOR for its fixed unary/binary operator subset; NPP for flat supported signals; Thrust transform,GENERAL_CUDNN_GRAPH_BACKEND_ABSENT,SEMANTIC_MATCHER_AND_LIBRARY_BACKEND
aten_softshrink,aten/src/ATen/native/cpu/Activation.cpp,softshrink_kernel,issues/aten_c_kernels/aten_softshrink.c,float,N=4096,pointwise_formula: softshrink_kernel,pointwise_formula,,NONE,1,0,cuDNN,Pointwise operation graph,EXACT_GRAPH_IF_SUPPORTED,whole if every node is supported,"rounding mode, integer division/modulo, NaN/signed-zero and backward formula must agree",broadcastable regular strides and cuDNN-supported data types/alignment,provenance-preserving expression DAG extraction + cuDNN graph backend,HIGH,HIGH,,https://docs.nvidia.com/deeplearning/cudnn/latest/index.html,cuTENSOR for its fixed unary/binary operator subset; NPP for flat supported signals; Thrust transform,GENERAL_CUDNN_GRAPH_BACKEND_ABSENT,SEMANTIC_MATCHER_AND_LIBRARY_BACKEND
aten_sort_cpu,aten/src/ATen/native/cpu/SortingKernel.cpp,sort_kernel,issues/aten_c_kernels/aten_sort_cpu.c,float/int,R=16; K=64; TOP=8,ordering_selection: sort_kernel,ordering_selection,cudaCopy2D_f32_tensor,PARTIAL_STAGE_ONLY,2,3,CUB/Thrust,DeviceRadixSort/MergeSort/TopK/Select/RLE or binary search,BUILDING_BLOCKS_ONLY,sort/search/select stages,"stable ordering, NaNs, first-index/tie policy, multidimensional axes and returned indices",contiguous keys or explicit segments; arbitrary strided axes need layout conversion,finish raising residual loops; then CUB/Thrust backend + operation-specific composition,HIGH,MEDIUM,,https://nvidia.github.io/cccl/unstable/cub/api/device.html,cuTENSOR/cuDNN only when the indexing operation specializes to a regular affine tensor op,LIBRARY_BACKEND_ABSENT,RAISING_THEN_LIBRARY_LOWERING
aten_sparse_add_values_cpu,aten/src/ATen/native/sparse/SparseTensorMath.cpp,add_out_sparse_contiguous,issues/aten_c_kernels/aten_sparse_add_values_cpu.c,float,N=1024,sparse_indexed_elementwise: add_sparse_contiguous,sparse_indexed_elementwise,,NONE,1,0,cuSPARSE,sparse descriptors plus CUB segmented/indexed primitives,BUILDING_BLOCKS_ONLY,storage and reduction stages,"implicit zeros, duplicates, segment boundaries, gradients and reduction/softmax semantics",standard sparse storage; arbitrary indexed formulas remain outside cuSPARSE,mixed cuSPARSE+CUB graph composition; not a one-call matcher,HIGH,LOW,,https://docs.nvidia.com/cuda/cusparse/index.html,CUB sort/segmented-reduce for nonstandard sparse semantics,LIBRARY_BACKEND_ABSENT,MULTI_CALL_COMPOSITION_NOT_MATCHER_ONLY
aten_sparse_addmm_cpu,aten/src/ATen/native/sparse/SparseTensorMath.cpp,s_addmm_out_sparse_dense_worker,issues/aten_c_kernels/aten_sparse_addmm_cpu.c,float/int,R=64; C=48; N=512,sparse_linear_algebra: s_addmm_sparse_dense_worker,sparse_linear_algebra,memset_zero_2D_f32,PARTIAL_STAGE_ONLY,1,2,cuSPARSE,SpMV/SpMM/SpGEMM/SDDMM,SUBSET_WITH_CONSTRAINTS,whole for standardized sparse algebra,"reduction operator (usually plus-times), duplicate entries, sortedness, transpose and alpha/beta","supported COO/CSR/CSC/BSR formats, index widths, data types and layouts",finish raising residual loops; then sparse descriptor extraction + cuSPARSE generic-API backend,HIGH,HIGHEST,,https://docs.nvidia.com/cuda/cusparse/index.html,CUB sort/segmented-reduce for nonstandard sparse semantics,LIBRARY_BACKEND_ABSENT,RAISING_THEN_LIBRARY_LOWERING
aten_sparse_addmv_bsr_cpu,aten/src/ATen/native/sparse/SparseBlasImpl.cpp,addmv_sparse_bsr,issues/aten_c_kernels/aten_sparse_addmv_bsr_cpu.c,float/int,R=16; C=16; BR=4; BC=4; N=64,sparse_linear_algebra: addmv_sparse_bsr,sparse_linear_algebra,,NONE,1,3,cuSPARSE,SpMV/SpMM/SpGEMM/SDDMM,SUBSET_WITH_CONSTRAINTS,whole for standardized sparse algebra,"reduction operator (usually plus-times), duplicate entries, sortedness, transpose and alpha/beta","supported COO/CSR/CSC/BSR formats, index widths, data types and layouts",finish raising residual loops; then sparse descriptor extraction + cuSPARSE generic-API backend,HIGH,HIGHEST,,https://docs.nvidia.com/cuda/cusparse/index.html,CUB sort/segmented-reduce for nonstandard sparse semantics,LIBRARY_BACKEND_ABSENT,RAISING_THEN_LIBRARY_LOWERING
aten_sparse_addmv_csr_cpu,aten/src/ATen/native/sparse/SparseBlasImpl.cpp,addmv_sparse_csr,issues/aten_c_kernels/aten_sparse_addmv_csr_cpu.c,float/int,R=64; C=64; N=512,sparse_linear_algebra: addmv_sparse_csr,sparse_linear_algebra,,NONE,0,2,cuSPARSE,SpMV/SpMM/SpGEMM/SDDMM,SUBSET_WITH_CONSTRAINTS,whole for standardized sparse algebra,"reduction operator (usually plus-times), duplicate entries, sortedness, transpose and alpha/beta","supported COO/CSR/CSC/BSR formats, index widths, data types and layouts",finish raising residual loops; then sparse descriptor extraction + cuSPARSE generic-API backend,HIGH,HIGHEST,,https://docs.nvidia.com/cuda/cusparse/index.html,CUB sort/segmented-reduce for nonstandard sparse semantics,LIBRARY_BACKEND_ABSENT,RAISING_THEN_LIBRARY_LOWERING
aten_sparse_coo_softmax_backward_cpu,aten/src/ATen/native/sparse/SoftMax.cpp,cpu_sparse_coo_softmax_backward,issues/aten_c_kernels/aten_sparse_coo_softmax_backward_cpu.c,float,R=64; K=8,sparse_softmax: cpu_sparse_coo_softmax_backward,sparse_softmax,cublasSdot,PARTIAL_STAGE_ONLY,2,1,cuSPARSE,sparse descriptors plus CUB segmented/indexed primitives,BUILDING_BLOCKS_ONLY,storage and reduction stages,"implicit zeros, duplicates, segment boundaries, gradients and reduction/softmax semantics",standard sparse storage; arbitrary indexed formulas remain outside cuSPARSE,finish raising residual loops; then mixed cuSPARSE+CUB graph composition; not a one-call matcher,HIGH,LOW,,https://docs.nvidia.com/cuda/cusparse/index.html,CUB sort/segmented-reduce for nonstandard sparse semantics,LIBRARY_BACKEND_ABSENT,RAISING_THEN_LIBRARY_LOWERING
aten_sparse_coo_softmax_cpu,aten/src/ATen/native/sparse/SoftMax.cpp,cpu_sparse_coo_softmax,issues/aten_c_kernels/aten_sparse_coo_softmax_cpu.c,float,R=64; K=8,sparse_softmax: cpu_sparse_coo_softmax,sparse_softmax,,NONE,2,1,cuSPARSE,sparse descriptors plus CUB segmented/indexed primitives,BUILDING_BLOCKS_ONLY,storage and reduction stages,"implicit zeros, duplicates, segment boundaries, gradients and reduction/softmax semantics",standard sparse storage; arbitrary indexed formulas remain outside cuSPARSE,finish raising residual loops; then mixed cuSPARSE+CUB graph composition; not a one-call matcher,HIGH,LOW,,https://docs.nvidia.com/cuda/cusparse/index.html,CUB sort/segmented-reduce for nonstandard sparse semantics,LIBRARY_BACKEND_ABSENT,RAISING_THEN_LIBRARY_LOWERING
aten_sparse_coo_to_csr_cpu,aten/src/ATen/native/SparseTensorUtils.cpp,coo_to_csr,issues/aten_c_kernels/aten_sparse_coo_to_csr_cpu.c,int,N=512; R=64,sparse_format: coo_to_csr,sparse_format,,NONE,0,2,cuSPARSE,COO/CSR conversion and sparse sorting/pruning APIs,SUBSET_WITH_CONSTRAINTS,standard conversion/sort stages,"duplicate coalescing, value reduction, block packing and requested ordering",supported sparse formats/index widths; workspace required,finish raising residual loops; then format recognizer + cuSPARSE conversion backend + residual composition,HIGH,MEDIUM,,https://docs.nvidia.com/cuda/cusparse/index.html,CUB sort/segmented-reduce for nonstandard sparse semantics,LIBRARY_BACKEND_ABSENT,RAISING_THEN_LIBRARY_LOWERING
aten_sparse_csr_add_dense_cpu,aten/src/ATen/native/sparse/SparseCsrTensorMath.cpp,add_out_dense_sparse_compressed_cpu,issues/aten_c_kernels/aten_sparse_csr_add_dense_cpu.c,float/int,R=64; C=64; N=512,sparse_indexed_elementwise: add_dense_sparse_compressed,sparse_indexed_elementwise,,NONE,0,2,cuSPARSE,sparse descriptors plus CUB segmented/indexed primitives,BUILDING_BLOCKS_ONLY,storage and reduction stages,"implicit zeros, duplicates, segment boundaries, gradients and reduction/softmax semantics",standard sparse storage; arbitrary indexed formulas remain outside cuSPARSE,finish raising residual loops; then mixed cuSPARSE+CUB graph composition; not a one-call matcher,HIGH,LOW,,https://docs.nvidia.com/cuda/cusparse/index.html,CUB sort/segmented-reduce for nonstandard sparse semantics,LIBRARY_BACKEND_ABSENT,RAISING_THEN_LIBRARY_LOWERING
aten_sparse_csr_addmm_cpu,aten/src/ATen/native/sparse/SparseCsrTensorMath.cpp,addmm_out_sparse_csr_native_cpu,issues/aten_c_kernels/aten_sparse_csr_addmm_cpu.c,float/int,R=64; K=64; C=48; N=512,sparse_linear_algebra: addmm_sparse_csr_native,sparse_linear_algebra,,NONE,0,3,cuSPARSE,SpMV/SpMM/SpGEMM/SDDMM,SUBSET_WITH_CONSTRAINTS,whole for standardized sparse algebra,"reduction operator (usually plus-times), duplicate entries, sortedness, transpose and alpha/beta","supported COO/CSR/CSC/BSR formats, index widths, data types and layouts",finish raising residual loops; then sparse descriptor extraction + cuSPARSE generic-API backend,HIGH,HIGHEST,,https://docs.nvidia.com/cuda/cusparse/index.html,CUB sort/segmented-reduce for nonstandard sparse semantics,LIBRARY_BACKEND_ABSENT,RAISING_THEN_LIBRARY_LOWERING
aten_sparse_csr_reduce_all_cpu,aten/src/ATen/native/sparse/SparseCsrTensorMath.cpp,reduce_sparse_csr_dim01_cpu_template,issues/aten_c_kernels/aten_sparse_csr_reduce_all_cpu.c,float,N=512,sparse_reduction: reduce_sparse_csr_dim01_template,sparse_reduction,,NONE,1,0,cuSPARSE,sparse descriptors plus CUB segmented/indexed primitives,BUILDING_BLOCKS_ONLY,storage and reduction stages,"implicit zeros, duplicates, segment boundaries, gradients and reduction/softmax semantics",standard sparse storage; arbitrary indexed formulas remain outside cuSPARSE,mixed cuSPARSE+CUB graph composition; not a one-call matcher,HIGH,LOW,,https://docs.nvidia.com/cuda/cusparse/index.html,CUB segmented/device reduction; cuDNN graph; NPP flat-signal statistics,LIBRARY_BACKEND_ABSENT,MULTI_CALL_COMPOSITION_NOT_MATCHER_ONLY
aten_sparse_csr_reduce_dim0_cpu,aten/src/ATen/native/sparse/SparseCsrTensorMath.cpp,reduce_sparse_csr_dim0_cpu_template,issues/aten_c_kernels/aten_sparse_csr_reduce_dim0_cpu.c,float/int,R=64; C=64; N=512,sparse_reduction: reduce_sparse_csr_dim0_template,sparse_reduction,memset_zero_1D_f32,PARTIAL_STAGE_ONLY,1,2,cuSPARSE,sparse descriptors plus CUB segmented/indexed primitives,BUILDING_BLOCKS_ONLY,storage and reduction stages,"implicit zeros, duplicates, segment boundaries, gradients and reduction/softmax semantics",standard sparse storage; arbitrary indexed formulas remain outside cuSPARSE,finish raising residual loops; then mixed cuSPARSE+CUB graph composition; not a one-call matcher,HIGH,LOW,,https://docs.nvidia.com/cuda/cusparse/index.html,CUB segmented/device reduction; cuDNN graph; NPP flat-signal statistics,LIBRARY_BACKEND_ABSENT,RAISING_THEN_LIBRARY_LOWERING
aten_sparse_csr_reduce_dim1_cpu,aten/src/ATen/native/sparse/SparseCsrTensorMath.cpp,reduce_sparse_csr_dim1_cpu_template,issues/aten_c_kernels/aten_sparse_csr_reduce_dim1_cpu.c,float/int,R=64; N=512,sparse_reduction: reduce_sparse_csr_dim1_template,sparse_reduction,,NONE,0,2,cuSPARSE,sparse descriptors plus CUB segmented/indexed primitives,BUILDING_BLOCKS_ONLY,storage and reduction stages,"implicit zeros, duplicates, segment boundaries, gradients and reduction/softmax semantics",standard sparse storage; arbitrary indexed formulas remain outside cuSPARSE,finish raising residual loops; then mixed cuSPARSE+CUB graph composition; not a one-call matcher,HIGH,LOW,,https://docs.nvidia.com/cuda/cusparse/index.html,CUB segmented/device reduction; cuDNN graph; NPP flat-signal statistics,LIBRARY_BACKEND_ABSENT,RAISING_THEN_LIBRARY_LOWERING
aten_sparse_dense_intersection_cpu,aten/src/ATen/native/sparse/SparseTensorMath.cpp,intersection_binary_op_sparse_dense_out,issues/aten_c_kernels/aten_sparse_dense_intersection_cpu.c,float/int,R=64; C=64; N=512,sparse_indexed_elementwise: intersection_binary_op_sparse_dense,sparse_indexed_elementwise,,NONE,1,0,cuSPARSE,sparse descriptors plus CUB segmented/indexed primitives,BUILDING_BLOCKS_ONLY,storage and reduction stages,"implicit zeros, duplicates, segment boundaries, gradients and reduction/softmax semantics",standard sparse storage; arbitrary indexed formulas remain outside cuSPARSE,mixed cuSPARSE+CUB graph composition; not a one-call matcher,HIGH,LOW,,https://docs.nvidia.com/cuda/cusparse/index.html,CUB sort/segmented-reduce for nonstandard sparse semantics,LIBRARY_BACKEND_ABSENT,MULTI_CALL_COMPOSITION_NOT_MATCHER_ONLY
aten_sparse_flatten_indices_cpu,aten/src/ATen/native/SparseTensorUtils.cpp,flatten_indices_by_dims,issues/aten_c_kernels/aten_sparse_flatten_indices_cpu.c,int,N=512; D=3,index_generation: flatten_indices_by_dims,index_generation,,NONE,2,0,CUB/Thrust,cudaMemcpy*/Memset or Thrust fill/sequence/transform,BUILDING_BLOCKS_ONLY,regular contiguous stages,"concatenation, combinations, diagonal/mask/index formulas need multiple calls or transforms",contiguous/regular pitched copies; arbitrary indexing is not memcpy,shape specialization and multi-call composition,HIGH,LOW,,https://nvidia.github.io/cccl/unstable/cub/api/device.html,cuTENSOR/cuDNN only when the indexing operation specializes to a regular affine tensor op,LIBRARY_BACKEND_ABSENT,MULTI_CALL_COMPOSITION_NOT_MATCHER_ONLY
aten_sparse_full_coo_indices_cpu,aten/src/ATen/native/SparseTensorUtils.cpp,full_coo_indices,issues/aten_c_kernels/aten_sparse_full_coo_indices_cpu.c,int,R=16; C=32,sparse_indexed_elementwise: full_coo_indices,sparse_indexed_elementwise,,NONE,0,2,cuSPARSE,sparse descriptors plus CUB segmented/indexed primitives,BUILDING_BLOCKS_ONLY,storage and reduction stages,"implicit zeros, duplicates, segment boundaries, gradients and reduction/softmax semantics",standard sparse storage; arbitrary indexed formulas remain outside cuSPARSE,finish raising residual loops; then mixed cuSPARSE+CUB graph composition; not a one-call matcher,HIGH,LOW,,https://docs.nvidia.com/cuda/cusparse/index.html,CUB sort/segmented-reduce for nonstandard sparse semantics,LIBRARY_BACKEND_ABSENT,RAISING_THEN_LIBRARY_LOWERING
aten_sparse_intersection_apply_cpu,aten/src/ATen/native/sparse/SparseBinaryOpIntersectionKernel.cpp,apply,issues/aten_c_kernels/aten_sparse_intersection_apply_cpu.c,float,N=512,sparse_indexed_elementwise: apply,sparse_indexed_elementwise,,NONE,1,0,cuSPARSE,sparse descriptors plus CUB segmented/indexed primitives,BUILDING_BLOCKS_ONLY,storage and reduction stages,"implicit zeros, duplicates, segment boundaries, gradients and reduction/softmax semantics",standard sparse storage; arbitrary indexed formulas remain outside cuSPARSE,mixed cuSPARSE+CUB graph composition; not a one-call matcher,HIGH,LOW,,https://docs.nvidia.com/cuda/cusparse/index.html,CUB sort/segmented-reduce for nonstandard sparse semantics,LIBRARY_BACKEND_ABSENT,MULTI_CALL_COMPOSITION_NOT_MATCHER_ONLY
aten_sparse_intersection_launch_cpu,aten/src/ATen/native/sparse/SparseBinaryOpIntersectionKernel.cpp,launch,issues/aten_c_kernels/aten_sparse_intersection_launch_cpu.c,float,N=512,sparse_indexed_elementwise: launch,sparse_indexed_elementwise,,NONE,1,0,cuSPARSE,sparse descriptors plus CUB segmented/indexed primitives,BUILDING_BLOCKS_ONLY,storage and reduction stages,"implicit zeros, duplicates, segment boundaries, gradients and reduction/softmax semantics",standard sparse storage; arbitrary indexed formulas remain outside cuSPARSE,mixed cuSPARSE+CUB graph composition; not a one-call matcher,HIGH,LOW,,https://docs.nvidia.com/cuda/cusparse/index.html,CUB sort/segmented-reduce for nonstandard sparse semantics,LIBRARY_BACKEND_ABSENT,MULTI_CALL_COMPOSITION_NOT_MATCHER_ONLY
aten_sparse_matmul_cpu,aten/src/ATen/native/sparse/SparseMatMul.cpp,_csr_matmult,issues/aten_c_kernels/aten_sparse_matmul_cpu.c,float/int,R=64; C=64; N=512,sparse_indexed_elementwise: _csr_matmult,sparse_indexed_elementwise,,NONE,0,3,cuSPARSE,sparse descriptors plus CUB segmented/indexed primitives,BUILDING_BLOCKS_ONLY,storage and reduction stages,"implicit zeros, duplicates, segment boundaries, gradients and reduction/softmax semantics",standard sparse storage; arbitrary indexed formulas remain outside cuSPARSE,finish raising residual loops; then mixed cuSPARSE+CUB graph composition; not a one-call matcher,HIGH,LOW,,https://docs.nvidia.com/cuda/cusparse/index.html,CUB sort/segmented-reduce for nonstandard sparse semantics,LIBRARY_BACKEND_ABSENT,RAISING_THEN_LIBRARY_LOWERING
aten_sparse_matmul_csr_to_coo_cpu,aten/src/ATen/native/sparse/SparseMatMul.cpp,csr_to_coo,issues/aten_c_kernels/aten_sparse_matmul_csr_to_coo_cpu.c,int,R=64; N=512,sparse_format: csr_to_coo,sparse_format,,NONE,0,2,cuSPARSE,COO/CSR conversion and sparse sorting/pruning APIs,SUBSET_WITH_CONSTRAINTS,standard conversion/sort stages,"duplicate coalescing, value reduction, block packing and requested ordering",supported sparse formats/index widths; workspace required,finish raising residual loops; then format recognizer + cuSPARSE conversion backend + residual composition,HIGH,MEDIUM,,https://docs.nvidia.com/cuda/cusparse/index.html,CUB sort/segmented-reduce for nonstandard sparse semantics,LIBRARY_BACKEND_ABSENT,RAISING_THEN_LIBRARY_LOWERING
aten_sparse_matmul_maxnnz_cpu,aten/src/ATen/native/sparse/SparseMatMul.cpp,_csr_matmult_maxnnz,issues/aten_c_kernels/aten_sparse_matmul_maxnnz_cpu.c,int,R=64; N=512,sparse_indexed_elementwise: _csr_matmult_maxnnz,sparse_indexed_elementwise,,NONE,0,2,cuSPARSE,sparse descriptors plus CUB segmented/indexed primitives,BUILDING_BLOCKS_ONLY,storage and reduction stages,"implicit zeros, duplicates, segment boundaries, gradients and reduction/softmax semantics",standard sparse storage; arbitrary indexed formulas remain outside cuSPARSE,finish raising residual loops; then mixed cuSPARSE+CUB graph composition; not a one-call matcher,HIGH,LOW,,https://docs.nvidia.com/cuda/cusparse/index.html,CUB sort/segmented-reduce for nonstandard sparse semantics,LIBRARY_BACKEND_ABSENT,RAISING_THEN_LIBRARY_LOWERING
aten_sparse_mul_cpu,aten/src/ATen/native/sparse/SparseTensorMath.cpp,mul_out_sparse_cpu,issues/aten_c_kernels/aten_sparse_mul_cpu.c,float,N=1024,sparse_indexed_elementwise: mul_sparse,sparse_indexed_elementwise,,NONE,1,0,cuSPARSE,sparse descriptors plus CUB segmented/indexed primitives,BUILDING_BLOCKS_ONLY,storage and reduction stages,"implicit zeros, duplicates, segment boundaries, gradients and reduction/softmax semantics",standard sparse storage; arbitrary indexed formulas remain outside cuSPARSE,mixed cuSPARSE+CUB graph composition; not a one-call matcher,HIGH,LOW,,https://docs.nvidia.com/cuda/cusparse/index.html,CUB sort/segmented-reduce for nonstandard sparse semantics,LIBRARY_BACKEND_ABSENT,MULTI_CALL_COMPOSITION_NOT_MATCHER_ONLY
aten_sparse_norm_cpu,aten/src/ATen/native/sparse/SparseTensorMath.cpp,norm_sparse,issues/aten_c_kernels/aten_sparse_norm_cpu.c,float,N=1024,sparse_reduction: norm_sparse,sparse_reduction,,NONE,1,0,cuSPARSE,sparse descriptors plus CUB segmented/indexed primitives,BUILDING_BLOCKS_ONLY,storage and reduction stages,"implicit zeros, duplicates, segment boundaries, gradients and reduction/softmax semantics",standard sparse storage; arbitrary indexed formulas remain outside cuSPARSE,mixed cuSPARSE+CUB graph composition; not a one-call matcher,HIGH,LOW,,https://docs.nvidia.com/cuda/cusparse/index.html,CUB segmented/device reduction; cuDNN graph; NPP flat-signal statistics,LIBRARY_BACKEND_ABSENT,MULTI_CALL_COMPOSITION_NOT_MATCHER_ONLY
aten_sparse_softmax_offsets_cpu,aten/src/ATen/native/sparse/SoftMax.cpp,get_offsets,issues/aten_c_kernels/aten_sparse_softmax_offsets_cpu.c,int,N=512; R=64,sparse_softmax: get_offsets,sparse_softmax,,NONE,0,2,cuSPARSE,sparse descriptors plus CUB segmented/indexed primitives,BUILDING_BLOCKS_ONLY,storage and reduction stages,"implicit zeros, duplicates, segment boundaries, gradients and reduction/softmax semantics",standard sparse storage; arbitrary indexed formulas remain outside cuSPARSE,finish raising residual loops; then mixed cuSPARSE+CUB graph composition; not a one-call matcher,HIGH,LOW,,https://docs.nvidia.com/cuda/cusparse/index.html,CUB sort/segmented-reduce for nonstandard sparse semantics,LIBRARY_BACKEND_ABSENT,RAISING_THEN_LIBRARY_LOWERING
aten_sparse_softmax_pools_cpu,aten/src/ATen/native/sparse/SoftMax.cpp,get_pools,issues/aten_c_kernels/aten_sparse_softmax_pools_cpu.c,int,R=64,sparse_softmax: get_pools,sparse_softmax,,NONE,1,0,cuSPARSE,sparse descriptors plus CUB segmented/indexed primitives,BUILDING_BLOCKS_ONLY,storage and reduction stages,"implicit zeros, duplicates, segment boundaries, gradients and reduction/softmax semantics",standard sparse storage; arbitrary indexed formulas remain outside cuSPARSE,mixed cuSPARSE+CUB graph composition; not a one-call matcher,HIGH,LOW,,https://docs.nvidia.com/cuda/cusparse/index.html,CUB sort/segmented-reduce for nonstandard sparse semantics,LIBRARY_BACKEND_ABSENT,MULTI_CALL_COMPOSITION_NOT_MATCHER_ONLY
aten_sparse_sum_backward_cpu,aten/src/ATen/native/sparse/SparseTensorMath.cpp,_sparse_sum_backward_cpu,issues/aten_c_kernels/aten_sparse_sum_backward_cpu.c,float,N=1024,sparse_reduction: _sparse_sum_backward,sparse_reduction,,NONE,1,0,cuSPARSE,sparse descriptors plus CUB segmented/indexed primitives,BUILDING_BLOCKS_ONLY,storage and reduction stages,"implicit zeros, duplicates, segment boundaries, gradients and reduction/softmax semantics",standard sparse storage; arbitrary indexed formulas remain outside cuSPARSE,mixed cuSPARSE+CUB graph composition; not a one-call matcher,HIGH,LOW,,https://docs.nvidia.com/cuda/cusparse/index.html,CUB segmented/device reduction; cuDNN graph; NPP flat-signal statistics,LIBRARY_BACKEND_ABSENT,MULTI_CALL_COMPOSITION_NOT_MATCHER_ONLY
aten_sparse_sum_cpu,aten/src/ATen/native/sparse/SparseTensorMath.cpp,_sparse_sum,issues/aten_c_kernels/aten_sparse_sum_cpu.c,float,N=1024,sparse_reduction: _sparse_sum,sparse_reduction,,NONE,1,0,cuSPARSE,sparse descriptors plus CUB segmented/indexed primitives,BUILDING_BLOCKS_ONLY,storage and reduction stages,"implicit zeros, duplicates, segment boundaries, gradients and reduction/softmax semantics",standard sparse storage; arbitrary indexed formulas remain outside cuSPARSE,mixed cuSPARSE+CUB graph composition; not a one-call matcher,HIGH,LOW,,https://docs.nvidia.com/cuda/cusparse/index.html,CUB segmented/device reduction; cuDNN graph; NPP flat-signal statistics,LIBRARY_BACKEND_ABSENT,MULTI_CALL_COMPOSITION_NOT_MATCHER_ONLY
aten_spdiags_cpu,aten/src/ATen/native/cpu/SparseFactories.cpp,_spdiags_kernel_cpu,issues/aten_c_kernels/aten_spdiags_cpu.c,float/int,D=5; N=16,indexed_data_movement: _spdiags_kernel,indexed_data_movement,memset_zero_2D_f32,PARTIAL_STAGE_ONLY,1,2,CUB/Thrust,gather/scatter/select or sort/reduce-by-key primitives,BUILDING_BLOCKS_ONLY,indexing stages,"bounds/negative indices, duplicate destinations, atomic reduction, determinism and write order",index arrays and flattened affine addressing; patch operations need index generation,finish raising residual loops; then indexed-op semantic matcher + collision proof or reduce-by-key composition,HIGH,MEDIUM,,https://nvidia.github.io/cccl/unstable/cub/api/device.html,cuTENSOR/cuDNN only when the indexing operation specializes to a regular affine tensor op,LIBRARY_BACKEND_ABSENT,RAISING_THEN_LIBRARY_LOWERING
aten_spherical_bessel_j0,aten/src/ATen/native/cpu/spherical_bessel_j0.cpp,spherical_bessel_j0_kernel,issues/aten_c_kernels/aten_spherical_bessel_j0.c,float,N=4096,special_function: spherical_bessel_j0_kernel,special_function,,NONE,1,0,none,no public whole-tensor NVIDIA library operation,NO_PUBLIC_LIBRARY_EQUIVALENT,none,scalar CUDA math/libdevice or recurrences are not a host-callable tensor library implementation,not applicable,retain raised code or permit a generated/custom GPU kernel,HIGH,NONE,A scalar device function may exist; that is not a link-only tensor-library lowering.,,scalar CUDA math/libdevice or generated kernel (not a link-only tensor API),NO_PUBLIC_LIBRARY_BACKEND_POSSIBLE,NO_LINK_ONLY_LIBRARY_ROUTE
aten_split_copy_cpu,aten/src/ATen/native/TensorShape.cpp,split_copy_Tensor_out,issues/aten_c_kernels/aten_split_copy_cpu.c,float,N=128; S=4,data_movement: split_copy_Tensor,data_movement,,NONE,1,0,CUDA Runtime,cudaMemcpy*/Memset or Thrust fill/sequence/transform,BUILDING_BLOCKS_ONLY,regular contiguous stages,"concatenation, combinations, diagonal/mask/index formulas need multiple calls or transforms",contiguous/regular pitched copies; arbitrary indexing is not memcpy,shape specialization and multi-call composition,HIGH,LOW,,https://docs.nvidia.com/cuda/cuda-runtime-api/,none identified with stronger whole-kernel semantics,LIBRARY_BACKEND_ABSENT,MULTI_CALL_COMPOSITION_NOT_MATCHER_ONLY
aten_spmm_reduce_arg_cpu,aten/src/ATen/native/cpu/SpmmReduceKernel.cpp,spmm_reduce_arg_kernel,issues/aten_c_kernels/aten_spmm_reduce_arg_cpu.c,float/int,ROWS=16; INNER=32; COLS=24; NNZ=96,sparse_linear_algebra: spmm_reduce_arg_kernel,sparse_linear_algebra,,NONE,0,3,cuSPARSE,SpMV/SpMM/SpGEMM/SDDMM,SUBSET_WITH_CONSTRAINTS,whole for standardized sparse algebra,"reduction operator (usually plus-times), duplicate entries, sortedness, transpose and alpha/beta","supported COO/CSR/CSC/BSR formats, index widths, data types and layouts",finish raising residual loops; then sparse descriptor extraction + cuSPARSE generic-API backend,HIGH,HIGHEST,,https://docs.nvidia.com/cuda/cusparse/index.html,CUB sort/segmented-reduce for nonstandard sparse semantics,LIBRARY_BACKEND_ABSENT,RAISING_THEN_LIBRARY_LOWERING
aten_spmm_reduce_backward_input_arg_cpu,aten/src/ATen/native/cpu/SpmmReduceKernel.cpp,spmm_reduce_backward_input_arg_kernel,issues/aten_c_kernels/aten_spmm_reduce_backward_input_arg_cpu.c,float/int,ROWS=16; INNER=32; COLS=24; NNZ=96,sparse_linear_algebra: spmm_reduce_backward_input_arg_kernel,sparse_linear_algebra,memset_zero_1D_f32,PARTIAL_STAGE_ONLY,1,2,cuSPARSE,SpMV/SpMM/SpGEMM/SDDMM,SUBSET_WITH_CONSTRAINTS,whole for standardized sparse algebra,"reduction operator (usually plus-times), duplicate entries, sortedness, transpose and alpha/beta","supported COO/CSR/CSC/BSR formats, index widths, data types and layouts",finish raising residual loops; then sparse descriptor extraction + cuSPARSE generic-API backend,HIGH,HIGHEST,,https://docs.nvidia.com/cuda/cusparse/index.html,CUB sort/segmented-reduce for nonstandard sparse semantics,LIBRARY_BACKEND_ABSENT,RAISING_THEN_LIBRARY_LOWERING
aten_spmm_reduce_backward_input_cpu,aten/src/ATen/native/cpu/SpmmReduceKernel.cpp,spmm_reduce_backward_input_kernel,issues/aten_c_kernels/aten_spmm_reduce_backward_input_cpu.c,float/int,ROWS=16; INNER=32; COLS=24; NNZ=96,indexed_data_movement: spmm_reduce_backward_input_kernel,indexed_data_movement,,NONE,1,2,CUB/Thrust,gather/scatter/select or sort/reduce-by-key primitives,BUILDING_BLOCKS_ONLY,indexing stages,"bounds/negative indices, duplicate destinations, atomic reduction, determinism and write order",index arrays and flattened affine addressing; patch operations need index generation,finish raising residual loops; then indexed-op semantic matcher + collision proof or reduce-by-key composition,HIGH,MEDIUM,,https://nvidia.github.io/cccl/unstable/cub/api/device.html,cuTENSOR/cuDNN only when the indexing operation specializes to a regular affine tensor op,LIBRARY_BACKEND_ABSENT,RAISING_THEN_LIBRARY_LOWERING
aten_spmm_reduce_backward_other_arg_cpu,aten/src/ATen/native/cpu/SpmmReduceKernel.cpp,spmm_reduce_backward_other_arg_kernel,issues/aten_c_kernels/aten_spmm_reduce_backward_other_arg_cpu.c,float/int,ROWS=16; INNER=32; COLS=24; NNZ=96,sparse_linear_algebra: spmm_reduce_backward_other_arg_kernel,sparse_linear_algebra,memset_zero_2D_f32,PARTIAL_STAGE_ONLY,1,2,cuSPARSE,SpMV/SpMM/SpGEMM/SDDMM,SUBSET_WITH_CONSTRAINTS,whole for standardized sparse algebra,"reduction operator (usually plus-times), duplicate entries, sortedness, transpose and alpha/beta","supported COO/CSR/CSC/BSR formats, index widths, data types and layouts",finish raising residual loops; then sparse descriptor extraction + cuSPARSE generic-API backend,HIGH,HIGHEST,,https://docs.nvidia.com/cuda/cusparse/index.html,CUB sort/segmented-reduce for nonstandard sparse semantics,LIBRARY_BACKEND_ABSENT,RAISING_THEN_LIBRARY_LOWERING
aten_spmm_reduce_backward_other_cpu,aten/src/ATen/native/cpu/SpmmReduceKernel.cpp,spmm_reduce_backward_other_kernel,issues/aten_c_kernels/aten_spmm_reduce_backward_other_cpu.c,float/int,ROWS=16; INNER=32; COLS=24; NNZ=96,sparse_linear_algebra: spmm_reduce_backward_other_kernel,sparse_linear_algebra,memset_zero_2D_f32,PARTIAL_STAGE_ONLY,1,3,cuSPARSE,SpMV/SpMM/SpGEMM/SDDMM,SUBSET_WITH_CONSTRAINTS,whole for standardized sparse algebra,"reduction operator (usually plus-times), duplicate entries, sortedness, transpose and alpha/beta","supported COO/CSR/CSC/BSR formats, index widths, data types and layouts",finish raising residual loops; then sparse descriptor extraction + cuSPARSE generic-API backend,HIGH,HIGHEST,,https://docs.nvidia.com/cuda/cusparse/index.html,CUB sort/segmented-reduce for nonstandard sparse semantics,LIBRARY_BACKEND_ABSENT,RAISING_THEN_LIBRARY_LOWERING
aten_spmm_reduce_cpu,aten/src/ATen/native/cpu/SpmmReduceKernel.cpp,spmm_reduce_kernel,issues/aten_c_kernels/aten_spmm_reduce_cpu.c,float/int,ROWS=16; INNER=32; COLS=24; NNZ=96,sparse_linear_algebra: spmm_reduce_kernel,sparse_linear_algebra,,NONE,0,3,cuSPARSE,SpMV/SpMM/SpGEMM/SDDMM,SUBSET_WITH_CONSTRAINTS,whole for standardized sparse algebra,"reduction operator (usually plus-times), duplicate entries, sortedness, transpose and alpha/beta","supported COO/CSR/CSC/BSR formats, index widths, data types and layouts",finish raising residual loops; then sparse descriptor extraction + cuSPARSE generic-API backend,HIGH,HIGHEST,,https://docs.nvidia.com/cuda/cusparse/index.html,CUB sort/segmented-reduce for nonstandard sparse semantics,LIBRARY_BACKEND_ABSENT,RAISING_THEN_LIBRARY_LOWERING
aten_square,aten/src/ATen/native/cpu/UnaryOpsKernel.cpp,square_kernel,issues/aten_c_kernels/aten_square.c,float,N=4096,pointwise: square_kernel,pointwise,,NONE,1,0,cuDNN,Pointwise operation graph,EXACT_GRAPH_IF_SUPPORTED,whole if every node is supported,"rounding mode, integer division/modulo, NaN/signed-zero and backward formula must agree",broadcastable regular strides and cuDNN-supported data types/alignment,provenance-preserving expression DAG extraction + cuDNN graph backend,HIGH,HIGH,,https://docs.nvidia.com/deeplearning/cudnn/latest/index.html,cuTENSOR for its fixed unary/binary operator subset; NPP for flat supported signals; Thrust transform,GENERAL_CUDNN_GRAPH_BACKEND_ABSENT,SEMANTIC_MATCHER_AND_LIBRARY_BACKEND
aten_sspaddmm_cpu,aten/src/ATen/native/sparse/SparseTensorMath.cpp,_sspaddmm_out_cpu,issues/aten_c_kernels/aten_sspaddmm_cpu.c,float/int,R=64; K=64; C=48; N=512,sparse_linear_algebra: _sspaddmm,sparse_linear_algebra,memset_zero_2D_f32,PARTIAL_STAGE_ONLY,1,2,cuSPARSE,SpMV/SpMM/SpGEMM/SDDMM,SUBSET_WITH_CONSTRAINTS,whole for standardized sparse algebra,"reduction operator (usually plus-times), duplicate entries, sortedness, transpose and alpha/beta","supported COO/CSR/CSC/BSR formats, index widths, data types and layouts",finish raising residual loops; then sparse descriptor extraction + cuSPARSE generic-API backend,HIGH,HIGHEST,,https://docs.nvidia.com/cuda/cusparse/index.html,CUB sort/segmented-reduce for nonstandard sparse semantics,LIBRARY_BACKEND_ABSENT,RAISING_THEN_LIBRARY_LOWERING
aten_stack_serial_cpu,aten/src/ATen/native/cpu/StackKernel.cpp,stack_serial_kernel,issues/aten_c_kernels/aten_stack_serial_cpu.c,float,T=4; R=16; K=32,data_movement: stack_serial_kernel,data_movement,,NONE,1,0,CUDA Runtime,cudaMemcpy*/Memset or Thrust fill/sequence/transform,BUILDING_BLOCKS_ONLY,regular contiguous stages,"concatenation, combinations, diagonal/mask/index formulas need multiple calls or transforms",contiguous/regular pitched copies; arbitrary indexing is not memcpy,shape specialization and multi-call composition,HIGH,LOW,,https://docs.nvidia.com/cuda/cuda-runtime-api/,none identified with stronger whole-kernel semantics,LIBRARY_BACKEND_ABSENT,MULTI_CALL_COMPOSITION_NOT_MATCHER_ONLY
aten_standard_gamma_grad_cpu,aten/src/ATen/native/Distributions.cpp,_standard_gamma_grad_cpu,issues/aten_c_kernels/aten_standard_gamma_grad_cpu.c,float,N=1024,random_distribution: _standard_gamma_grad,random_distribution,,NONE,1,0,cuRAND,uniform/normal/lognormal/Poisson/Sobol generators,SUBSET_WITH_CONSTRAINTS,random draw stage or whole distribution subset,"ATen Philox generator state, seed/offset advancement, reproducibility and exact transform must match",cuRAND output type/count/alignment; many distributions need a transform,RNG-state proof + cuRAND backend; compose unsupported transforms,HIGH,LOW,,https://docs.nvidia.com/cuda/curand/host-api-overview.html,none identified with stronger whole-kernel semantics,LIBRARY_BACKEND_ABSENT,LEGALITY_SPECIALIZATION_AND_BACKEND
aten_std_var_all_cpu,aten/src/ATen/native/ReduceOps.cpp,std_var_all_cpu,issues/aten_c_kernels/aten_std_var_all_cpu.c,float,N=1024,reduction: std_var_all,reduction,,NONE,2,0,cuTENSOR,cutensorCreateReduction plus elementwise stages,BUILDING_BLOCKS_ONLY,reduction stage,variance/norm/mean scaling or nested metadata requires extra stages; reduction order may differ,regular affine tensor modes/strides and supported reduction operator,"raise stages, partition graph, and lower generic reduction descriptors",HIGH,MEDIUM,,https://docs.nvidia.com/cuda/cutensor/latest/api/cutensor.html,CUB segmented/device reduction; cuDNN graph; NPP flat-signal statistics,GENERAL_CUTENSOR_BACKEND_ABSENT_CUTENSORNET_IS_NOT_EQUIVALENT,MULTI_CALL_COMPOSITION_NOT_MATCHER_ONLY
aten_std_var_cpu,aten/src/ATen/native/cpu/ReduceOpsKernel.cpp,std_var_kernel_impl,issues/aten_c_kernels/aten_std_var_cpu.c,float/int,R=32; K=64,reduction: std_var_kernel_impl,reduction,,NONE,2,1,cuTENSOR,cutensorCreateReduction plus elementwise stages,BUILDING_BLOCKS_ONLY,reduction stage,variance/norm/mean scaling or nested metadata requires extra stages; reduction order may differ,regular affine tensor modes/strides and supported reduction operator,"finish raising residual loops; then raise stages, partition graph, and lower generic reduction descriptors",HIGH,MEDIUM,,https://docs.nvidia.com/cuda/cutensor/latest/api/cutensor.html,CUB segmented/device reduction; cuDNN graph; NPP flat-signal statistics,GENERAL_CUTENSOR_BACKEND_ABSENT_CUTENSORNET_IS_NOT_EQUIVALENT,RAISING_THEN_LIBRARY_LOWERING
aten_sum,aten/src/ATen/native/ReduceOps.cpp,sum,issues/aten_c_kernels/aten_sum.c,double,M=16; N=64,reduction: sum,reduction,memset_zero_1D,PARTIAL_STAGE_ONLY,2,0,cuTENSOR,cutensorCreateReduction,EXACT_CONFIGURED_PRIMITIVE,whole,associative ADD/MUL/MIN/MAX and permitted reassociation; boolean/integer types are restricted,regular affine tensor modes and supported data/compute type,preserve current partial match and partition residual graph; then generic reduction matcher + cuTENSOR descriptor lowering,HIGH,HIGH,,https://docs.nvidia.com/cuda/cutensor/latest/api/cutensor.html,CUB segmented/device reduction; cuDNN graph; NPP flat-signal statistics,GENERAL_CUTENSOR_BACKEND_ABSENT_CUTENSORNET_IS_NOT_EQUIVALENT,GRAPH_PARTITION_RESIDUAL_THEN_LIBRARY_LOWERING
aten_sum_cpu_backend,aten/src/ATen/native/cpu/SumKernel.cpp,sum_kernel_impl,issues/aten_c_kernels/aten_sum_cpu_backend.c,float,R=16; K=64; TOP=8,reduction: sum_kernel_impl,reduction,memset_zero_1D_f32,PARTIAL_STAGE_ONLY,2,0,cuTENSOR,cutensorCreateReduction,EXACT_CONFIGURED_PRIMITIVE,whole,associative ADD/MUL/MIN/MAX and permitted reassociation; boolean/integer types are restricted,regular affine tensor modes and supported data/compute type,preserve current partial match and partition residual graph; then generic reduction matcher + cuTENSOR descriptor lowering,HIGH,HIGH,,https://docs.nvidia.com/cuda/cutensor/latest/api/cutensor.html,CUB segmented/device reduction; cuDNN graph; NPP flat-signal statistics,GENERAL_CUTENSOR_BACKEND_ABSENT_CUTENSORNET_IS_NOT_EQUIVALENT,GRAPH_PARTITION_RESIDUAL_THEN_LIBRARY_LOWERING
aten_take_cpu,aten/src/ATen/native/cpu/IndexKernel.cpp,take_kernel,issues/aten_c_kernels/aten_take_cpu.c,float/int,R=32; K=64; S=128,indexed_data_movement: take_kernel,indexed_data_movement,,NONE,1,0,CUB/Thrust,gather/scatter/select or sort/reduce-by-key primitives,BUILDING_BLOCKS_ONLY,indexing stages,"bounds/negative indices, duplicate destinations, atomic reduction, determinism and write order",index arrays and flattened affine addressing; patch operations need index generation,indexed-op semantic matcher + collision proof or reduce-by-key composition,HIGH,MEDIUM,,https://nvidia.github.io/cccl/unstable/cub/api/device.html,cuTENSOR/cuDNN only when the indexing operation specializes to a regular affine tensor op,LIBRARY_BACKEND_ABSENT,MULTI_CALL_COMPOSITION_NOT_MATCHER_ONLY
aten_tanh_backward,aten/src/ATen/native/cpu/BinaryOpsKernel.cpp,tanh_backward_kernel,issues/aten_c_kernels/aten_tanh_backward.c,float,N=4096,pointwise: tanh_backward_kernel,pointwise,,NONE,1,0,cuDNN,Pointwise operation graph,EXACT_GRAPH_IF_SUPPORTED,whole if every node is supported,"rounding mode, integer division/modulo, NaN/signed-zero and backward formula must agree",broadcastable regular strides and cuDNN-supported data types/alignment,provenance-preserving expression DAG extraction + cuDNN graph backend,HIGH,HIGH,,https://docs.nvidia.com/deeplearning/cudnn/latest/index.html,cuTENSOR for its fixed unary/binary operator subset; NPP for flat supported signals; Thrust transform,GENERAL_CUDNN_GRAPH_BACKEND_ABSENT,SEMANTIC_MATCHER_AND_LIBRARY_BACKEND
aten_threshold_backward,aten/src/ATen/native/cpu/Activation.cpp,threshold_kernel,issues/aten_c_kernels/aten_threshold_backward.c,float,N=4096,pointwise: threshold_kernel,pointwise,,NONE,1,0,cuDNN,Pointwise operation graph,EXACT_GRAPH_IF_SUPPORTED,whole if every node is supported,"rounding mode, integer division/modulo, NaN/signed-zero and backward formula must agree",broadcastable regular strides and cuDNN-supported data types/alignment,provenance-preserving expression DAG extraction + cuDNN graph backend,HIGH,HIGH,,https://docs.nvidia.com/deeplearning/cudnn/latest/index.html,cuTENSOR for its fixed unary/binary operator subset; NPP for flat supported signals; Thrust transform,GENERAL_CUDNN_GRAPH_BACKEND_ABSENT,SEMANTIC_MATCHER_AND_LIBRARY_BACKEND
aten_topk_cpu,aten/src/ATen/native/cpu/SortingKernel.cpp,topk_kernel,issues/aten_c_kernels/aten_topk_cpu.c,float/int,R=16; K=64; TOP=8,ordering_selection: topk_kernel,ordering_selection,cudaCopy2D_f32_tensor,PARTIAL_STAGE_ONLY,4,3,CUB/Thrust,DeviceRadixSort/MergeSort/TopK/Select/RLE or binary search,BUILDING_BLOCKS_ONLY,sort/search/select stages,"stable ordering, NaNs, first-index/tie policy, multidimensional axes and returned indices",contiguous keys or explicit segments; arbitrary strided axes need layout conversion,finish raising residual loops; then CUB/Thrust backend + operation-specific composition,HIGH,MEDIUM,,https://nvidia.github.io/cccl/unstable/cub/api/device.html,cuTENSOR/cuDNN only when the indexing operation specializes to a regular affine tensor op,LIBRARY_BACKEND_ABSENT,RAISING_THEN_LIBRARY_LOWERING
aten_trace_cpu,aten/src/ATen/native/ReduceOps.cpp,trace_cpu,issues/aten_c_kernels/aten_trace_cpu.c,float,N=64,reduction: trace,reduction,,NONE,1,0,cuTENSOR,cutensorCreateReduction plus elementwise stages,BUILDING_BLOCKS_ONLY,reduction stage,variance/norm/mean scaling or nested metadata requires extra stages; reduction order may differ,regular affine tensor modes/strides and supported reduction operator,"raise stages, partition graph, and lower generic reduction descriptors",HIGH,MEDIUM,,https://docs.nvidia.com/cuda/cutensor/latest/api/cutensor.html,CUB segmented/device reduction; cuDNN graph; NPP flat-signal statistics,GENERAL_CUTENSOR_BACKEND_ABSENT_CUTENSORNET_IS_NOT_EQUIVALENT,MULTI_CALL_COMPOSITION_NOT_MATCHER_ONLY
aten_transform_bias_rescale_qkv_cpu,aten/src/ATen/native/cpu/NativeMultiheadAttnKernel.cpp,transform_bias_rescale_qkv_kernel_impl,issues/aten_c_kernels/aten_transform_bias_rescale_qkv_cpu.c,float,B=2; S=16; H=4; D=8,qkv_transform: transform_bias_rescale_qkv_kernel_impl,qkv_transform,,NONE,3,0,cuDNN,pointwise/reduction/matmul operation graph,BUILDING_BLOCKS_ONLY,arithmetic stages,"complete formula, index/label rules, state mutation, reductions and backward outputs",only graph nodes/layouts supported by cuDNN,extract and partition expression/stage graph; validate plan or keep raised code,HIGH,LOW,,https://docs.nvidia.com/deeplearning/cudnn/latest/index.html,none identified with stronger whole-kernel semantics,GENERAL_CUDNN_GRAPH_BACKEND_ABSENT,MULTI_CALL_COMPOSITION_NOT_MATCHER_ONLY
aten_transpose_copy,aten/src/ATen/native/TensorShape.cpp,transpose,issues/aten_c_kernels/aten_transpose_copy.c,float,M=32; N=24,tensor_permutation: transpose,tensor_permutation,,NONE,1,0,cuTENSOR,cutensorPermute,EXACT_CONFIGURED_PRIMITIVE,whole for affine permutation/broadcast,pure data rearrangement with no overlapping writes,positive explicit strides/modes; shuffle/repeat must be representable without index-dependent modulo,affine-map-to-mode extraction + generic permutation lowering,HIGH,HIGH,,https://docs.nvidia.com/cuda/cutensor/latest/api/cutensor.html,none identified with stronger whole-kernel semantics,GENERAL_CUTENSOR_BACKEND_ABSENT_CUTENSORNET_IS_NOT_EQUIVALENT,SEMANTIC_MATCHER_AND_LIBRARY_BACKEND
aten_trigamma,aten/src/ATen/native/cpu/UnaryOpsKernel.cpp,trigamma_kernel,issues/aten_c_kernels/aten_trigamma.c,float,N=4096,random_distribution: trigamma_kernel,random_distribution,,NONE,1,0,cuRAND,uniform/normal/lognormal/Poisson/Sobol generators,SUBSET_WITH_CONSTRAINTS,random draw stage or whole distribution subset,"ATen Philox generator state, seed/offset advancement, reproducibility and exact transform must match",cuRAND output type/count/alignment; many distributions need a transform,RNG-state proof + cuRAND backend; compose unsupported transforms,HIGH,LOW,,https://docs.nvidia.com/cuda/curand/host-api-overview.html,none identified with stronger whole-kernel semantics,LIBRARY_BACKEND_ABSENT,LEGALITY_SPECIALIZATION_AND_BACKEND
aten_tril_indices_cpu,aten/src/ATen/native/TensorFactories.cpp,tril_indices_cpu,issues/aten_c_kernels/aten_tril_indices_cpu.c,int,N=32; K=(N*(N+1),index_generation: tril_indices,index_generation,,NONE,0,2,CUB/Thrust,cudaMemcpy*/Memset or Thrust fill/sequence/transform,BUILDING_BLOCKS_ONLY,regular contiguous stages,"concatenation, combinations, diagonal/mask/index formulas need multiple calls or transforms",contiguous/regular pitched copies; arbitrary indexing is not memcpy,finish raising residual loops; then shape specialization and multi-call composition,HIGH,LOW,,https://nvidia.github.io/cccl/unstable/cub/api/device.html,cuTENSOR/cuDNN only when the indexing operation specializes to a regular affine tensor op,LIBRARY_BACKEND_ABSENT,RAISING_THEN_LIBRARY_LOWERING
aten_trilinear_cpu,aten/src/ATen/native/Linear.cpp,_trilinear,issues/aten_c_kernels/aten_trilinear_cpu.c,float,B=8; I=16; J=20; K=24,tensor_contraction: _trilinear,tensor_contraction,memset_zero_2D_f32,PARTIAL_STAGE_ONLY,2,0,cuTENSOR,cutensorCreateContraction,EXACT_CONFIGURED_PRIMITIVE,whole,multiply-add reduction; alpha/beta and reassociation policy,modes/extents/strides express the affine accesses; real or complex supported types,preserve current partial match and partition residual graph; then iterator-count-independent contraction recognition + generic descriptor lowering,HIGH,HIGHEST,,https://docs.nvidia.com/cuda/cutensor/latest/api/cutensor.html,cuTensorNet for larger contraction networks; cuBLAS when flattenable to GEMM,GENERAL_CUTENSOR_BACKEND_ABSENT_CUTENSORNET_IS_NOT_EQUIVALENT,GRAPH_PARTITION_RESIDUAL_THEN_LIBRARY_LOWERING
aten_triu_indices_cpu,aten/src/ATen/native/TensorFactories.cpp,triu_indices_cpu,issues/aten_c_kernels/aten_triu_indices_cpu.c,int,N=32; K=(N*(N+1),index_generation: triu_indices,index_generation,,NONE,0,2,CUB/Thrust,cudaMemcpy*/Memset or Thrust fill/sequence/transform,BUILDING_BLOCKS_ONLY,regular contiguous stages,"concatenation, combinations, diagonal/mask/index formulas need multiple calls or transforms",contiguous/regular pitched copies; arbitrary indexing is not memcpy,finish raising residual loops; then shape specialization and multi-call composition,HIGH,LOW,,https://nvidia.github.io/cccl/unstable/cub/api/device.html,cuTENSOR/cuDNN only when the indexing operation specializes to a regular affine tensor op,LIBRARY_BACKEND_ABSENT,RAISING_THEN_LIBRARY_LOWERING
aten_triu_mask_cpu,aten/src/ATen/native/Itertools.cpp,_triu_mask,issues/aten_c_kernels/aten_triu_mask_cpu.c,int,M=32; N=32,index_generation: _triu_mask,index_generation,,NONE,1,0,CUB/Thrust,cudaMemcpy*/Memset or Thrust fill/sequence/transform,BUILDING_BLOCKS_ONLY,regular contiguous stages,"concatenation, combinations, diagonal/mask/index formulas need multiple calls or transforms",contiguous/regular pitched copies; arbitrary indexing is not memcpy,shape specialization and multi-call composition,HIGH,LOW,,https://nvidia.github.io/cccl/unstable/cub/api/device.html,cuTENSOR/cuDNN only when the indexing operation specializes to a regular affine tensor op,LIBRARY_BACKEND_ABSENT,MULTI_CALL_COMPOSITION_NOT_MATCHER_ONLY
aten_triu_tril_batch_cpu,aten/src/ATen/native/TriangularOps.cpp,apply_triu_tril,issues/aten_c_kernels/aten_triu_tril_batch_cpu.c,float/int,B=4; M=32; N=24,index_generation: apply_triu_tril,index_generation,,NONE,1,0,CUB/Thrust,cudaMemcpy*/Memset or Thrust fill/sequence/transform,BUILDING_BLOCKS_ONLY,regular contiguous stages,"concatenation, combinations, diagonal/mask/index formulas need multiple calls or transforms",contiguous/regular pitched copies; arbitrary indexing is not memcpy,shape specialization and multi-call composition,HIGH,LOW,,https://nvidia.github.io/cccl/unstable/cub/api/device.html,cuTENSOR/cuDNN only when the indexing operation specializes to a regular affine tensor op,LIBRARY_BACKEND_ABSENT,MULTI_CALL_COMPOSITION_NOT_MATCHER_ONLY
aten_triu_tril_single_cpu,aten/src/ATen/native/TriangularOps.cpp,apply_triu_tril_single,issues/aten_c_kernels/aten_triu_tril_single_cpu.c,float/int,M=32; N=24,triangular_mask: apply_triu_tril_single,triangular_mask,,NONE,1,0,cuDNN,pointwise/reduction/matmul operation graph,BUILDING_BLOCKS_ONLY,arithmetic stages,"complete formula, index/label rules, state mutation, reductions and backward outputs",only graph nodes/layouts supported by cuDNN,extract and partition expression/stage graph; validate plan or keep raised code,HIGH,LOW,,https://docs.nvidia.com/deeplearning/cudnn/latest/index.html,none identified with stronger whole-kernel semantics,GENERAL_CUDNN_GRAPH_BACKEND_ABSENT,MULTI_CALL_COMPOSITION_NOT_MATCHER_ONLY
aten_trunc,aten/src/ATen/native/cpu/UnaryOpsKernel.cpp,trunc_kernel,issues/aten_c_kernels/aten_trunc.c,float,N=4096,pointwise: trunc_kernel,pointwise,,NONE,1,0,cuDNN,Pointwise operation graph,EXACT_GRAPH_IF_SUPPORTED,whole if every node is supported,"rounding mode, integer division/modulo, NaN/signed-zero and backward formula must agree",broadcastable regular strides and cuDNN-supported data types/alignment,provenance-preserving expression DAG extraction + cuDNN graph backend,HIGH,HIGH,,https://docs.nvidia.com/deeplearning/cudnn/latest/index.html,cuTENSOR for its fixed unary/binary operator subset; NPP for flat supported signals; Thrust transform,GENERAL_CUDNN_GRAPH_BACKEND_ABSENT,SEMANTIC_MATCHER_AND_LIBRARY_BACKEND
aten_unfold3d_acc_cpu,aten/src/ATen/native/Unfold3d.cpp,Unfold3dAccKernelImpl,issues/aten_c_kernels/aten_unfold3d_acc_cpu.c,float,C=2; D=6; H=7; W=8; K=3,patch_extract_scatter: Unfold3dAccKernelImpl,patch_extract_scatter,,NONE,1,1,CUB/Thrust,gather/scatter/select or sort/reduce-by-key primitives,BUILDING_BLOCKS_ONLY,indexing stages,"bounds/negative indices, duplicate destinations, atomic reduction, determinism and write order",index arrays and flattened affine addressing; patch operations need index generation,finish raising residual loops; then indexed-op semantic matcher + collision proof or reduce-by-key composition,HIGH,MEDIUM,,https://nvidia.github.io/cccl/unstable/cub/api/device.html,cuTENSOR/cuDNN only when the indexing operation specializes to a regular affine tensor op,LIBRARY_BACKEND_ABSENT,RAISING_THEN_LIBRARY_LOWERING
aten_unfold3d_copy_cpu,aten/src/ATen/native/Unfold3d.cpp,Unfold3dCopyKernelImpl,issues/aten_c_kernels/aten_unfold3d_copy_cpu.c,float,C=2; D=6; H=7; W=8; K=3,patch_extract_scatter: Unfold3dCopyKernelImpl,patch_extract_scatter,,NONE,1,0,CUB/Thrust,gather/scatter/select or sort/reduce-by-key primitives,BUILDING_BLOCKS_ONLY,indexing stages,"bounds/negative indices, duplicate destinations, atomic reduction, determinism and write order",index arrays and flattened affine addressing; patch operations need index generation,indexed-op semantic matcher + collision proof or reduce-by-key composition,HIGH,MEDIUM,,https://nvidia.github.io/cccl/unstable/cub/api/device.html,cuTENSOR/cuDNN only when the indexing operation specializes to a regular affine tensor op,LIBRARY_BACKEND_ABSENT,MULTI_CALL_COMPOSITION_NOT_MATCHER_ONLY
aten_unfold3d_zero_acc_cpu,aten/src/ATen/native/Unfold3d.cpp,Unfold3dZeroPaddingAccKernelImpl,issues/aten_c_kernels/aten_unfold3d_zero_acc_cpu.c,float,C=2; D=8; H=9; W=10; K=3,patch_extract_scatter: Unfold3dZeroPaddingAccKernelImpl,patch_extract_scatter,,NONE,0,8,CUB/Thrust,gather/scatter/select or sort/reduce-by-key primitives,BUILDING_BLOCKS_ONLY,indexing stages,"bounds/negative indices, duplicate destinations, atomic reduction, determinism and write order",index arrays and flattened affine addressing; patch operations need index generation,finish raising residual loops; then indexed-op semantic matcher + collision proof or reduce-by-key composition,HIGH,MEDIUM,,https://nvidia.github.io/cccl/unstable/cub/api/device.html,cuTENSOR/cuDNN only when the indexing operation specializes to a regular affine tensor op,LIBRARY_BACKEND_ABSENT,RAISING_THEN_LIBRARY_LOWERING
aten_unfold3d_zero_copy_cpu,aten/src/ATen/native/Unfold3d.cpp,Unfold3dZeroPaddingCopyKernelImpl,issues/aten_c_kernels/aten_unfold3d_zero_copy_cpu.c,float,C=2; D=8; H=9; W=10; K=3,patch_extract_scatter: Unfold3dZeroPaddingCopyKernelImpl,patch_extract_scatter,,NONE,1,0,CUB/Thrust,gather/scatter/select or sort/reduce-by-key primitives,BUILDING_BLOCKS_ONLY,indexing stages,"bounds/negative indices, duplicate destinations, atomic reduction, determinism and write order",index arrays and flattened affine addressing; patch operations need index generation,indexed-op semantic matcher + collision proof or reduce-by-key composition,HIGH,MEDIUM,,https://nvidia.github.io/cccl/unstable/cub/api/device.html,cuTENSOR/cuDNN only when the indexing operation specializes to a regular affine tensor op,LIBRARY_BACKEND_ABSENT,MULTI_CALL_COMPOSITION_NOT_MATCHER_ONLY
aten_unfold_backward_cpu,aten/src/ATen/native/cpu/UnfoldBackwardKernel.cpp,unfold_backward_cpu_kernel,issues/aten_c_kernels/aten_unfold_backward_cpu.c,float,N=32; SIZE=64; STEP=2,patch_extract_scatter: unfold_backward_kernel,patch_extract_scatter,memset_zero_1D_f32,PARTIAL_STAGE_ONLY,2,0,CUB/Thrust,gather/scatter/select or sort/reduce-by-key primitives,BUILDING_BLOCKS_ONLY,indexing stages,"bounds/negative indices, duplicate destinations, atomic reduction, determinism and write order",index arrays and flattened affine addressing; patch operations need index generation,preserve current partial match and partition residual graph; then indexed-op semantic matcher + collision proof or reduce-by-key composition,HIGH,MEDIUM,,https://nvidia.github.io/cccl/unstable/cub/api/device.html,cuTENSOR/cuDNN only when the indexing operation specializes to a regular affine tensor op,LIBRARY_BACKEND_ABSENT,GRAPH_PARTITION_RESIDUAL_THEN_LIBRARY_LOWERING
aten_unfolded2d_acc_cpu,aten/src/ATen/native/cpu/Unfold2d.cpp,unfolded2d_acc_kernel,issues/aten_c_kernels/aten_unfolded2d_acc_cpu.c,float,C=2; H=8; W=8; KH=3; KW=3; OH=6; OW=6,patch_extract_scatter: unfolded2d_acc_kernel,patch_extract_scatter,,NONE,2,0,CUB/Thrust,gather/scatter/select or sort/reduce-by-key primitives,BUILDING_BLOCKS_ONLY,indexing stages,"bounds/negative indices, duplicate destinations, atomic reduction, determinism and write order",index arrays and flattened affine addressing; patch operations need index generation,indexed-op semantic matcher + collision proof or reduce-by-key composition,HIGH,MEDIUM,,https://nvidia.github.io/cccl/unstable/cub/api/device.html,cuTENSOR/cuDNN only when the indexing operation specializes to a regular affine tensor op,LIBRARY_BACKEND_ABSENT,MULTI_CALL_COMPOSITION_NOT_MATCHER_ONLY
aten_unfolded2d_copy_cpu,aten/src/ATen/native/cpu/Unfold2d.cpp,unfolded2d_copy_kernel,issues/aten_c_kernels/aten_unfolded2d_copy_cpu.c,float,C=2; H=8; W=8; KH=3; KW=3; OH=6; OW=6,patch_extract_scatter: unfolded2d_copy_kernel,patch_extract_scatter,,NONE,1,0,CUB/Thrust,gather/scatter/select or sort/reduce-by-key primitives,BUILDING_BLOCKS_ONLY,indexing stages,"bounds/negative indices, duplicate destinations, atomic reduction, determinism and write order",index arrays and flattened affine addressing; patch operations need index generation,indexed-op semantic matcher + collision proof or reduce-by-key composition,HIGH,MEDIUM,,https://nvidia.github.io/cccl/unstable/cub/api/device.html,cuTENSOR/cuDNN only when the indexing operation specializes to a regular affine tensor op,LIBRARY_BACKEND_ABSENT,MULTI_CALL_COMPOSITION_NOT_MATCHER_ONLY
aten_uniform_cpu,aten/src/ATen/native/cpu/DistributionKernels.cpp,uniform_kernel,issues/aten_c_kernels/aten_uniform_cpu.c,float,N=4096,random_generation: uniform_kernel,random_generation,,NONE,1,0,cuRAND,uniform/normal/lognormal/Poisson/Sobol generators,SUBSET_WITH_CONSTRAINTS,random draw stage or whole distribution subset,"ATen Philox generator state, seed/offset advancement, reproducibility and exact transform must match",cuRAND output type/count/alignment; many distributions need a transform,RNG-state proof + cuRAND backend; compose unsupported transforms,HIGH,LOW,,https://docs.nvidia.com/cuda/curand/host-api-overview.html,none identified with stronger whole-kernel semantics,LIBRARY_BACKEND_ABSENT,LEGALITY_SPECIALIZATION_AND_BACKEND
aten_unique_bool_cpu,aten/src/ATen/native/Unique.cpp,unique_cpu_bool_template,issues/aten_c_kernels/aten_unique_bool_cpu.c,int,N=1024,ordering_selection: unique_bool_template,ordering_selection,,NONE,0,1,CUB/Thrust,DeviceRadixSort/MergeSort/TopK/Select/RLE or binary search,BUILDING_BLOCKS_ONLY,sort/search/select stages,"stable ordering, NaNs, first-index/tie policy, multidimensional axes and returned indices",contiguous keys or explicit segments; arbitrary strided axes need layout conversion,finish raising residual loops; then CUB/Thrust backend + operation-specific composition,HIGH,MEDIUM,,https://nvidia.github.io/cccl/unstable/cub/api/device.html,cuTENSOR/cuDNN only when the indexing operation specializes to a regular affine tensor op,LIBRARY_BACKEND_ABSENT,RAISING_THEN_LIBRARY_LOWERING
aten_unique_consecutive_cpu,aten/src/ATen/native/Unique.cpp,unique_consecutive_cpu_template,issues/aten_c_kernels/aten_unique_consecutive_cpu.c,int,N=1024,ordering_selection: unique_consecutive_template,ordering_selection,,NONE,0,1,CUB/Thrust,DeviceRadixSort/MergeSort/TopK/Select/RLE or binary search,BUILDING_BLOCKS_ONLY,sort/search/select stages,"stable ordering, NaNs, first-index/tie policy, multidimensional axes and returned indices",contiguous keys or explicit segments; arbitrary strided axes need layout conversion,finish raising residual loops; then CUB/Thrust backend + operation-specific composition,HIGH,MEDIUM,,https://nvidia.github.io/cccl/unstable/cub/api/device.html,cuTENSOR/cuDNN only when the indexing operation specializes to a regular affine tensor op,LIBRARY_BACKEND_ABSENT,RAISING_THEN_LIBRARY_LOWERING
aten_unique_dim_impl_cpu,aten/src/ATen/native/Unique.cpp,_unique_dim_cpu_impl,issues/aten_c_kernels/aten_unique_dim_impl_cpu.c,float/int,R=128; C=16,ordering_selection: _unique_dim_impl,ordering_selection,,NONE,3,1,CUB/Thrust,DeviceRadixSort/MergeSort/TopK/Select/RLE or binary search,BUILDING_BLOCKS_ONLY,sort/search/select stages,"stable ordering, NaNs, first-index/tie policy, multidimensional axes and returned indices",contiguous keys or explicit segments; arbitrary strided axes need layout conversion,finish raising residual loops; then CUB/Thrust backend + operation-specific composition,HIGH,MEDIUM,,https://nvidia.github.io/cccl/unstable/cub/api/device.html,cuTENSOR/cuDNN only when the indexing operation specializes to a regular affine tensor op,LIBRARY_BACKEND_ABSENT,RAISING_THEN_LIBRARY_LOWERING
aten_unique_dim_template_cpu,aten/src/ATen/native/Unique.cpp,_unique_dim_cpu_template,issues/aten_c_kernels/aten_unique_dim_template_cpu.c,float/int,R=128; C=16,ordering_selection: _unique_dim_template,ordering_selection,,NONE,3,1,CUB/Thrust,DeviceRadixSort/MergeSort/TopK/Select/RLE or binary search,BUILDING_BLOCKS_ONLY,sort/search/select stages,"stable ordering, NaNs, first-index/tie policy, multidimensional axes and returned indices",contiguous keys or explicit segments; arbitrary strided axes need layout conversion,finish raising residual loops; then CUB/Thrust backend + operation-specific composition,HIGH,MEDIUM,,https://nvidia.github.io/cccl/unstable/cub/api/device.html,cuTENSOR/cuDNN only when the indexing operation specializes to a regular affine tensor op,LIBRARY_BACKEND_ABSENT,RAISING_THEN_LIBRARY_LOWERING
aten_unique_sorted_cpu,aten/src/ATen/native/Unique.cpp,unique_cpu_sorted_template,issues/aten_c_kernels/aten_unique_sorted_cpu.c,int,N=1024,ordering_selection: unique_sorted_template,ordering_selection,,NONE,0,3,CUB/Thrust,DeviceRadixSort/MergeSort/TopK/Select/RLE or binary search,BUILDING_BLOCKS_ONLY,sort/search/select stages,"stable ordering, NaNs, first-index/tie policy, multidimensional axes and returned indices",contiguous keys or explicit segments; arbitrary strided axes need layout conversion,finish raising residual loops; then CUB/Thrust backend + operation-specific composition,HIGH,MEDIUM,,https://nvidia.github.io/cccl/unstable/cub/api/device.html,cuTENSOR/cuDNN only when the indexing operation specializes to a regular affine tensor op,LIBRARY_BACKEND_ABSENT,RAISING_THEN_LIBRARY_LOWERING
aten_unpack_pivots_cpu,aten/src/ATen/native/BatchLinearAlgebraKernel.cpp,unpack_pivots_cpu_kernel,issues/aten_c_kernels/aten_unpack_pivots_cpu.c,int,N=128,matrix_factorization: unpack_pivots_kernel,matrix_factorization,,NONE,1,1,cuSOLVER,dense eig/LU/QR helper APIs,BUILDING_BLOCKS_ONLY,factorization or helper stage,the extracted helper may only reflect/unpack pivots rather than perform the factorization,cuSOLVER column-major dense layouts/types/workspaces,finish raising residual loops; then recognize enclosing factorization; helper alone is not a cuSOLVER call,HIGH,LOW,,https://docs.nvidia.com/cuda/cusolver/contents.html,none identified with stronger whole-kernel semantics,LIBRARY_BACKEND_ABSENT,RAISING_THEN_LIBRARY_LOWERING
aten_unsafe_index_cpu,aten/src/ATen/native/TensorAdvancedIndexing.cpp,_unsafe_index,issues/aten_c_kernels/aten_unsafe_index_cpu.c,float/int,N=512,indexed_data_movement: _unsafe_index,indexed_data_movement,,NONE,1,0,CUB/Thrust,gather/scatter/select or sort/reduce-by-key primitives,BUILDING_BLOCKS_ONLY,indexing stages,"bounds/negative indices, duplicate destinations, atomic reduction, determinism and write order",index arrays and flattened affine addressing; patch operations need index generation,indexed-op semantic matcher + collision proof or reduce-by-key composition,HIGH,MEDIUM,,https://nvidia.github.io/cccl/unstable/cub/api/device.html,cuTENSOR/cuDNN only when the indexing operation specializes to a regular affine tensor op,LIBRARY_BACKEND_ABSENT,MULTI_CALL_COMPOSITION_NOT_MATCHER_ONLY
aten_upper_bound_cpu,aten/src/ATen/native/Bucketization.cpp,cus_upper_bound,issues/aten_c_kernels/aten_upper_bound_cpu.c,float/int,N=256; M=128,search: cus_upper_bound,search,,NONE,0,2,CUB/Thrust,DeviceRadixSort/MergeSort/TopK/Select/RLE or binary search,BUILDING_BLOCKS_ONLY,sort/search/select stages,"stable ordering, NaNs, first-index/tie policy, multidimensional axes and returned indices",contiguous keys or explicit segments; arbitrary strided axes need layout conversion,finish raising residual loops; then CUB/Thrust backend + operation-specific composition,HIGH,MEDIUM,,https://nvidia.github.io/cccl/unstable/cub/api/device.html,cuTENSOR/cuDNN only when the indexing operation specializes to a regular affine tensor op,LIBRARY_BACKEND_ABSENT,RAISING_THEN_LIBRARY_LOWERING
aten_upsample_bicubic2d_aa_backward_cpu,aten/src/ATen/native/cpu/UpSampleKernel.cpp,upsample_bicubic2d_aa_backward_kernel_impl,issues/aten_c_kernels/aten_upsample_bicubic2d_aa_backward_cpu.c,float,B=1; C=2; I0=4; O0=7; I1=5; O1=8,resampling: upsample_bicubic2d_aa_backward_kernel_impl,resampling,memset_zero_1D_f32,PARTIAL_STAGE_ONLY,3,3,NPP,nppiResize/nppiRemap,SUBSET_WITH_CONSTRAINTS,forward 2D image subset,"ATen grid normalization, padding mode, align_corners, antialias and backward are not generally identical",NPP 2D image channels/ROI/step and supported dtypes,finish raising residual loops; then specialize proven-compatible 2D forward cases; no generic one-call route,HIGH,LOW,,https://docs.nvidia.com/cuda/npp/,NPP for compatible 2D image cases; implicit-GEMM via cuBLAS/CUTLASS for convolution,LIBRARY_BACKEND_ABSENT,RAISING_THEN_LIBRARY_LOWERING
aten_upsample_bicubic2d_aa_cpu,aten/src/ATen/native/cpu/UpSampleKernel.cpp,upsample_bicubic2d_aa_kernel_impl,issues/aten_c_kernels/aten_upsample_bicubic2d_aa_cpu.c,float,B=1; C=2; I0=4; O0=7; I1=5; O1=8,resampling: upsample_bicubic2d_aa_kernel_impl,resampling,,NONE,2,3,NPP,nppiResize/nppiRemap,SUBSET_WITH_CONSTRAINTS,forward 2D image subset,"ATen grid normalization, padding mode, align_corners, antialias and backward are not generally identical",NPP 2D image channels/ROI/step and supported dtypes,finish raising residual loops; then specialize proven-compatible 2D forward cases; no generic one-call route,HIGH,LOW,,https://docs.nvidia.com/cuda/npp/,NPP for compatible 2D image cases; implicit-GEMM via cuBLAS/CUTLASS for convolution,LIBRARY_BACKEND_ABSENT,RAISING_THEN_LIBRARY_LOWERING
aten_upsample_bicubic2d_backward_cpu,aten/src/ATen/native/UpSampleBicubic2d.cpp,upsample_bicubic2d_backward_out_frame,issues/aten_c_kernels/aten_upsample_bicubic2d_backward_cpu.c,float,OH=8; OW=8; IH=5; IW=5,resampling: upsample_bicubic2d_backward_frame,resampling,memset_zero_1D_f32,PARTIAL_STAGE_ONLY,1,2,NPP,nppiResize/nppiRemap,SUBSET_WITH_CONSTRAINTS,forward 2D image subset,"ATen grid normalization, padding mode, align_corners, antialias and backward are not generally identical",NPP 2D image channels/ROI/step and supported dtypes,finish raising residual loops; then specialize proven-compatible 2D forward cases; no generic one-call route,HIGH,LOW,,https://docs.nvidia.com/cuda/npp/,NPP for compatible 2D image cases; implicit-GEMM via cuBLAS/CUTLASS for convolution,LIBRARY_BACKEND_ABSENT,RAISING_THEN_LIBRARY_LOWERING
aten_upsample_bicubic2d_cpu,aten/src/ATen/native/cpu/UpSampleKernel.cpp,upsample_bicubic2d_kernel_impl,issues/aten_c_kernels/aten_upsample_bicubic2d_cpu.c,float,B=1; C=2; I0=4; O0=7; I1=5; O1=8,resampling: upsample_bicubic2d_kernel_impl,resampling,,NONE,0,5,NPP,nppiResize/nppiRemap,SUBSET_WITH_CONSTRAINTS,forward 2D image subset,"ATen grid normalization, padding mode, align_corners, antialias and backward are not generally identical",NPP 2D image channels/ROI/step and supported dtypes,finish raising residual loops; then specialize proven-compatible 2D forward cases; no generic one-call route,HIGH,LOW,,https://docs.nvidia.com/cuda/npp/,NPP for compatible 2D image cases; implicit-GEMM via cuBLAS/CUTLASS for convolution,LIBRARY_BACKEND_ABSENT,RAISING_THEN_LIBRARY_LOWERING
aten_upsample_bilinear2d,aten/src/ATen/native/UpSampleBilinear2d.cpp,upsample_bilinear2d,issues/aten_c_kernels/aten_upsample_bilinear2d.c,float,B=2; C=3; H=4; W=4,tensor_contraction: upsample_bilinear2d,tensor_contraction,,NONE,1,0,cuDNN,Resample forward/backward,SUBSET_WITH_CONSTRAINTS,whole for supported coordinate mode,"ATen align_corners, half-pixel/exact-nearest, antialias and backward accumulation must match",cuDNN supported rank/layout/dtype and interpolation modes,coordinate-mode proof + resample descriptor lowering,HIGH,HIGH,,https://docs.nvidia.com/deeplearning/cudnn/latest/index.html,cuTensorNet for larger contraction networks; cuBLAS when flattenable to GEMM,RELATED_CUDNN_WRAPPERS_PRESENT_NEED_GENERALIZATION,LEGALITY_SPECIALIZATION_AND_BACKEND
aten_upsample_bilinear2d_aa_backward_cpu,aten/src/ATen/native/cpu/UpSampleKernel.cpp,upsample_bilinear2d_aa_backward_kernel_impl,issues/aten_c_kernels/aten_upsample_bilinear2d_aa_backward_cpu.c,float,B=1; C=2; I0=4; O0=7; I1=5; O1=8,tensor_contraction: upsample_bilinear2d_aa_backward_kernel_impl,tensor_contraction,memset_zero_1D_f32,PARTIAL_STAGE_ONLY,3,3,cuDNN,Resample forward/backward,SUBSET_WITH_CONSTRAINTS,whole for supported coordinate mode,"ATen align_corners, half-pixel/exact-nearest, antialias and backward accumulation must match",cuDNN supported rank/layout/dtype and interpolation modes,finish raising residual loops; then coordinate-mode proof + resample descriptor lowering,HIGH,HIGH,,https://docs.nvidia.com/deeplearning/cudnn/latest/index.html,cuTensorNet for larger contraction networks; cuBLAS when flattenable to GEMM,RELATED_CUDNN_WRAPPERS_PRESENT_NEED_GENERALIZATION,RAISING_THEN_LIBRARY_LOWERING
aten_upsample_bilinear2d_aa_cpu,aten/src/ATen/native/cpu/UpSampleKernel.cpp,upsample_bilinear2d_aa_kernel_impl,issues/aten_c_kernels/aten_upsample_bilinear2d_aa_cpu.c,float,B=1; C=2; I0=4; O0=7; I1=5; O1=8,tensor_contraction: upsample_bilinear2d_aa_kernel_impl,tensor_contraction,,NONE,2,3,cuDNN,Resample forward/backward,SUBSET_WITH_CONSTRAINTS,whole for supported coordinate mode,"ATen align_corners, half-pixel/exact-nearest, antialias and backward accumulation must match",cuDNN supported rank/layout/dtype and interpolation modes,finish raising residual loops; then coordinate-mode proof + resample descriptor lowering,HIGH,HIGH,,https://docs.nvidia.com/deeplearning/cudnn/latest/index.html,cuTensorNet for larger contraction networks; cuBLAS when flattenable to GEMM,RELATED_CUDNN_WRAPPERS_PRESENT_NEED_GENERALIZATION,RAISING_THEN_LIBRARY_LOWERING
aten_upsample_bilinear2d_backward_cpu,aten/src/ATen/native/cpu/UpSampleMoreKernel.cpp,upsample_bilinear2d_backward_kernel_impl,issues/aten_c_kernels/aten_upsample_bilinear2d_backward_cpu.c,float,B=1; C=2; I0=4; O0=7; I1=5; O1=8,tensor_contraction: upsample_bilinear2d_backward_kernel_impl,tensor_contraction,memset_zero_1D_f32,PARTIAL_STAGE_ONLY,1,3,cuDNN,Resample forward/backward,SUBSET_WITH_CONSTRAINTS,whole for supported coordinate mode,"ATen align_corners, half-pixel/exact-nearest, antialias and backward accumulation must match",cuDNN supported rank/layout/dtype and interpolation modes,finish raising residual loops; then coordinate-mode proof + resample descriptor lowering,HIGH,HIGH,,https://docs.nvidia.com/deeplearning/cudnn/latest/index.html,cuTensorNet for larger contraction networks; cuBLAS when flattenable to GEMM,RELATED_CUDNN_WRAPPERS_PRESENT_NEED_GENERALIZATION,RAISING_THEN_LIBRARY_LOWERING
aten_upsample_bilinear2d_cpu,aten/src/ATen/native/cpu/UpSampleKernel.cpp,upsample_bilinear2d_kernel_impl,issues/aten_c_kernels/aten_upsample_bilinear2d_cpu.c,float,B=1; C=2; I0=4; O0=7; I1=5; O1=8,tensor_contraction: upsample_bilinear2d_kernel_impl,tensor_contraction,,NONE,1,0,cuDNN,Resample forward/backward,SUBSET_WITH_CONSTRAINTS,whole for supported coordinate mode,"ATen align_corners, half-pixel/exact-nearest, antialias and backward accumulation must match",cuDNN supported rank/layout/dtype and interpolation modes,coordinate-mode proof + resample descriptor lowering,HIGH,HIGH,,https://docs.nvidia.com/deeplearning/cudnn/latest/index.html,cuTensorNet for larger contraction networks; cuBLAS when flattenable to GEMM,RELATED_CUDNN_WRAPPERS_PRESENT_NEED_GENERALIZATION,LEGALITY_SPECIALIZATION_AND_BACKEND
aten_upsample_lanczos2d_aa_backward_cpu,aten/src/ATen/native/cpu/UpSampleKernel.cpp,upsample_lanczos2d_aa_backward_kernel_impl,issues/aten_c_kernels/aten_upsample_lanczos2d_aa_backward_cpu.c,float,B=1; C=2; I0=4; O0=7; I1=5; O1=8,resampling: upsample_lanczos2d_aa_backward_kernel_impl,resampling,memset_zero_1D_f32,PARTIAL_STAGE_ONLY,3,3,NPP,nppiResize/nppiRemap,SUBSET_WITH_CONSTRAINTS,forward 2D image subset,"ATen grid normalization, padding mode, align_corners, antialias and backward are not generally identical",NPP 2D image channels/ROI/step and supported dtypes,finish raising residual loops; then specialize proven-compatible 2D forward cases; no generic one-call route,HIGH,LOW,,https://docs.nvidia.com/cuda/npp/,NPP for compatible 2D image cases; implicit-GEMM via cuBLAS/CUTLASS for convolution,LIBRARY_BACKEND_ABSENT,RAISING_THEN_LIBRARY_LOWERING
aten_upsample_lanczos2d_aa_cpu,aten/src/ATen/native/cpu/UpSampleKernel.cpp,upsample_lanczos2d_aa_kernel_impl,issues/aten_c_kernels/aten_upsample_lanczos2d_aa_cpu.c,float,B=1; C=2; I0=4; O0=7; I1=5; O1=8,resampling: upsample_lanczos2d_aa_kernel_impl,resampling,,NONE,2,3,NPP,nppiResize/nppiRemap,SUBSET_WITH_CONSTRAINTS,forward 2D image subset,"ATen grid normalization, padding mode, align_corners, antialias and backward are not generally identical",NPP 2D image channels/ROI/step and supported dtypes,finish raising residual loops; then specialize proven-compatible 2D forward cases; no generic one-call route,HIGH,LOW,,https://docs.nvidia.com/cuda/npp/,NPP for compatible 2D image cases; implicit-GEMM via cuBLAS/CUTLASS for convolution,LIBRARY_BACKEND_ABSENT,RAISING_THEN_LIBRARY_LOWERING
aten_upsample_linear1d_backward_cpu,aten/src/ATen/native/cpu/UpSampleMoreKernel.cpp,upsample_linear1d_backward_kernel_impl,issues/aten_c_kernels/aten_upsample_linear1d_backward_cpu.c,float,B=1; C=2; I0=4; O0=7,resampling: upsample_linear1d_backward_kernel_impl,resampling,memset_zero_1D_f32,PARTIAL_STAGE_ONLY,1,2,cuDNN,Resample forward/backward,SUBSET_WITH_CONSTRAINTS,whole for supported coordinate mode,"ATen align_corners, half-pixel/exact-nearest, antialias and backward accumulation must match",cuDNN supported rank/layout/dtype and interpolation modes,finish raising residual loops; then coordinate-mode proof + resample descriptor lowering,HIGH,HIGH,,https://docs.nvidia.com/deeplearning/cudnn/latest/index.html,NPP for compatible 2D image cases; implicit-GEMM via cuBLAS/CUTLASS for convolution,RELATED_CUDNN_WRAPPERS_PRESENT_NEED_GENERALIZATION,RAISING_THEN_LIBRARY_LOWERING
aten_upsample_linear1d_cpu,aten/src/ATen/native/cpu/UpSampleKernel.cpp,upsample_linear1d_kernel_impl,issues/aten_c_kernels/aten_upsample_linear1d_cpu.c,float,B=1; C=2; I0=4; O0=7,resampling: upsample_linear1d_kernel_impl,resampling,,NONE,1,0,cuDNN,Resample forward/backward,SUBSET_WITH_CONSTRAINTS,whole for supported coordinate mode,"ATen align_corners, half-pixel/exact-nearest, antialias and backward accumulation must match",cuDNN supported rank/layout/dtype and interpolation modes,coordinate-mode proof + resample descriptor lowering,HIGH,HIGH,,https://docs.nvidia.com/deeplearning/cudnn/latest/index.html,NPP for compatible 2D image cases; implicit-GEMM via cuBLAS/CUTLASS for convolution,RELATED_CUDNN_WRAPPERS_PRESENT_NEED_GENERALIZATION,LEGALITY_SPECIALIZATION_AND_BACKEND
aten_upsample_nearest1d_backward_cpu,aten/src/ATen/native/cpu/UpSampleMoreKernel.cpp,upsample_nearest1d_backward_kernel_impl,issues/aten_c_kernels/aten_upsample_nearest1d_backward_cpu.c,float,B=1; C=2; I0=4; O0=7,resampling: upsample_nearest1d_backward_kernel_impl,resampling,memset_zero_1D_f32,PARTIAL_STAGE_ONLY,1,2,cuDNN,Resample forward/backward,SUBSET_WITH_CONSTRAINTS,whole for supported coordinate mode,"ATen align_corners, half-pixel/exact-nearest, antialias and backward accumulation must match",cuDNN supported rank/layout/dtype and interpolation modes,finish raising residual loops; then coordinate-mode proof + resample descriptor lowering,HIGH,HIGH,,https://docs.nvidia.com/deeplearning/cudnn/latest/index.html,NPP for compatible 2D image cases; implicit-GEMM via cuBLAS/CUTLASS for convolution,RELATED_CUDNN_WRAPPERS_PRESENT_NEED_GENERALIZATION,RAISING_THEN_LIBRARY_LOWERING
aten_upsample_nearest1d_cpu,aten/src/ATen/native/cpu/UpSampleKernel.cpp,upsample_nearest1d_kernel_impl,issues/aten_c_kernels/aten_upsample_nearest1d_cpu.c,float,B=1; C=2; I0=4; O0=7,resampling: upsample_nearest1d_kernel_impl,resampling,,NONE,1,0,cuDNN,Resample forward/backward,SUBSET_WITH_CONSTRAINTS,whole for supported coordinate mode,"ATen align_corners, half-pixel/exact-nearest, antialias and backward accumulation must match",cuDNN supported rank/layout/dtype and interpolation modes,coordinate-mode proof + resample descriptor lowering,HIGH,HIGH,,https://docs.nvidia.com/deeplearning/cudnn/latest/index.html,NPP for compatible 2D image cases; implicit-GEMM via cuBLAS/CUTLASS for convolution,RELATED_CUDNN_WRAPPERS_PRESENT_NEED_GENERALIZATION,LEGALITY_SPECIALIZATION_AND_BACKEND
aten_upsample_nearest2d,aten/src/ATen/native/UpSampleNearest2d.cpp,upsample_nearest2d,issues/aten_c_kernels/aten_upsample_nearest2d.c,float,B=2; C=4; H=8; W=8; OH=(2; OW=(2,resampling: upsample_nearest2d,resampling,,NONE,1,0,cuDNN,Resample forward/backward,SUBSET_WITH_CONSTRAINTS,whole for supported coordinate mode,"ATen align_corners, half-pixel/exact-nearest, antialias and backward accumulation must match",cuDNN supported rank/layout/dtype and interpolation modes,coordinate-mode proof + resample descriptor lowering,HIGH,HIGH,,https://docs.nvidia.com/deeplearning/cudnn/latest/index.html,NPP for compatible 2D image cases; implicit-GEMM via cuBLAS/CUTLASS for convolution,RELATED_CUDNN_WRAPPERS_PRESENT_NEED_GENERALIZATION,LEGALITY_SPECIALIZATION_AND_BACKEND
aten_upsample_nearest2d_backward_cpu,aten/src/ATen/native/cpu/UpSampleMoreKernel.cpp,upsample_nearest2d_backward_kernel_impl,issues/aten_c_kernels/aten_upsample_nearest2d_backward_cpu.c,float,B=1; C=2; I0=4; O0=7; I1=5; O1=8,resampling: upsample_nearest2d_backward_kernel_impl,resampling,memset_zero_1D_f32,PARTIAL_STAGE_ONLY,1,3,cuDNN,Resample forward/backward,SUBSET_WITH_CONSTRAINTS,whole for supported coordinate mode,"ATen align_corners, half-pixel/exact-nearest, antialias and backward accumulation must match",cuDNN supported rank/layout/dtype and interpolation modes,finish raising residual loops; then coordinate-mode proof + resample descriptor lowering,HIGH,HIGH,,https://docs.nvidia.com/deeplearning/cudnn/latest/index.html,NPP for compatible 2D image cases; implicit-GEMM via cuBLAS/CUTLASS for convolution,RELATED_CUDNN_WRAPPERS_PRESENT_NEED_GENERALIZATION,RAISING_THEN_LIBRARY_LOWERING
aten_upsample_nearest2d_cpu,aten/src/ATen/native/cpu/UpSampleKernel.cpp,upsample_nearest2d_kernel_impl,issues/aten_c_kernels/aten_upsample_nearest2d_cpu.c,float,B=1; C=2; I0=4; O0=7; I1=5; O1=8,resampling: upsample_nearest2d_kernel_impl,resampling,,NONE,1,0,cuDNN,Resample forward/backward,SUBSET_WITH_CONSTRAINTS,whole for supported coordinate mode,"ATen align_corners, half-pixel/exact-nearest, antialias and backward accumulation must match",cuDNN supported rank/layout/dtype and interpolation modes,coordinate-mode proof + resample descriptor lowering,HIGH,HIGH,,https://docs.nvidia.com/deeplearning/cudnn/latest/index.html,NPP for compatible 2D image cases; implicit-GEMM via cuBLAS/CUTLASS for convolution,RELATED_CUDNN_WRAPPERS_PRESENT_NEED_GENERALIZATION,LEGALITY_SPECIALIZATION_AND_BACKEND
aten_upsample_nearest3d_backward_cpu,aten/src/ATen/native/cpu/UpSampleMoreKernel.cpp,upsample_nearest3d_backward_kernel_impl,issues/aten_c_kernels/aten_upsample_nearest3d_backward_cpu.c,float,B=1; C=2; I0=4; O0=7; I1=5; O1=8; I2=6; O2=9,resampling: upsample_nearest3d_backward_kernel_impl,resampling,memset_zero_1D_f32,PARTIAL_STAGE_ONLY,1,4,cuDNN,Resample forward/backward,SUBSET_WITH_CONSTRAINTS,whole for supported coordinate mode,"ATen align_corners, half-pixel/exact-nearest, antialias and backward accumulation must match",cuDNN supported rank/layout/dtype and interpolation modes,finish raising residual loops; then coordinate-mode proof + resample descriptor lowering,HIGH,HIGH,,https://docs.nvidia.com/deeplearning/cudnn/latest/index.html,NPP for compatible 2D image cases; implicit-GEMM via cuBLAS/CUTLASS for convolution,RELATED_CUDNN_WRAPPERS_PRESENT_NEED_GENERALIZATION,RAISING_THEN_LIBRARY_LOWERING
aten_upsample_nearest3d_cpu,aten/src/ATen/native/cpu/UpSampleKernel.cpp,upsample_nearest3d_kernel_impl,issues/aten_c_kernels/aten_upsample_nearest3d_cpu.c,float,B=1; C=2; I0=4; O0=7; I1=5; O1=8; I2=6; O2=9,resampling: upsample_nearest3d_kernel_impl,resampling,,NONE,1,0,cuDNN,Resample forward/backward,SUBSET_WITH_CONSTRAINTS,whole for supported coordinate mode,"ATen align_corners, half-pixel/exact-nearest, antialias and backward accumulation must match",cuDNN supported rank/layout/dtype and interpolation modes,coordinate-mode proof + resample descriptor lowering,HIGH,HIGH,,https://docs.nvidia.com/deeplearning/cudnn/latest/index.html,NPP for compatible 2D image cases; implicit-GEMM via cuBLAS/CUTLASS for convolution,RELATED_CUDNN_WRAPPERS_PRESENT_NEED_GENERALIZATION,LEGALITY_SPECIALIZATION_AND_BACKEND
aten_upsample_nearest_exact1d_backward_cpu,aten/src/ATen/native/cpu/UpSampleMoreKernel.cpp,_upsample_nearest_exact1d_backward_kernel_impl,issues/aten_c_kernels/aten_upsample_nearest_exact1d_backward_cpu.c,float,B=1; C=2; I0=4; O0=7,resampling: _upsample_nearest_exact1d_backward_kernel_impl,resampling,memset_zero_1D_f32,PARTIAL_STAGE_ONLY,1,2,cuDNN,Resample forward/backward,SUBSET_WITH_CONSTRAINTS,whole for supported coordinate mode,"ATen align_corners, half-pixel/exact-nearest, antialias and backward accumulation must match",cuDNN supported rank/layout/dtype and interpolation modes,finish raising residual loops; then coordinate-mode proof + resample descriptor lowering,HIGH,HIGH,,https://docs.nvidia.com/deeplearning/cudnn/latest/index.html,NPP for compatible 2D image cases; implicit-GEMM via cuBLAS/CUTLASS for convolution,RELATED_CUDNN_WRAPPERS_PRESENT_NEED_GENERALIZATION,RAISING_THEN_LIBRARY_LOWERING
aten_upsample_nearest_exact1d_cpu,aten/src/ATen/native/cpu/UpSampleKernel.cpp,_upsample_nearest_exact1d_kernel_impl,issues/aten_c_kernels/aten_upsample_nearest_exact1d_cpu.c,float,B=1; C=2; I0=4; O0=7,resampling: _upsample_nearest_exact1d_kernel_impl,resampling,,NONE,1,0,cuDNN,Resample forward/backward,SUBSET_WITH_CONSTRAINTS,whole for supported coordinate mode,"ATen align_corners, half-pixel/exact-nearest, antialias and backward accumulation must match",cuDNN supported rank/layout/dtype and interpolation modes,coordinate-mode proof + resample descriptor lowering,HIGH,HIGH,,https://docs.nvidia.com/deeplearning/cudnn/latest/index.html,NPP for compatible 2D image cases; implicit-GEMM via cuBLAS/CUTLASS for convolution,RELATED_CUDNN_WRAPPERS_PRESENT_NEED_GENERALIZATION,LEGALITY_SPECIALIZATION_AND_BACKEND
aten_upsample_nearest_exact2d_backward_cpu,aten/src/ATen/native/cpu/UpSampleMoreKernel.cpp,_upsample_nearest_exact2d_backward_kernel_impl,issues/aten_c_kernels/aten_upsample_nearest_exact2d_backward_cpu.c,float,B=1; C=2; I0=4; O0=7; I1=5; O1=8,resampling: _upsample_nearest_exact2d_backward_kernel_impl,resampling,memset_zero_1D_f32,PARTIAL_STAGE_ONLY,1,3,cuDNN,Resample forward/backward,SUBSET_WITH_CONSTRAINTS,whole for supported coordinate mode,"ATen align_corners, half-pixel/exact-nearest, antialias and backward accumulation must match",cuDNN supported rank/layout/dtype and interpolation modes,finish raising residual loops; then coordinate-mode proof + resample descriptor lowering,HIGH,HIGH,,https://docs.nvidia.com/deeplearning/cudnn/latest/index.html,NPP for compatible 2D image cases; implicit-GEMM via cuBLAS/CUTLASS for convolution,RELATED_CUDNN_WRAPPERS_PRESENT_NEED_GENERALIZATION,RAISING_THEN_LIBRARY_LOWERING
aten_upsample_nearest_exact2d_cpu,aten/src/ATen/native/cpu/UpSampleKernel.cpp,_upsample_nearest_exact2d_kernel_impl,issues/aten_c_kernels/aten_upsample_nearest_exact2d_cpu.c,float,B=1; C=2; I0=4; O0=7; I1=5; O1=8,resampling: _upsample_nearest_exact2d_kernel_impl,resampling,,NONE,1,0,cuDNN,Resample forward/backward,SUBSET_WITH_CONSTRAINTS,whole for supported coordinate mode,"ATen align_corners, half-pixel/exact-nearest, antialias and backward accumulation must match",cuDNN supported rank/layout/dtype and interpolation modes,coordinate-mode proof + resample descriptor lowering,HIGH,HIGH,,https://docs.nvidia.com/deeplearning/cudnn/latest/index.html,NPP for compatible 2D image cases; implicit-GEMM via cuBLAS/CUTLASS for convolution,RELATED_CUDNN_WRAPPERS_PRESENT_NEED_GENERALIZATION,LEGALITY_SPECIALIZATION_AND_BACKEND
aten_upsample_nearest_exact3d_backward_cpu,aten/src/ATen/native/cpu/UpSampleMoreKernel.cpp,_upsample_nearest_exact3d_backward_kernel_impl,issues/aten_c_kernels/aten_upsample_nearest_exact3d_backward_cpu.c,float,B=1; C=2; I0=4; O0=7; I1=5; O1=8; I2=6; O2=9,resampling: _upsample_nearest_exact3d_backward_kernel_impl,resampling,memset_zero_1D_f32,PARTIAL_STAGE_ONLY,1,4,cuDNN,Resample forward/backward,SUBSET_WITH_CONSTRAINTS,whole for supported coordinate mode,"ATen align_corners, half-pixel/exact-nearest, antialias and backward accumulation must match",cuDNN supported rank/layout/dtype and interpolation modes,finish raising residual loops; then coordinate-mode proof + resample descriptor lowering,HIGH,HIGH,,https://docs.nvidia.com/deeplearning/cudnn/latest/index.html,NPP for compatible 2D image cases; implicit-GEMM via cuBLAS/CUTLASS for convolution,RELATED_CUDNN_WRAPPERS_PRESENT_NEED_GENERALIZATION,RAISING_THEN_LIBRARY_LOWERING
aten_upsample_nearest_exact3d_cpu,aten/src/ATen/native/cpu/UpSampleKernel.cpp,_upsample_nearest_exact3d_kernel_impl,issues/aten_c_kernels/aten_upsample_nearest_exact3d_cpu.c,float,B=1; C=2; I0=4; O0=7; I1=5; O1=8; I2=6; O2=9,resampling: _upsample_nearest_exact3d_kernel_impl,resampling,,NONE,1,0,cuDNN,Resample forward/backward,SUBSET_WITH_CONSTRAINTS,whole for supported coordinate mode,"ATen align_corners, half-pixel/exact-nearest, antialias and backward accumulation must match",cuDNN supported rank/layout/dtype and interpolation modes,coordinate-mode proof + resample descriptor lowering,HIGH,HIGH,,https://docs.nvidia.com/deeplearning/cudnn/latest/index.html,NPP for compatible 2D image cases; implicit-GEMM via cuBLAS/CUTLASS for convolution,RELATED_CUDNN_WRAPPERS_PRESENT_NEED_GENERALIZATION,LEGALITY_SPECIALIZATION_AND_BACKEND
aten_upsample_trilinear3d_backward_cpu,aten/src/ATen/native/cpu/UpSampleMoreKernel.cpp,upsample_trilinear3d_backward_kernel_impl,issues/aten_c_kernels/aten_upsample_trilinear3d_backward_cpu.c,float,B=1; C=2; I0=4; O0=7; I1=5; O1=8; I2=6; O2=9,tensor_contraction: upsample_trilinear3d_backward_kernel_impl,tensor_contraction,memset_zero_1D_f32,PARTIAL_STAGE_ONLY,1,4,NPP,nppiResize/nppiRemap,SUBSET_WITH_CONSTRAINTS,forward 2D image subset,"ATen grid normalization, padding mode, align_corners, antialias and backward are not generally identical",NPP 2D image channels/ROI/step and supported dtypes,finish raising residual loops; then specialize proven-compatible 2D forward cases; no generic one-call route,HIGH,LOW,,https://docs.nvidia.com/cuda/npp/,cuTensorNet for larger contraction networks; cuBLAS when flattenable to GEMM,LIBRARY_BACKEND_ABSENT,RAISING_THEN_LIBRARY_LOWERING
aten_upsample_trilinear3d_cpu,aten/src/ATen/native/cpu/UpSampleKernel.cpp,upsample_trilinear3d_kernel_impl,issues/aten_c_kernels/aten_upsample_trilinear3d_cpu.c,float,B=1; C=2; I0=4; O0=7; I1=5; O1=8; I2=6; O2=9,tensor_contraction: upsample_trilinear3d_kernel_impl,tensor_contraction,,NONE,1,0,NPP,nppiResize/nppiRemap,SUBSET_WITH_CONSTRAINTS,forward 2D image subset,"ATen grid normalization, padding mode, align_corners, antialias and backward are not generally identical",NPP 2D image channels/ROI/step and supported dtypes,specialize proven-compatible 2D forward cases; no generic one-call route,HIGH,LOW,,https://docs.nvidia.com/cuda/npp/,cuTensorNet for larger contraction networks; cuBLAS when flattenable to GEMM,LIBRARY_BACKEND_ABSENT,LEGALITY_SPECIALIZATION_AND_BACKEND
aten_vector_norm_out_cpu,aten/src/ATen/native/LinearAlgebra.cpp,linalg_vector_norm_out,issues/aten_c_kernels/aten_vector_norm_out_cpu.c,float,R=32; C=64,reduction: linalg_vector_norm,reduction,"cutensorUnary_sqrt_f32,memset_zero_1D_f32",PARTIAL_STAGE_ONLY,3,0,cuTENSOR,cutensorCreateReduction plus elementwise stages,BUILDING_BLOCKS_ONLY,reduction stage,variance/norm/mean scaling or nested metadata requires extra stages; reduction order may differ,regular affine tensor modes/strides and supported reduction operator,"preserve current partial match and partition residual graph; then raise stages, partition graph, and lower generic reduction descriptors",HIGH,MEDIUM,,https://docs.nvidia.com/cuda/cutensor/latest/api/cutensor.html,CUB segmented/device reduction; cuDNN graph; NPP flat-signal statistics,GENERAL_CUTENSOR_BACKEND_ABSENT_CUTENSORNET_IS_NOT_EQUIVALENT,GRAPH_PARTITION_RESIDUAL_THEN_LIBRARY_LOWERING
aten_weight_norm_backward_cpu,aten/src/ATen/native/cpu/WeightNormKernel.cpp,weight_norm_backward_kernel,issues/aten_c_kernels/aten_weight_norm_backward_cpu.c,float,B=4; C=8; S=32,normalization: weight_norm_backward_kernel,normalization,cublasSdot,PARTIAL_STAGE_ONLY,2,1,cuDNN,Batch/Layer/Group normalization graph,SUBSET_WITH_CONSTRAINTS,whole for supported normalization; otherwise normalization stages,"epsilon, training/inference, saved statistics, unbiased variance and backward outputs",cuDNN normalization layout/type/alignment restrictions,finish raising residual loops; then normalization semantic matcher + cuDNN graph-plan backend,HIGH,HIGH,,https://docs.nvidia.com/deeplearning/cudnn/latest/index.html,CUB segmented/device reduction; cuDNN graph; NPP flat-signal statistics,GENERAL_CUDNN_GRAPH_BACKEND_ABSENT,RAISING_THEN_LIBRARY_LOWERING
aten_weight_norm_cpu,aten/src/ATen/native/cpu/WeightNormKernel.cpp,weight_norm_kernel,issues/aten_c_kernels/aten_weight_norm_cpu.c,float,B=4; C=8; S=32,normalization: weight_norm_kernel,normalization,,NONE,2,1,cuDNN,Batch/Layer/Group normalization graph,SUBSET_WITH_CONSTRAINTS,whole for supported normalization; otherwise normalization stages,"epsilon, training/inference, saved statistics, unbiased variance and backward outputs",cuDNN normalization layout/type/alignment restrictions,finish raising residual loops; then normalization semantic matcher + cuDNN graph-plan backend,HIGH,HIGH,,https://docs.nvidia.com/deeplearning/cudnn/latest/index.html,CUB segmented/device reduction; cuDNN graph; NPP flat-signal statistics,GENERAL_CUDNN_GRAPH_BACKEND_ABSENT,RAISING_THEN_LIBRARY_LOWERING
aten_weight_to_int4pack_cpu,aten/src/ATen/native/cpu/int4mm_kernel.cpp,weight_to_int4pack_kernel,issues/aten_c_kernels/aten_weight_to_int4pack_cpu.c,unknown,M=32; K=64; N=48,compound_or_specialized: weight_to_int4pack_kernel,compound_or_specialized,,NONE,0,2,none,no public whole-tensor NVIDIA library operation,NO_PUBLIC_LIBRARY_EQUIVALENT,none,scalar CUDA math/libdevice or recurrences are not a host-callable tensor library implementation,not applicable,finish raising residual loops; then retain raised code or permit a generated/custom GPU kernel,HIGH,NONE,A scalar device function may exist; that is not a link-only tensor-library lowering.,,scalar CUDA math/libdevice or generated kernel (not a link-only tensor API),NO_PUBLIC_LIBRARY_BACKEND_POSSIBLE,RAISING_THEN_LIBRARY_LOWERING
aten_where_cpu,aten/src/ATen/native/cpu/TensorCompareKernel.cpp,where_kernel_impl,issues/aten_c_kernels/aten_where_cpu.c,float/int,N=4096,indexed_data_movement: where_kernel_impl,indexed_data_movement,,NONE,1,0,CUB/Thrust,gather/scatter/select or sort/reduce-by-key primitives,BUILDING_BLOCKS_ONLY,indexing stages,"bounds/negative indices, duplicate destinations, atomic reduction, determinism and write order",index arrays and flattened affine addressing; patch operations need index generation,indexed-op semantic matcher + collision proof or reduce-by-key composition,HIGH,MEDIUM,,https://nvidia.github.io/cccl/unstable/cub/api/device.html,cuTENSOR/cuDNN only when the indexing operation specializes to a regular affine tensor op,LIBRARY_BACKEND_ABSENT,MULTI_CALL_COMPOSITION_NOT_MATCHER_ONLY
aten_xlog1py,aten/src/ATen/native/cpu/BinaryOpsKernel.cpp,xlog1py_kernel,issues/aten_c_kernels/aten_xlog1py.c,float,N=4096,pointwise_reduction_formula: xlog1py_kernel,pointwise_reduction_formula,,NONE,1,0,cuDNN,pointwise operations + reduction operation graph,EXACT_GRAPH_IF_SUPPORTED,whole if graph accepted,"body operations, NaN policy, reduction identity and reassociation must match",cuDNN supported modes/types/layout/alignment; fusion engines do not accept every arbitrary graph,extract expression DAG + graph legality/cost check + cuDNN plan lowering,HIGH,MEDIUM,,https://docs.nvidia.com/deeplearning/cudnn/latest/index.html,cuTENSOR for its fixed unary/binary operator subset; NPP for flat supported signals; Thrust transform,GENERAL_CUDNN_GRAPH_BACKEND_ABSENT,SEMANTIC_MATCHER_AND_LIBRARY_BACKEND
aten_xlogy,aten/src/ATen/native/cpu/BinaryOpsKernel.cpp,xlogy_kernel,issues/aten_c_kernels/aten_xlogy.c,float,N=4096,pointwise_reduction_formula: xlogy_kernel,pointwise_reduction_formula,,NONE,1,0,cuDNN,pointwise operations + reduction operation graph,EXACT_GRAPH_IF_SUPPORTED,whole if graph accepted,"body operations, NaN policy, reduction identity and reassociation must match",cuDNN supported modes/types/layout/alignment; fusion engines do not accept every arbitrary graph,extract expression DAG + graph legality/cost check + cuDNN plan lowering,HIGH,MEDIUM,,https://docs.nvidia.com/deeplearning/cudnn/latest/index.html,cuTENSOR for its fixed unary/binary operator subset; NPP for flat supported signals; Thrust transform,GENERAL_CUDNN_GRAPH_BACKEND_ABSENT,SEMANTIC_MATCHER_AND_LIBRARY_BACKEND
aten_xor_sum_cpu,aten/src/ATen/native/cpu/ReduceOpsKernel.cpp,xor_sum_kernel_impl,issues/aten_c_kernels/aten_xor_sum_cpu.c,int,R=32; K=64,reduction: xor_sum_kernel_impl,reduction,,NONE,2,0,CUB/Thrust,DeviceReduce with logical/bitwise operator,SUBSET_WITH_CONSTRAINTS,whole for a flat/segmented supported type,"logical versus bitwise interpretation, identity, integer type and empty input",flattened contiguous range or explicit tensor-axis segments,CUB reduction backend + boolean/integer semantic matcher,HIGH,MEDIUM,,https://nvidia.github.io/cccl/unstable/cub/api/device.html,CUB segmented/device reduction; cuDNN graph; NPP flat-signal statistics,LIBRARY_BACKEND_ABSENT,LEGALITY_SPECIALIZATION_AND_BACKEND
aten_zeta,aten/src/ATen/native/cpu/BinaryOpsKernel.cpp,zeta_kernel,issues/aten_c_kernels/aten_zeta.c,float,N=4096,special_function: zeta_kernel,special_function,,NONE,1,0,none,no public whole-tensor NVIDIA library operation,NO_PUBLIC_LIBRARY_EQUIVALENT,none,scalar CUDA math/libdevice or recurrences are not a host-callable tensor library implementation,not applicable,retain raised code or permit a generated/custom GPU kernel,HIGH,NONE,A scalar device function may exist; that is not a link-only tensor-library lowering.,,scalar CUDA math/libdevice or generated kernel (not a link-only tensor API),NO_PUBLIC_LIBRARY_BACKEND_POSSIBLE,NO_LINK_ONLY_LIBRARY_ROUTE
